-- phpMyAdmin SQL Dump
-- version 4.9.1
-- https://www.phpmyadmin.net/
--
-- Máy chủ: localhost
-- Thời gian đã tạo: Th5 15, 2020 lúc 04:51 PM
-- Phiên bản máy phục vụ: 8.0.17
-- Phiên bản PHP: 7.3.10

SET SQL_MODE = "NO_AUTO_VALUE_ON_ZERO";
SET AUTOCOMMIT = 0;
START TRANSACTION;
SET time_zone = "+00:00";


/*!40101 SET @OLD_CHARACTER_SET_CLIENT=@@CHARACTER_SET_CLIENT */;
/*!40101 SET @OLD_CHARACTER_SET_RESULTS=@@CHARACTER_SET_RESULTS */;
/*!40101 SET @OLD_COLLATION_CONNECTION=@@COLLATION_CONNECTION */;
/*!40101 SET NAMES utf8mb4 */;

--
-- Cơ sở dữ liệu: `hopam`
--

-- --------------------------------------------------------

--
-- Cấu trúc bảng cho bảng `cat`
--

CREATE TABLE `cat` (
  `id` int(11) NOT NULL,
  `cat_name` varchar(25) CHARACTER SET utf8 COLLATE utf8_general_ci NOT NULL,
  `cat_slug` varchar(25) CHARACTER SET utf8 COLLATE utf8_general_ci NOT NULL
) ENGINE=InnoDB DEFAULT CHARSET=utf8;

--
-- Đang đổ dữ liệu cho bảng `cat`
--

INSERT INTO `cat` (`id`, `cat_name`, `cat_slug`) VALUES
(38, 'bộ lễ - kinh nguyện', 'bo-le-kinh-nguyen'),
(39, 'chúa ba ngôi', 'chua-ba-ngoi'),
(40, 'chúa ki-tô vua', 'chua-ki-to-vua'),
(41, 'chúa thánh thần', 'chua-thanh-than'),
(42, 'đức mẹ', 'duc-me'),
(43, 'đức mẹ (dâng hoa)', 'duc-me-dang-hoa'),
(44, 'các thánh', 'cac-thanh'),
(45, 'cha mẹ', 'cha-me'),
(46, 'gia đình', 'gia-dinh'),
(48, 'mùa vọng', 'mua-vong'),
(49, 'mùa giáng sinh', 'mua-giang-sinh'),
(50, 'mùa chay', 'mua-chay'),
(52, 'mùa phục sinh', 'mua-phuc-sinh'),
(54, 'thánh thể - thánh tâm', 'thanh-the-thanh-tam'),
(55, 'thánh vịnh - đáp ca', 'thanh-vinh-dap-ca'),
(57, 'tận hiến', 'tan-hien'),
(58, 'hôn phối', 'hon-phoi'),
(59, 'cầu hồn', 'cau-hon'),
(60, 'xuân', 'xuan'),
(61, 'lòng thương xót chúa', 'long-thuong-xot-chua'),
(62, 'mùa thường niên', 'mua-thuong-nien'),
(63, 'Ân Đức', 'an-duc'),
(65, 'Cao Huy Hoàng', 'cao-huy-hoang'),
(66, 'Duy Thiên', 'duy-thien'),
(67, 'Đinh Công Huỳnh', 'dinh-cong-huynh'),
(69, 'Đỗ Vỹ Hạ', 'do-vy-ha'),
(70, 'Giang Ân', 'giang-an'),
(72, 'Hải Linh', 'hai-linh'),
(76, 'Hoài Đức', 'hoai-duc'),
(79, 'Hồng Trần - Phạm Đỉnh Đài', 'hong-tran-pham-dinh-dai'),
(82, 'Huỳnh Minh Kỳ', 'huynh-minh-ky'),
(84, 'Kim Long', 'kim-long'),
(87, 'Mai Nguyên Vũ', 'mai-nguyen-vu'),
(88, 'Mi Trầm', 'mi-tram'),
(91, 'Ngọc Hân', 'ngoc-han'),
(92, 'Ngọc Khánh', 'ngoc-khanh'),
(93, 'Ngọc Kôn', 'ngoc-kon'),
(94, 'Ngọc Linh', 'ngoc-linh'),
(95, 'Nguyễn Duy', 'nguyen-duy'),
(100, 'Nguyễn Mộng Huỳnh', 'nguyen-mong-huynh'),
(101, 'Nguyễn Văn Tuyên', 'nguyen-van-tuyen'),
(105, 'Phanxicô', 'phanxico'),
(106, 'Phương Anh', 'phuong-anh'),
(110, 'Thái Nguyên', 'thai-nguyen'),
(111, 'Thành Tâm', 'thanh-tam'),
(112, 'Thế Thông', 'the-thong'),
(114, 'Thông Vi Vu', 'thong-vi-vu'),
(116, 'Trầm Hương', 'tram-huong'),
(118, 'Trần Minh Hứa', 'tran-minh-hua'),
(119, 'Trinh Nguyên', 'trinh-nguyen'),
(120, 'Từ Duyên', 'tu-duyen'),
(121, 'Văn Chi', 'van-chi'),
(122, 'Văn Duy Tùng', 'van-duy-tung'),
(123, 'Viễn Xứ', 'vien-xu'),
(126, 'Vinh Hạnh', 'vinh-hanh'),
(127, 'Vũ Đình Ân', 'vu-dinh-an'),
(128, 'Vũ Đức Hiệp', 'vu-duc-hiep'),
(129, 'Xuân Thảo', 'xuan-thao'),
(130, 'Lê Đức Hùng', 'le-duc-hung'),
(131, 'Simon Phan Hùng', 'simon-phan-hung'),
(132, 'thánh ca vào đời', 'thanh-ca-vao-doi'),
(133, 'Huyền Linh', 'huyen-linh'),
(135, 'Hoàng Nam', 'hoang-nam'),
(136, 'Nguyễn Duy Vi', 'nguyen-duy-vi'),
(137, 'Phan Ngọc Hiến', 'phan-ngoc-hien'),
(138, 'Thy Yên', 'thy-yen'),
(139, 'Hoài Bắc', 'hoai-bac'),
(140, 'Phạm Liên Hùng', 'pham-lien-hung'),
(141, 'Gia Ân', 'gia-an'),
(142, 'Ý Vũ', 'y-vu'),
(143, 'hoàng phúc', 'hoang-phuc'),
(144, 'Phùng Minh Mẫn', 'phung-minh-man'),
(145, 'Tri Văn Vinh', 'tri-van-vinh'),
(146, 'Hạ Đăng', 'ha-dang'),
(147, 'Phụng Ca', 'phung-ca'),
(148, 'Lê Huy', 'le-huy'),
(149, 'Trần Sĩ Tín - Vũ Khôi Phụ', 'tran-si-tin-vu-khoi-phung'),
(150, 'Trần Mừng', 'tran-mung'),
(151, 'Tiến Nguyễn', 'tien-nguyen'),
(152, 'A', 'a'),
(153, 'B', 'b'),
(154, 'C', 'c'),
(155, 'D', 'd'),
(156, 'E', 'e'),
(157, 'F', 'f'),
(158, 'G', 'g'),
(159, 'H', 'h'),
(162, 'K', 'k'),
(163, 'L', 'l'),
(164, 'M', 'm'),
(165, 'N', 'n'),
(166, 'O', 'o'),
(167, 'P', 'p'),
(168, 'Q', 'q'),
(170, 'S', 's'),
(171, 'T', 't'),
(173, 'V', 'v'),
(175, 'X', 'x'),
(176, 'Y', 'y'),
(178, 'Trần Tuấn', 'tran-tuan'),
(179, 'Sơn Ca Linh', 'son-ca-linh'),
(180, 'Duy Tân', 'duy-tan'),
(181, 'Minh Châu', 'minh-chau'),
(182, 'Lâm Sơn Hải', 'lam-son-hai'),
(183, 'Phan Mạnh Quỳnh', 'phan-manh-quynh'),
(184, 'vào đời', 'vao-doi'),
(185, 'Thiên Ân', 'thien-an'),
(186, 'Xuân Tưởng', 'xuan-tuong'),
(187, 'Lê Phú Hải', 'le-phu-hai'),
(188, 'Triệu Hà', 'trieu-ha'),
(189, 'Chưa rõ tác giả', 'chua-ro-tac-gia'),
(190, 'Thanh Lâm', 'thanh-lam'),
(191, 'Vĩnh Phúc', 'vinh-phuc'),
(192, 'Trần Đăng Tuấn', 'tran-dang-tuan'),
(193, 'Vũ Mộng Thơ', 'vu-mong-tho'),
(194, 'Phaolô Kim', 'phaolo-kim'),
(195, 'Nguyễn Quang Hiển', 'nguyen-quang-hien'),
(196, 'Hùng Lân', 'hung-lan'),
(197, 'Mai Khanh', 'mai-khanh'),
(198, 'Nguyễn Đình Thôn', 'nguyen-dinh-thon'),
(199, 'Giang Tâm', 'giang-tam'),
(200, 'truyền giáo', 'truyen-giao'),
(201, 'Matinô', 'matino'),
(202, 'các thánh tử đạo việt nam', 'cac-thanh-tu-dao-viet-nam'),
(203, 'Lê Quốc', 'le-quoc'),
(204, 'Dấu Chân', 'dau-chan'),
(205, 'Thiên Linh', 'thien-linh'),
(206, 'Nguyễn Bang Hanh', 'nguyen-bang-hanh'),
(207, 'Hoài Chiên', 'hoai-chien'),
(208, 'Ballad', 'ballad'),
(209, 'Disco', 'disco'),
(210, 'Slow', 'slow'),
(211, 'Boston', 'boston'),
(212, 'Bollero', 'bollero'),
(213, 'Rock', 'rock'),
(214, 'Slow Rock', 'slow-rock'),
(215, 'Tango', 'tango'),
(216, 'Valse', 'valse'),
(217, 'Blues', 'blues'),
(219, 'ChaChaCha', 'chachacha'),
(220, 'Fox', 'fox'),
(222, 'Rhumba', 'rhumba'),
(223, 'March', 'march');

-- --------------------------------------------------------

--
-- Cấu trúc bảng cho bảng `cattype`
--

CREATE TABLE `cattype` (
  `id` int(11) NOT NULL,
  `id_type` int(11) NOT NULL,
  `id_cat` int(11) NOT NULL
) ENGINE=InnoDB DEFAULT CHARSET=utf8;

--
-- Đang đổ dữ liệu cho bảng `cattype`
--

INSERT INTO `cattype` (`id`, `id_type`, `id_cat`) VALUES
(1, 3, 152),
(2, 2, 63),
(3, 3, 153),
(4, 4, 208),
(5, 4, 217),
(6, 1, 38),
(7, 4, 212),
(8, 4, 211),
(9, 3, 154),
(10, 1, 44),
(11, 1, 202),
(12, 2, 65),
(13, 1, 59),
(14, 1, 45),
(15, 4, 219),
(16, 1, 39),
(17, 1, 40),
(18, 2, 189),
(19, 1, 41),
(20, 3, 155),
(21, 2, 204),
(22, 4, 209),
(23, 2, 180),
(24, 2, 66),
(25, 3, 156),
(26, 3, 157),
(27, 4, 220),
(28, 3, 158),
(29, 2, 141),
(30, 1, 46),
(31, 2, 70),
(32, 2, 199),
(33, 3, 159),
(34, 2, 146),
(35, 2, 72),
(36, 2, 139),
(37, 2, 207),
(38, 2, 76),
(39, 2, 135),
(40, 2, 143),
(41, 1, 58),
(42, 2, 79),
(43, 2, 196),
(44, 2, 133),
(45, 2, 82),
(46, 3, 162),
(47, 2, 84),
(48, 3, 163),
(49, 2, 182),
(50, 2, 148),
(51, 2, 187),
(52, 2, 203),
(53, 2, 130),
(54, 1, 61),
(55, 3, 164),
(56, 2, 197),
(57, 2, 87),
(58, 4, 223),
(59, 2, 201),
(60, 2, 88),
(61, 2, 181),
(62, 1, 50),
(63, 1, 49),
(64, 1, 52),
(65, 1, 62),
(66, 1, 48),
(67, 3, 165),
(68, 2, 91),
(69, 2, 92),
(70, 2, 93),
(71, 2, 94),
(72, 2, 206),
(73, 2, 95),
(74, 2, 136),
(75, 2, 100),
(76, 2, 195),
(77, 2, 101),
(78, 2, 198),
(79, 3, 166),
(80, 3, 167),
(81, 2, 140),
(82, 2, 183),
(83, 2, 137),
(84, 2, 105),
(85, 2, 194),
(86, 2, 147),
(87, 2, 144),
(88, 2, 106),
(89, 3, 168),
(90, 4, 222),
(91, 4, 213),
(92, 3, 170),
(93, 2, 131),
(94, 4, 210),
(95, 4, 214),
(96, 2, 179),
(97, 3, 171),
(98, 1, 57),
(99, 4, 215),
(100, 2, 110),
(101, 1, 132),
(102, 2, 190),
(103, 2, 111),
(104, 1, 54),
(105, 1, 55),
(106, 2, 112),
(107, 2, 185),
(108, 2, 205),
(109, 2, 114),
(110, 2, 138),
(111, 2, 151),
(112, 2, 116),
(113, 2, 118),
(114, 2, 150),
(115, 2, 149),
(116, 2, 178),
(117, 2, 192),
(118, 2, 145),
(119, 2, 188),
(120, 2, 119),
(121, 1, 200),
(122, 2, 120),
(123, 3, 173),
(124, 4, 216),
(125, 2, 121),
(126, 2, 122),
(127, 1, 184),
(128, 2, 123),
(129, 2, 126),
(130, 2, 191),
(131, 2, 193),
(132, 2, 127),
(133, 2, 128),
(134, 3, 175),
(135, 1, 60),
(136, 2, 129),
(137, 2, 186),
(138, 3, 176),
(139, 2, 142),
(140, 2, 67),
(141, 2, 69),
(142, 1, 42),
(143, 1, 43);

-- --------------------------------------------------------

--
-- Cấu trúc bảng cho bảng `options`
--

CREATE TABLE `options` (
  `id` int(11) NOT NULL,
  `key` varchar(25) NOT NULL,
  `value` varchar(25) NOT NULL
) ENGINE=InnoDB DEFAULT CHARSET=utf8;

-- --------------------------------------------------------

--
-- Cấu trúc bảng cho bảng `song`
--

CREATE TABLE `song` (
  `id` int(11) NOT NULL,
  `title` varchar(55) NOT NULL,
  `slug` int(65) NOT NULL,
  `date` varchar(10) NOT NULL,
  `content` text NOT NULL,
  `excerpt` text NOT NULL,
  `author` int(11) NOT NULL,
  `status` varchar(11) NOT NULL
) ENGINE=InnoDB DEFAULT CHARSET=utf8;

--
-- Đang đổ dữ liệu cho bảng `song`
--

INSERT INTO `song` (`id`, `title`, `slug`, `date`, `content`, `excerpt`, `author`, `status`) VALUES
(106, 'Để con nên hình bóng Ngài', 0, '1515/04/09', '[Am]Từng ngày xin hãy ở cùng [C]con, [A7]ừng ngày xin đỡ nâng đời [Dm]con\r\n[G]Từng ngày xin đồng hành với [C]con, Chúa [E7]ơi.\r\n[Am]Từng ngày xin biến đổi lòng [C]con, [A7]từng ngày xin biến đổi tim [Dm]con,\r\n[G]Để đời con đổi thay đẹp [E]hơn.Chúa ơi, Chúa ơi, Chúa ơi!   [E7]\r\n\r\nĐể con [Am]có trái tim của [F]Chúa, trái tim đầy [G]ắp yêu thương nồng [C]nàn.\r\nĐể con [F]có đôi tay của [E7]Chúa đôi tay trìu [Am]mến đỡ nâng dịu [A7]dàng.\r\nĐể con [Dm]có ánh mắt từ nhân để con [F]có tấm [Em]lòng khoan [Am]dung.\r\nĐể con [E]biết nói lời tha thứ, sống đời yêu [E]mến.\r\n\r\nTừ nay [Am]sẽ không là con [F]sống nhưng là Chúa [G]sống trong con từng [C]ngày.\r\nCùng với [F]Chúa con về muôn [E7]lối gieo tình yêu [Am]mới đắm say tình [A7]người.\r\nĐể con [Dm]nên như là tấm gương phản chiếu [F]bóng hình [Em]Chúa tình [Am]thương.\r\nRồi nơi [E]con qua, và nơi [F]con đến tràn ngập [Dm]yêu thương, [B]chan hòa niềm [E]vui.\r\n\r\nTình [E]Chúa lớn mãi giữa [Am]đời!', 'Từng ngày, xin hãy ở cùng con', 1, 'publish'),
(112, 'Ca vang tình yêu Chúa', 0, '1515/04/09', '1. Tình yêu Thiên [Dm]Chúa như vầng [C]dương soi [Am7]tỏa khắp [Dm]nơi.\r\nTình yêu Thiên [Bb]Chúa là vì [C7]sao giữa đêm mù [F]tối. [D7]\r\nTình yêu Thiên [Gm7]Chúa dìu [C7]con vượt qua sóng [Fmaj7]đời nổi trôi\r\nThuyền con giữa [Gm]dòng đại dương bấp bênh ngài [A7]ơi.\r\n\r\nTình yêu Thiên [Dm]Chúa như dòng [C]sông êm [Am7]đềm lướt [Dm]trôi.\r\nChảy xuôi năm [Bb]tháng để hồn [C7]thơ tắm trong tình [F]mến. [D7]\r\nTình yêu Thiên [Gm7]Chúa nồng [C7]say là hương gió [Fmaj7]trời dịu êm.\r\nDìu đưa tháng [Gm]ngày bình yên với bao êm [A7]đềm.\r\n\r\n2. Tình yêu Thiên Chúa như mùa xuân tô đẹp ước mơ.\r\nTuổi thơ yêu dấu ngày và đêm khát khao tình Chúa.\r\nNgài luôn dõi bước đời con đổ muôn phúc ân tràn lan.\r\nVà luôn đỡ nâng ủi an những khi sầu vương\r\n\r\nTình yêu Thiên Chúa không nhạt phai dẫu đời đổi thay\r\nNào ai có biết tình ngài luôn sắt son bền vững\r\nLà Chân Thiện Mỹ thẳm sâu để con kiếm tìm ngày đêm\r\nHồn con khát vọng cậy trông vững tin nơi Ngài\r\n\r\n3. Bàn tay Thiên Chúa dắt dìu con qua ngàn nắng mưa.\r\nHồn con vui sướng chìm ngập trong trái tim của Chúa.\r\nNhìn lên Thánh Giá đồi cao, Ngài đã hiến mình vì ai?\r\nBởi yêu thế nhân lầm than, Chúa xuống trần gian\r\n\r\nTìm về chân lý nơi tình yêu trên thập giá xưa\r\nNgàn năm ghi dấu một Giê-su chết treo khổ giá\r\nTình trời mở lối ngàn nơi mùa xuân thắm màu đẹp tươi\r\nTrần gian ngóng chờ ngày sau phúc vinh quê trời.\r\n\r\nĐK:\r\nCon ca [C]ngợi ngàn [C7]đời tình Ngài kiên [F]vững\r\nSuối thiêng dạt [A7]dào ngọt ngào tình yêu mến [Dm]thương.\r\nTình [D7]Ngài ngàn [Gm]năm như núi [C7]cao sông dài biển [F]khơi\r\nCao vời tình [Gm]Cha con hát [A7]ca muôn đời chẳng [Dm]ngơi.', 'Tình yêu Thiên Chúa như vầng dương soi tỏa khắp nơi.', 1, 'publish'),
(119, 'Chúa giàu lòng xót thương', 0, '1515/04/09', '1. Lạy [Am]Chúa! Ngài giàu lòng xót [C]thương, xin ban [E]ơn phù giúp con đêm [Am]ngày.\r\nLạy [Am]Chúa! Ngài rộng lòng thứ [C]tha, xin rộng [F]ban tình yêu và tha [G]thứ\r\nban cho [Dm]con đầy hồng ân chan [F]chứa, xin cho con luôn say men tình [E7]Chúa.\r\nChúa yêu con [C]người, chết cheo thập [Dm]hình, để cứu [E7]độ trần [Am]gian.\r\n\r\n2. Lạy Chúa! Ngài dạy con hãy đi, loan Tin Vui của Chúa đến muôn người.\r\nLạy Chúa! Ngài dạy hãy thứ tha, xin tha cho những kẻ làm ân oán,\r\nban cho con rộng lòng đầy nhân ái, luôn yêu thương mọi người là con Chúa.\r\nGiống như cha hiền, ngóng trông con về, để đón mừng người con.\r\n\r\n3. Lạy Chúa! Ngài là nguồn suối ân, ban ơn thiêng của Chúa đến gian trần.\r\nLạy Chúa! Ngài bảo con bước theo, loan Tin Vui của Ngài cho thế giới,\r\nđem yêu thương ngập tràn muôn khắp chốn, reo hân hoan vào lòng người đau khổ.\r\nĐể đem Tin Mừng, Phúc Âm của Ngài, để đón nhận hồng ân.\r\n\r\n4.Lạy Chúa! Ngài đã từng rửa chân, xin cho con hãy biết luôn khiêm nhường.\r\nLạy Chúa! Ngài đã từng bảo ban, đem ủi an những người đang khốn khó,\r\nchia cho nhau những hạt cơm manh áo, luôn cho đi những gì mình đang có.\r\nĐể cho mọi người, biết nhận được rằng: Đó chính là TÌNH YÊU.\r\n\r\nĐK: LÒNG THƯƠNG [Am]XÓT CỦA NGÀI ĐẾN CHÚNG [G]CON,\r\nDÌU CON [G7]ĐẾN TẬN NGUỒN CỦA THÁNH [C]ÂN,\r\nĐỂ CON [E]ĐI LOAN TIN MỪNG [Am]CHÚA.\r\n\r\nVÒNG TAY [Am]CHÚA NGÀI RỘNG MỞ THỨ [G]THA,\r\nĐỂ ÔM [G7]LẤY CẢ TỘI LỖI CHÚNG [C]CON,\r\nTRÁI TIM [E]NGƯỜI BAN PHÁT NGUỒN TÌNH [Am]YÊU.', 'Lạy Chúa! Ngài giàu lòng xót thương, xin ban ơn phù giúp con đêm ngày.', 1, 'publish'),
(123, 'Tôn vinh Lòng Thương Xót Chúa', 0, '1515/04/09', 'ĐK : Con xin tôn [F]vinh lòng thương xót [Bb]Chúa thật lớn [F]lao.\r\nLớn hơn muôn [Dm]ngàn tội lỗi của [Bb]con và nhân [Am]loại.\r\nCon xin tín [Gm]thác lòng thương xót [C]Chúa [D7]mãi muôn [Gm]đời.\r\nCon xin tín [Bb]thác lạy Chúa [C]Giê-su Chúa con [F]ơi.\r\n\r\n1. Lòng thương xót [F]Chúa tuôn [Bb]trào từ lòng Chúa [Am]Cha.  [C]\r\nMàu nhiệm khôn [F]thấu tình [Gm]yêu Ba Ngôi Cực [C]Thánh\r\nLà nguồn khởi [F]nguyên mầm [D7]sống và muôn phúc [Gm]lành\r\nLòng thương xót [Dm]Chúa bao [Bb]trùm toàn thể nhân [F]loại.\r\n\r\n2. Lòng thương xót Chúa Ngôi Lời nhập thể thế nhân.\r\nNgàn muôn thương tích mở ra Yêu thương của Chúa\r\nTừ nguồn Thánh Tâm mạch suối ngàn ơn khoan hồng.\r\nLòng thương xót Chúa rửa sạch đổi mới muôn lòng.\r\n\r\n3. Lòng thương xót Chúa Thánh Thể Thần Lương hiển vinh.\r\nLòng thương xót Chúa Tình yêu khai sinh Hội Thánh\r\nNguồn mạch tái sinh trần gian trong Chúa Thánh Thần\r\nLòng thương xót Chúa song hành cùng với nhân trần.\r\n\r\n4. Lòng thương xót Chúa ấp ủ đời con tháng năm.\r\nNgài gìn giữ con khỏi chốn trầm luôn muôn đời\r\nLòng thương xót Chúa gọi mời về chốn quê trời.', 'Con xin tôn vinh lòng thương xót Chúa thật lớn lao', 1, 'publish'),
(125, 'Tấu lạy Bà', 0, '1515/04/09', 'Dạo đầu với intro\r\n[Am]___[Am]___[G]___[F]___[C]___[E7]___[Am]\r\n\r\n***********************\r\n\r\n1. Tấu lạy [Am]Bà chở che kẻ đồng [C]trinh,\r\nMẹ Thiên [Am]Chúa hiển [G]vinh. Mẹ Thiên [E]Chúa uy [Am]quyền.\r\nCửa rộng mở nơi cung điện thiên quốc.\r\nNiềm tin tưởng, [E7]niềm hoan hỉ thiên [Am]đình.\r\nMẹ là [Am]đóa [G]huệ [F]đẹp giữa bụi gai, là bồ [Am]câu [F]xinh [G]đẹp giữa trần [E7]ai xa [Am]vời.\r\nGốc [G]Giessê nẩy một [C]chồi từ [E7]rễ nở [Am]tươi, một [F]cánh [E]hoa [Am]thơm.\r\n\r\n2. Thoát mưu rồng, Mẹ là tháp đài cao,\r\nhải tinh sáng vời vợi, hằng soi lối đưa đường.\r\nCứu đoàn con thoát bóng tà cheo leo,\r\nnguyện xin dắt thuyền về bến ước mong.\r\nNguyện Mẹ phá mây mờ giữa trùng dương, bập bềnh giữa ba đào chiếc thuyền sắp đắm chìm.\r\nThoát hiểm nguy dắt thuyền về, về bến vững tâm, về bến thiên đường.', 'Tấu lạy Bà chở che kẻ đồng trinh', 1, 'publish'),
(129, 'Ca vang tình yêu Chúa 2', 0, '1515/04/10', '1/ Tình yêu Thiên [Dm]Chúa cao [d7]vời tựa như biển [Gm]khơi.\r\nTình yêu Thiên [C]Chúa bao [C7]la trùng dương sóng [F]xô.\r\nTình yêu bát [Dm]ngát mây [D7]trời tự ánh trăng [Gm]thanh\r\nsoi đêm [C7]trường tỏa khắp ngàn [F]phương dẫn con [Gm]trên nẻo đường dương [A7]thế.\r\nTình yêu Thiên [Dm]Chúa êm [d7]như dòng sông lướt [Gm]trôi.\r\nTình yêu Thiên [C]Chúa ngát [C7]xanh mùa xuân thắm [F]tươi.\r\nDù cho gom [Dm]hết lá [D7]vàng, dù nước biển [Gm]đông có dâng [C7]tràn\r\ntình Chúa vẫn [F]ngàn năm vẫn cao [A7]thâm như núi Thái [Dm]Sơn\r\n\r\n2/ Ngàn năm Chúa vẫn thương con tựa như mẫu thân.\r\nNgày đêm đưa dẫn trên đường và nâng đỡ con.\r\nLàm sao nói hết ân tình Ngài đã thương con,\r\nxin một đời hòa khúc tạ ơn để ca vang tình Thiên Chúa.\r\nPhận con yểu đuối mọn hèn mỏng manh Chúa ơi.\r\nTựa như chiếc lá tiêu sơ nhẹ bay cuối thu\r\nmà sao Chúa vẫn ân cần dành hết cho con\r\nnhững ân tình nồng thắm hòa chan, khắc tên con trong trái tim ngài.\r\n\r\n3/ Miệng con không ngớt ca khen tình yêu Chúa thôi.\r\nĐể sao cho xứng thiên ân mà Chúa đã ban.\r\nNguyện nên khúc hát tri ân vọng mãi thiên thu\r\ntán dương Ngài nguồn sống đời con, đã cho con tình yêu cao quý.\r\nNguyện đem tâm trí xây đời bằng hết trái tim.\r\nVà đem thương mến xóa tan thù oán ghét ghen.\r\nĐể tình yêu Chúa lan tràn vào khắp dương gian để con người được sống bình an\r\nbiết yêu thương chia sớt ân tình\r\n\r\nĐK: Ca vang tình [Dm]Chúa muôn [D7]đời chẳng phút nào [Gm]ngơi.\r\n<span style=\"line-height: 1.5;\">Ca vang tình [C]Chúa cho [C7]dù ở khắp mọi [F]nơi.\r\n</span><span style=\"line-height: 1.5;\">Ngài là chân [F]lý cao [D7]vời tuyệt mỹ vô [Gm]song.\r\n</span><span style=\"line-height: 1.5;\">Ngài là lẽ [Em]sống cho gian [A7]trần tìm đến suối [Dm]nguồn.</span>\r\n\r\n&nbsp;\r\n\r\n&nbsp;', 'Tình yêu Thiên Chúa cao vời tựa như biển khơi.', 1, 'publish'),
(131, 'Lắng nghe lời Chúa', 0, '1515/04/10', '1.[Am]Xin cho biết lắng [Dm]nghe, lời [Am]Ngài gọi con trong đêm [E]tối.\r\n[Am]Xin cho biết lắng[G]nghe, lời [Am]Ngài dạy con lúc lẻ [Em]loi.\r\n[Am]Xin cho con cất tiếng[Dm] lên, trả [Am] lời vừa khi con nghe [E] Chúa.\r\n[Am]Xin cho con biết thân [E]hương, lạy [E7]Ngài Ngài muốn con làm [A]chi.\r\n\r\n2.Xin cho con biết lắng nghe, lời Ngài dạy con trong cuộc sống.\r\nXin cho biết lắng nghe, lời Ngài từng theo bước đời con.\r\nXin cho con biết sẵn sàng, chờ đợi và vâng nghe theo Chúa.\r\nXin cho con biết sẵn sàng, thực hành lời Chúa đã truyền ban.\r\n\r\n3. Xin cho con vững bước đi, vào đời truyền giao cho chân lý.\r\nXin cho biết say mê, cuộc đời làm nhân chứng tình yêu.\r\nCho môi con thắm nét cười, lời Ngài được đem cho thế giới.\r\nCho đôi tay sáng ơn trời, trọn vẹn hành lí cho ngày mai.\r\n\r\n4. Xin cho con đến với Người, bằng một tình yêu không giả dối.\r\nXin cho đến trong đời, tìm lại một hạnh phúc mà thôi.\r\nCho con khi đã lắng nghe, lời Ngài dạy con ôi cao quý.\r\nXin cho con trái tim si, ngàn đời tình mến không nhạt phai.\r\n\r\nĐK : Lời [A7]Ngài là sức sống của [D]con. Lời [E7]Ngài là ánh sáng đời [A]con.\r\nLời [F#m]Ngài làm chứa chan hy [C#m]vọng. Là [E7]đường để con hằng dõi [A]bước.\r\nLời [A7]Ngài đượm chất ngất niềm [D]vui. Trọn [E7]vẹn ngàn tiếng hát đầy [A]vơi.\r\nLời [F#m]Ngài đổi mới cho cuộc [C#m]đời. Lời [E7]Ngài hạnh phúc cho trần [A]ai.', 'Xin cho biết lắng nghe, lời Ngài gọi con trong đêm tối.', 1, 'publish'),
(133, 'Trên đường Emmaus', 0, '1515/04/10', 'ĐK: Trên đường [A]Em-Mau, hai người lữ khách bước [E]đi bên nhau.\r\nMộng vàng tan mây, nhọc nhằn lê gót chân [A]buồn đường dài.\r\n[F#m]Này [Bm]Ngài [C#m]tiến đến,___[F#m] về Em-mau tiến bước [Bm]theo ngay bên.\r\nHọ không [G]trông ai, [E7]người lữ khách đó chính là [A]Ngài.\r\n\r\n1. [F#m]Biết mấy lúc chúng [Bm]ta đi trong cuộc [E]sống [D]mọi [A]ngày [F#7]đã gặp [Bm]Ngài nhưng [E]chẳng biết [A]Ngài.\r\nẤy những lúc mắt [Bm]ta không trông không [E]thấy [D]được [A]Ngài: [D]Trong [E]những [F#m]kẻ nghèo [E]đói.\r\n\r\n2. Có những phút thảnh thơi rong chơi ta đã gặp Ngài trên vỉa hè nhưng chẳng biết Ngài.\r\nẤy những lúc chúng ta vô tâm không để ý Ngài: Người ăn xin hèn yếu.\r\n\r\n3. Có những buổi sát vai nhanh chân ta bước bên Ngài rên đường về | nhưng chẳng biết Ngài.\r\nẤy những lúc chúng ta vô tâm không để ý Ngài: Người lao công cùng đi.\r\n\r\n4. Có những buổi nắng phai rong chơi ta đã gặp Ngài khắp phố phường nhưng chẳng biết Ngài.\r\nẤy những lúc chúng ta vô tâm không để ý Ngài: Người phu xe gầy vai.', 'Trên đường Em-Mau, hai người lữ khách bước đi bên nhau.', 1, 'publish'),
(137, 'Khi con vào đời', 0, '1515/04/10', '1. Vào đời khi con chỉ có bàn [Dm]tay không. Vào đời khi con chưa biết đời [Gm]mênh mông\r\nChung quanh vây kín ngại [E7]ngùng, bao nhiêu con mắt ngỡ [A7]ngàng làm con xao xuyến vô [A7]cùng\r\n[Dm]Vào đời khi con chưa biết trọn tiếng khóc. Nụ cười trên môi tuy vẫn còn [Gm]xanh non [C7]\r\nThì Ngài Ngài vẫn thương [F]con, vào đời mà sống trăm [Gm]năm, trọn vẹn một kiếp con [Dm]người\r\n\r\n2. Tuổi đời như cây như lá ngày thêm xanh. Nhìn lại năm tháng khôn lớn càng thêm nhanh\r\nCho con đây suối ơn lành, cho con giây phút yên lành, mẹ cha thương yêu dỗ dành\r\nRồi chiều tương tư con biết nhìn xung quanh. Dòng đời xô lấn cho bước vào lanh đanh\r\nLảo đảo từng phút ân tình, mở rộng tình ái trong tim, khi yêu con đã quên mình\r\n\r\n3. Dòng đời chen lấn con thấy mình ngây thơ. Tình người gian dối con thấy mình ngu ngơ\r\nÔ hay con đã không ngờ, khi con vẫn cứ mong chờ đời kia đẹp như giấc mơ\r\nĐời là thế đấy con chớ vội âu lo. Vào đời Ta cũng dâng hiến tình yêu Ta\r\nNgười đời nào có thiết tha vào đời làm chứng cho Ta, hy sinh Ta chấp nhận rồi\r\n\r\n4. Ngài vì thương con nên đã chọn con đi. Vào đời say trong tiếng hát quyện đam mê\r\nMong cho thế giới an hòa, mong cho yêu mến đậm đà, tình yêu thay thế oán thù\r\nVào đời khi con gieo bước cùng anh em. Đường đời mênh mông âu yếm bàn chân con\r\nVà rồi đời sẽ hiểu con, một ngày người sẽ biết hơn: \"Phục vụ là sống cho Người.\"\r\n\r\nĐK: Đưa con vào [D]đời, Ngài đưa con đến trần gian đổi mới [G]\r\nĐưa con vào đời, hành trang chan chứa yêu thương Chúa [A]ơi  [D]\r\nNay con vào [D]đời, tình yêu nhỏ bé dâng hiến cho [A]Người\r\nTim vui rạng [F#m]ngời, nay con xin đến làm chứng cho [D]Ngài.', 'Vào đời khi con chỉ có bàn tay không. Vào đời khi con chưa biết đời mênh mông', 1, 'publish'),
(140, 'Chén đắng', 0, '1515/04/10', '1. Cha ơi! Cha [Cm]ơi! Bây giờ con buồn lắm, linh hồn con buồn [Ab]lắm nhưng sao Cha nỡ bỏ [G]con.\r\nCha ơi! Cha [Fm]ơi! Bây giờ con sợ lắm ,linh hồn con chìm [Bb]đắm trong xao xuyến với cô [G]đơn.\r\n[Cm]Chén đắng! [Ab]\r\nNếu được con khỏi uống, nếu được con khỏi uống hồn con xiết bao ưu [G]phiền.\r\n[Bb]Chén đắng ! [G]\r\nLẽ nào con chẳng uống lẽ nào con chẳng uống xin vâng ý Cha mà [Cm]thôi\r\n[Bb]Ôi! Chén đắng đau [Fm]thương ,chén đắng thê [Dmb5]lương sao nhân loại vô tâm [G]thế.\r\n[Fm]Ôi! Chén đắng tội [Ab]tình, chén đắng nhục [G7]hình và đau khổ của kiếp [Cm]người.\r\n\r\n2. Cha ơi! Cha ơi! Đây giờ con đã đến, đây giờ con đã đến, xin Cha nâng đỡ hồn con.\r\nCha ơi! Cha ơi! Bây giờ con buồn lắm linh hồn con sầu thảm biết nói hết những gì đây.\r\nChén đắng!\r\nChẳng đành con phải uống, chẳng đành con phải uống, thì xin ý Cha vuông tròn.\r\nChén đắng !\r\nLẽ nào con chẳng uống ,lẽ nào con chẳng uống xin vâng ý Cha mà thôi.\r\nÔi! Chén đắng hy sinh, chén đắng Cha trao để con làm trọn thiên ý.\r\nÔi! Chén đắng nợ nần, chén đắng một lần con xin uống thay thế trần.\r\n\r\nCha ơi! Cha [Ab]ơi!. Xin đừng theo ý [G]con một xin vâng ý [G7]Cha mà [Cm]thôi.', 'Cha ơi! Cha ơi! Bây giờ con buồn lắm, linh hồn con buồn lắm nhưng sao Cha nỡ bỏ con.', 1, 'publish'),
(141, 'Con về với Cha', 0, '1515/04/10', '1. Bơ [Am]vơ giữa chốn gian [F]trần, ngủ [G]mê trong giấc mộng phù [C]vân.\r\nCha [Am]ơi lòng con băng [F]giá nát [Bdim]tan xót xa lệ [E]nhoà.\r\nBao [Am]năm [A7]sống xa tình [Dm]Chúa, đi [G]trong màn đêm giông [C]tố.\r\nTrần [Am]đời còn gì con mong [F]nhớ, biết [E]ai vỗ [E7]về ủi [Am]an. ___[G]___[F]___[E]\r\n\r\n2. Xin cho con bước về nhà, lòng con vui sướng trong tình Cha.\r\nCho con hồng ân cứu rỗi đức tin chiếu soi rạng ngời.\r\nXin Cha thứ tha lầm lỗi nay con thành tâm sám hối\r\nMột lòng phụng thờ Cha mãi mãi, sống trong ân tình chứa chan.\r\n\r\n3. Xin dâng lên Chúa nhân từ, tình yêu ước mộng với tuổi mơ.\r\nCho con vượt qua đêm tối đỡ nâng con trong cuộc đời.\r\nXin cho con trong cuộc sống, hôm nay, ngày mai, dĩ vãng,\r\nDù đời ngọt ngào hay cay đắng sắt son trung thành tháng năm.\r\nĐK: Lòng nguyện [Am]dâng cùng Chúa Cha [E7]nhân lành, trọn tình yêu là trái tim [Am]chân thành,\r\nCả đời [F]con cùng bước [G]đi trên đường dương [C]trần.\r\nLòng thành [Am]tâm lạy Chúa con [E7]dâng lời, Ngài chở che phù giúp con [Am]trong đời,\r\ncùng hoan [F]ca niềm sướng vui theo [E7]Người Chúa [Am]ơi !', 'Bơ vơ giữa chốn gian trần, ngủ mê trong giấc mộng phù vân.', 1, 'publish'),
(143, 'Khúc ca dâng', 0, '1515/04/10', '1. [Em]Tình Ngài tựa như dòng suối mát. Tràn đầy vào hồn tim khát [D]khao ơn lành\r\nchảy [Em]miên man vào trong con từ [am]đó, đến [F#7]một lần và ngàn đời về [B7]sau.\r\n[Em]Êm êm dìu đưa con chân bước, là đường là tình thương giữa [D]cơn mê này,\r\nrộng [Em]tay Cha đỡ nâng con hèn [Am]yếu, mãi [B7]một đời tình thẳm sâu ơn [Em]Ngài.\r\n\r\n2. Dù đời còn bao nhiêu sóng gió. Lòng người còn nhiều phen ngất ngây điên cuồng,\r\nlửa thiêu thân tìm ai kia nào biết, cuối đời người còn được gì về chăng.\r\nQuì lạy nguyện xin Cha tha thứ, ngày buồn thật dài con trót mang lỗi lầm,\r\ntình yêu Cha bừng trong con lửa mến, đến ngàn đời tình Chúa thương con nhiều.\r\n\r\n3. Một ngày tình yêu xin dâng hiến. Một đời này hồn con xác con nơi Ngài,\r\nniềm tin yêu tựa hương kinh tỏa ngát, ngút ngàn vì tình Ngài tựa biển khơi.\r\nDâng lên lời kinh ca cất tiếng, này lời Phụng Vụ con chứng nhân Tin Mừng,\r\nngàn câu ca hòa hương kinh về Chúa, chút tình nồng hồng thắm dâng lên Ngài.\r\n\r\nĐK. [Am]Chúa [Em]ơi ! [Am]Chúa [Em]ơi !\r\n[D]Bao la như biển khơi sóng [G]êm ru dập dìu.\r\n[D]Thương con như tình Cha đã [Em]cho [D]con [Em]yêu [D]con [B7]không bến [Em]bờ.', 'Tình Ngài tựa như dòng suối mát. Tràn đầy vào hồn tim khát khao ơn lành', 1, 'publish'),
(144, 'Khúc hát tạ ơn', 0, '1515/04/10', 'ĐK : [Am]Xin dâng kính câu ca tạ ơn. [F]Ca khen Chúa mến [C]yêu nhân trần.\r\n[Dm]Ngàn đời kính chúc [Am]Vua muôn loài. [E7]Danh Chúa luôn rạng [Am]ngời.\r\n\r\n1. [Am]Vì tình Cha ôi [Dm]quí trọng thay. [G]Muôn ơn lành chan [C]chưa trời mây.\r\n[Am]Tầng cao xanh lừng [F]tiếng ngàn dân. [E7]Hát khúc ca tạ [Am]ơn.\r\n\r\n2. Bầu trời long lanh ánh nghìn sao.Mây lưng trời sương tuyết ngàn cao.\r\nRền vang lên nhạc khúc hòa ca, kính đáp ân tình Cha.\r\n\r\n3. Từng loài sinh linh khắp trần gian, muôn Thiên thần các Thánh hiển vinh,\r\ncùng ca vang mừng Chúa quyền linh, Chúa cả muôn hùng binh.', 'Xin dâng kính câu ca tạ ơn. Ca khen Chúa mến yêu nhân trần.', 1, 'publish'),
(169, 'Cho con biết yêu thương', 0, '1515/04/11', '1. Cho [Am]con biết [G7]yêu thương trọn [C]đời.\r\nCho [F]con biết [A7]yêu thương ngàn [Dm]đời yêu thương cả cuộc [E]đời\r\nyêu [D7]thương hết mọi [G7]người, Chúa [C]ơi!\r\nCho [Am]con biết [G7]say mê tình [C]Chúa.\r\nCho [F]con biết [A7]say mê tình [Dm]Ngài hy sinh cả cuộc [E]đời vì lòng yêu Chúa [Am]thôi.\r\n\r\n2. Cho con mãi trung kiên nghìn đời.\r\nCho con chẳng khi nào phụ tình tim luôn mở rộng mời\r\ntrong say đắm tình Ngài thiết tha.\r\nCho con vẫn tin yêu một đời.\r\nCho con biết thứ tha thật nhiều quên đi cả khổ sầu vì lòng yêu Chúa thôi.\r\n\r\n3. Cho con mãi ghi sâu tình Chúa.\r\nCho con mãi yêu thương mọi người thân con dù thiệt thòi\r\nnhưng luôn vẫn trọn tình Chúa ơi!\r\nThân con dẫu bao nhiêu khổ đau.\r\nThân con dẫu bao nhiêu muộn phiền con xin Ngài dủ tình nguyện Ngài thương Chúa ơi!\r\n\r\nĐK. Lạy [Am]Chúa! Chính [G]Ngài là Tình [C]Yêu, đời [E7]con luôn trông [Am]chờ.\r\nTình [G]yêu ôi cao [F]vời vượt [G]trên muôn núi [C]đồi.\r\nLạy [Am]Chúa! Chính [G]Ngài là Tình [C]Yêu, đời [E7]con luôn cậy [Am]nhờ,\r\ndù [G]gian nguy trong [F]đời tình [E7]con vẫn rạng [Am]ngời.', 'Cho con biết yêu thương trọn đời.', 1, 'publish'),
(170, 'Phó thác', 0, '1515/04/11', 'có thể chơi theo vòng canon\r\n[C]___[G]___[Am]___[Em]___[F]___[C]___[Dm]___[G]\r\n\r\n1. [C]Chúa ơi hồn [Em]con, xin [F]phó thác trong tay [Em]chúa luôn,\r\n[F]những khi vui [C]mừng, hoặc [Dm]những lúc [C]con đau [G]buồn.\r\n[C]Mỗi khi đời [Em]con gặp [F]những nỗi lo âu [Em]khó khăn,\r\nvà [Dm]mỗi khi tim [Am]con ngập tràn. hạnh [Dm7]phúc xin [G7]dâng CNgười.\r\n\r\n2.Những nỗi buồn vui, và những đớn đau trong kiếp người\r\nsẽ mau phai tàn cùng những tháng năm chóng qua\r\nVẫn luôn còn mãi, tình Chúa đã mến yêu thế trần,\r\nthập giá kia hy sinh thân Mình, để cứu muôn người,\r\n\r\n3. Chúa ơi từ đây, con sẽ mến yêu cuộc sống này,\r\nmãi đến phút giây, đời vĩnh viễn xa cách con.\r\nChúa ơi dạy con, được biết kính tin yêu Chúa luôn ,\r\nvà mến yêu tha nhân thật lòng, như Chúa thương con\r\n\r\nĐK: [Am]Chúa ơi con [Em]tuy mọn hèn, [F]vấp ngã đã [C]bao nhiêu lần,\r\ntội [Dm]lỗi cám dỗ [Am]con luôn [C]mãi, đã [F]khiến hồn con xa [F]Chúa ơi,\r\n[Am]nhưng tim con [Em]nay sẵn sàng, [F]đón Chúa đến [C]ban ơn lành,\r\n[Dm7]tha thứ hết [Am]bao lỗi lầm, và [G7]thánh hóa tâm hồn [C]con.', 'Chúa ơi hồn con, xin phó thác trong tay chúa luôn,', 1, 'publish'),
(172, 'Dù con chưa thấy Ngài', 0, '1515/04/11', '1. [Am]Này linh hồn con [Dm]nguyện hướng về [F]Chúa.\r\nTâm [G]tư khấn xin từ [F]đây, Chúa đừng để [Bdim]con xót xa bao [E7]giờ.\r\n[Am]Vì ai cậy Chúa [Dm]và tin ở [F]Chúa, tâm [G]tư chứa chan niềm [F]vui\r\nchẳng khi nào [E7]ngơi, tiếng ca tuyệt [Am]vời.\r\n\r\n2. Đời con tội lỗi, tuổi xuân lầm lỡ.\r\nXin thương thứ tha Ngài ơi! Đoái trông hồn con tháng năm dại khờ.\r\nĐường ngay nẻo chính, Ngài hãy dạy conĐi theo bước chân tình yêu,\r\nngước trông trời cao chứa chan ngọt ngào.\r\n\r\n3. Ngày đêm tìm Chúa, dù chưa được thấy.\r\nNhưng con vẫn luôn cậy trông, thấy tim nhẹ vương biết bao yêu thương.\r\nĐời đi tìm Chúa, lòng như bừng nở. Trăm hoa ngát hương trời mơ\r\nthấy như lòng con mến thương nhiều hơn.\r\n\r\n4. Nhờ ân tình Chúa mà con được sống.\r\nTim con hiến dâng từ đây vững trông ngày mai bước trên đường dài\r\nLời Chúa gọi con, lời trao hồng ân. Tin vui đến trong trần gian,\r\nđến nay đời con sống trong bình an.\r\n\r\nĐK: Chúa [Dm]ơi! Bao tháng năm [F]rồi, con những u [G]hoài ngước trông về [C]Chúa. [C#dim]\r\nChúa [Dm]ơi! Con hướng lên [F]Ngài, chan chứa hy [E7]vọng, vững tin muôn [Am]đời.', 'Này linh hồn con nguyện hướng về Chúa', 1, 'publish'),
(173, 'Lời kinh hoà bình', 0, '1515/04/11', '1. Khi tôi lầm [Dm]lỡ, mới biết sớt [C]chia với người lỡ [Dm]lầm.\r\nKhi tôi nghèo [Bb]đói, tôi sẽ [C]hiểu nỗi đau người lầm [F]than.\r\nKhi tôi gian [Gm]nan mới biết sớt [F]chia với người khốn [A]cùng.\r\nKhi tôi đau [C]khổ, đời [Am7]tôi mới biết cảm [Dm]thông.\r\n\r\n2. Khi tôi buồn chán mới biết nỗi đau nơi người thất vọng.\r\nKhi tôi mù lòa tôi sẽ hiểu bóng đêm và sợ hãi.\r\nKhi tôi cô đơn, mới biết xót xa với người cô quạnh.\r\nKhi tôi khát vọng, đời tôi thấm nỗi trầm luân.\r\n\r\n3. Khi tôi quỵ ngã mới biết đỡ nâng những người xa đọa.\r\nKhi tôi oà khóc tôi sẽ hiểu nước mắt sao buồn quá.\r\nKhi tôi lang thang mới biết đắng cay với người không nhà.\r\nKhi tôi đơn độc thì thương ai mất mẹ cha.\r\n\r\nĐK: Lạy [Dm]Chúa ban yêu [C7]thương vào trái tim [F]con.\r\nĐã bao [Bb]lần con đây hờ [A7]hững.\r\nLạy [Dm]Chúa dạy [C]con yêu thương, dạy [Bb]con yêu thương.\r\nCho hòa [Am]bình sáng ngời muôn [Dm]nơi.\r\n\r\nĐK: Nguyện cầu cùng [Dm]Chúa, thương [C7]ban vào trái tim [F]con\r\nyêu thương ấm [Bb]nồng, biết luôn cảm [a]thông\r\nNguyện cầu cùng [Dm]Chúa dạy [C7]con chỉ biết yêu [F]thương\r\nchung xây hoà [Am7]bình sáng ngời muôn [Dm]nơi', 'Khi tôi lầm lỡ, mới biết sớt chia với người lỡ lầm.', 1, 'publish'),
(174, 'Linh mục sứ giả tin mừng', 0, '1515/04/11', 'ĐK: Con [Am]đây là linh [Em]mục được Chúa sai [am]đi,\r\ntuy con bất [C]xứng trước thiên [Dm]ân cao [F]vời\r\n[G]Con chỉ [C]là khí cụ của [E7]Chúa truyền rao giữa [Am]đời.\r\n\r\n1. Từ thuở xa [F]xưa, thái dương [G]kia chưa thành kiệt [C]tác.\r\nNgài gọi tên [Dm]con giữa muôn [Am]người phàm [F]trần, cho [Dm]con say tình yêu [C]Chúa\r\nvà này [F]con xin đến vâng [G]theo thánh ý [E]Ngài [D]đã [E7]sai [Am]con.\r\n\r\n2. Và từ bụi tro Chúa nâng con lên hàng hạnh tước.\r\nMột đời con xin đến với ai nghèo khổ. Trông non chi thể của Chúa,\r\ncùng hòa ca chung tiếng tôn vinh chúc khen Ngài đầy quyền linh.\r\n\r\n3. Ngài đã sai con đến muôn phương để làm nhân chứng.\r\nTrọn niềm trung trinh mãi vững tin vào Ngài. Quên đi để được tìm thấy,\r\nlàm ngọn đuốc chiếu sáng nhân tâm, ướp muối mặn vào trần gian.\r\n\r\n4. Đời đời về sau, khắp nơi khen con thật có phúc\r\nvì Ngài thương con với thân phận mọn hèn. Tâm tư con thật sung sướng\r\nnguyện dâng Chúa đây xác thân con với tuổi hồng đầy mộng mơ.', 'Con đây là linh mục được Chúa sai đi,', 1, 'publish'),
(175, 'Theo Chúa', 0, '1515/04/11', '1. Này [D]Chúa hỡi con nguyện xin yêu Chúa chẳng [A]khi ngơi.\r\nDù [A7]gian truân con nguyện xin theo Chúa suốt [D]đường đời.\r\nDù [D]có lúc tâm hồn con xao xuyến cay [A]đắng nhiều.\r\nThì [A7]trung kiên con nguyện xin theo Chúa không [D]rời.\r\n\r\n2. Này Chúa hỡi sao Ngài không lên tiếng cho con vui ?\r\nNgài im hơi cho hồn co lo lắng âu sầu nhiều.\r\nNày Chúa hỡi sao Ngài yêu con đến như thế ư ?\r\nĐành hy sinh nên thần lương nuôi sống muôn người.\r\n\r\n3. Này Chúa hỡi tâm hồn con thao thức suốt canh thâu.\r\nChờ mong sao như đàn nai khao khát nước nguồn trào.\r\nNày Chúa hỡi cin Ngài thương mau đến thăm viếng con.\r\nVì con đây đang hoài mong Chúa đến thăm hồn.\r\n\r\n4. Này Chúa hỡi xin Ngài thương ban phúc cho con luôn.\r\nDù ra sao không bội ơn Thiên Chúa ban đầy tràn.\r\nDù thất tín nhưng bền tâm tin Chúa luôn thứ tha.\r\nTình Cha thương ôi tình thương không bến không bờ.\r\n\r\nĐK: [G]Con xin theo Chúa đến giây [F#m]phút cuối cuộc [D]đời.\r\n[Em]Để đáp ân [A7]tình Ngài thương ban cho từ [D]lâu.\r\n[G]Con xin tha thiết thốt lên [F#7]một lần nữa[Bm] [G]là: Con [A]quyết luôn theo [D]Ngài.', 'Này Chúa hỡi con nguyện xin yêu Chúa chẳng khi ngơi.', 1, 'publish'),
(176, 'Alleluia! hát lên người ơi', 0, '1515/04/11', 'ĐK: [A]Chúa yêu trần thế Alleluia đã chết cho [D]đời, Alleluia!\r\n[Bm]và đã sống [A]lại, Alleluia! hát lên người [E7]ơi! Alleluia!\r\n<span style=\"line-height: 1.5;\">Hát lên người [A]ơi! Alleluia! Sáng tươi huyền [D]diệu, Alleluia!\r\n[bm]là một kiếp [a]người, Alleluia! [E7]được Chúa thương [a]yêu.</span>\r\n\r\n1. Mừng [A]hát hỡi những ai xuôi triền [f]thất vọng.\r\nMừng [a]hát hỡi những ai ôm niềm [e]đau.\r\nVì [a]có Chúa Tình Yêu đang ở với [e7]ta.\r\n\r\n2. Mừng hát hỡi những ai lê đời khó nghèo.\r\nVà ai trơ trụi ngay trên giường chết.\r\nVì có Chúa Trời Đất đang ở với ta.\r\n\r\n3. Mừng hát hỡi những ai mong cuộc đổi đời.\r\nVà ai đang dựng xây cho trần giới.\r\nVì có Chúa Tạo Hóa đang ở với ta.\r\n\r\n4. Mừng hát hỡi những ai mơ mùa thái hòa.\r\nVà ai đang mạnh tay tắt lửa chiến.\r\nVì có Chúa Bình Yên đang ở với ta.', 'Chúa yêu trần thế Alleluia đã chết cho đời, Alleluia!', 1, 'publish'),
(182, 'Đến với lòng thương xót', 0, '1515/04/12', '1. Đến [Fm]với lòng Chúa xót [F7]thương con [Bbm]tìm được chốn tựa [C7]nương\r\nĐến [Fm]với lòng Chúa xót [Bbm]thương con [Ab]hết lo âu bận [C7]vướng\r\nTin [fm]tưởng vào lòng Chúa [eb]xót thương có [Db]Ngài hiểm nguy con [Bbm]coi thường\r\nPhó [Ab]thác vào lòng Chúa [C]xót thương có [c7]cả một mùa xuân [F]thiên đường\r\n\r\n2. Đến với lòng Chúa xót thương con nhận dòng suối tình thương\r\nĐến với lòng Chúa xót thương không chút tơ vương tội lỗi\r\nTin tưởng vào lòng Chúa xót thương mong Ngài rửa hết muôn tội đời\r\nPhó thác vào lòng Chúa xót thương con được Ngài dìu bước lên trời\r\n\r\nĐK: Đến với lòng thương xót Chúa bốn [F7]mùa Chúa đổ hồng [Bb]ân\r\nCho [Gm]con sự thật hiển thánh dìu [C7]con về nguồn hạnh [F]phúc\r\nĐến với lòng thương xót Chúa ân [F7]tình chan chứa đầy [Bb]vơi\r\nXin [Gm]dâng ngàn lời ngợi ca lòng [C7]thương xót Chúa bao [F]la', 'Đến với lòng Chúa xót thương con tìm được chốn tựa nương', 1, 'publish'),
(183, 'Khúc cảm tạ', 0, '1515/04/12', '1. Khúc cảm [Dm]tạ từ [F]đó âm vang vọng [Dm]ngân,\r\nrộn [Bb]rã trong tim ngày [Gm]đêm tán [C]dương tình yêu Thiên [F]Chúa.\r\nSuốt một [Dm]ời con [Bb]tắm mát trong tình [A]cha\r\ngiữa [Gm]trưa sa mạc cháy [F]da, Chúa [A7]như nguồn nước chan [Dm]hoà.\r\n\r\n2. Tiếng gọi nào rộn rã vang trong chiều mưa\r\nvồn vã cánh tay Ngài đưa dắt con vào miền thương nhớ.\r\nChén rượu đào Ngài chuốc chứa chan ngày nao,\r\nbánh thơm ân huệ Chúa trao tháng năm tình mến dâng trào .\r\n\r\n3. Đến đời đời Ngài vẫn yêu con mà thôi\r\nNgài vẫn yêu con chẳng ngơi dẫu cho trần gian tan biến.\r\nChúa là nguồn hạnh phúc mến yêu của con\r\ncó chi hơn được Chúa thương thế gian thành cõi thiên đường.\r\n\r\n4. Nếu ngày nào Ngài lãng quên con một giây\r\nlạy Chúa cho con giờ đây trút linh hồn trong tay Chúa.\r\nnếu ngày nào trần thế khiến con mãi mê\r\nChúa ơi xin đừng chối chê hãy thương dìu bước con về.\r\n\r\nĐK : [Dm]Xin dâng lên Chúa tiếng yêu [D7]ngọt [Gm]ngào\r\nnguyện ghi [C]nhớ thánh ân Ngài [F]trao\r\nnguyện theo [Gm]chân Chúa đi [C]qua đồi Ta [Bb]po hay [E7]Thập [Am]giá\r\n[Dm]Ôi tình yêu Chúa mênh mang [D7]trần [Gm]đời\r\nTình Yêu [C]Chúa bao la trùng [F]khơi\r\nthuyền hồn [Gm]con mãi êm [C]trôi hương tình [A7]yêu Ôi tuyệt [Dm]vời.', 'Khúc cảm tạ từ đó âm vang vọng ngân,', 1, 'publish'),
(184, 'Lòng thương xót Chúa', 0, '1515/04/12', 'Ngợi [Dm]ca lòng thương [F]xót Chúa [Am]đã ban tặng [Dm]con\r\nHỡi [D7]trái tim từ [Gm]nhân, con [Bb]tín thác [Dm]nơi Ngài\r\n[D7]Chiều đồi núi Can[Gm]vê năm [C7]nào Ngài chết treo [F]thân,\r\nThập [Dm]tự Ngài đã hiến [Gm]dâng máu [Em]đào để cứu chuộc [A]con.\r\n[D7]Và dòng suối yêu [Gm]thương chan [C7]hòa từ trái tim[F] Cha\r\nTuôn [Dm]tràn tẩy xóa đi [Gm]bao lỗi [Am7]tội tái sinh đời [Dm]con.', 'Ngợi ca lòng thương xót Chúa đã ban tặng con', 1, 'publish'),
(185, 'Tình Chúa cao vời', 0, '1515/04/12', 'ĐK : Tình yêu [Cm]Chúa cao vời biết bao làm sao [Eb]biết đáp đền thế [Cm]nào,\r\nđể [Gm]cho cân xứng Chúa ơi để cho cân xứng Chúa [Cm]ơi.\r\n\r\n1. Ôi tình [Ab]yêu thương Chúa cao [Eb]vời, tình yêu thương [Cm]Chúa muôn đời\r\nngười [Eb]yêu con từ ngàn [Ab]xưa. Từ [Cm]khi chưa có đồi [Bb]non,\r\ntừ [Eb]khi chưa có trời [Cm]cao, chưa có vầng [Fm]trăng với ngàn [gm]sao.\r\nGọi [Cm]con giữa muôn muôn [gm]người tìm [Ab]con giữa [bb]nơi bùn [Cm]nhơ.\r\n\r\n2.Ôi vì thương con Chúa quên mình, vì yêu nên hiến thân mình\r\ngọi con nên bạn tình Cha. Dù bao sóng gió hiểm nguy,\r\ndìu con đi giữa trần gian ơn Chúa ngày đêm ấp ủ con.\r\nVì con Chúa quên thân mình đời con dám mơ gì hơn.\r\n\r\n3. Con thành tâm dâng hiến trọn đời thành tâm dâng hiến xác hồn\r\nđể nên tông đồ của Cha và nên nhân chứng của Cha,\r\ntruyền rao chân lý của Cha, gieo rắc lời Cha khắp gần xa.\r\nRồi con sẽ đi khắp miền làm nhân chứng cho tình yêu.', 'Tình yêu Chúa cao vời biết bao làm sao biết đáp đền thế nào', 1, 'publish'),
(187, 'Khải Hoàn Ca 1', 0, '1515/04/12', '1. [Am]Nào cảm tạ [F]Chúa [G7]vì Chúa rất nhân [C]từ, [a7]trọn một tình [Dm]thương [E7]Người đã ban cho [Am]đời.\r\nNhà Is-ra-[G]en ơi [Dm]tấu lên đi bài [E7]ca, [am]ngàn đời Người [Dm]yêu thương [E7]Chúa yêu thương nhân [Am]loại.\r\n\r\n2. Này là quyền Chúa dang cánh tay quyền lực thật kỳ diệu thay tay hữu uy phong Người.\r\nGiờ nầy và mai sau mãi tôi không phải chết để ngàn kỳ công Cha sẽ ghi sâu trong đời.\r\n\r\n3. Này là hòn đá thợ xây đã loại ra, giờ lại trở nên viên đá xây góc tường.\r\nViệc nầy Người gây nên chính tay Người làm ra, thật lạ lùng vô biên có ai suy cho cùng.\r\n\r\nĐ.K Vạn [A]tuế Con Vua Đa-[C#m]vít    [F#m]đã sống lại hiển [E]vinh,\r\nNgười [Bm]đem vinh quang rực rỡ, [E7]chiếu soi trên trần [A]thế.\r\nMừng [D]hát lên ngày [C#m]khải [F#m]hoàn, ngày Chúa [E7]đã chiến thắng tử [A]thần.', 'Nào cảm tạ Chúa vì Chúa rất nhân từ, trọn một tình thương Người đã ban cho đời', 1, 'publish'),
(190, 'cầu cho cha mẹ 5', 0, '1515/04/13', '1.Xin [F]cảm ta Cha xin [Am]cảm ơn [Dm]Trời Đã [gm]ban cho [Csus4]đời con [C]có Mẹ [F]Cha\r\nCông [bb]Cha thì [Gm]cao cao hơn [F]là núi [Dm]Thái Nghĩa [Gm]Mẹ dạt [C7]dào như sóng trào biển [F]đông\r\nCon không có [Am]Mẹ ai [Dm]dạy ngày [Bb]qua Con không có [C]Cha tìm [C7]đâu mái [F]nhà.\r\n\r\n2.Cha Mẹ mồ hôi vất vả đêm ngày giúp con no đầy manh áo hạt cơm\r\nCông Cha dạy con đi trên đường mến Chúa Nghĩa Mẹ gọi mời con sống đời tình yêu\r\nBao nhiêu gánh nặng ôi chẳng hề quên Nuôi con lớn lên nào mong đáp đền\r\n\r\nĐK: Xin cho Cha [Gm7]xin cho [C7]Mẹ được trọn đời mạnh khỏe yên [F]vui.\r\nCon xin [Am]Chúa thiết tha ân [C]tình. Tình Người [C7]Cha và trái tim Mẹ [F]hiền.', 'Cây có cội nước có nguồn. Có Trời thì mới có ta', 1, 'publish'),
(191, 'cầu cho cha mẹ 1', 0, '1515/04/13', '1.Xin [F]cảm ta Cha xin [Am]cảm ơn [Dm]Trời Đã [gm]ban cho [Csus4]đời con [C]có Mẹ [F]Cha\r\nCông [bb]Cha thì [Gm]cao cao hơn [F]là núi [Dm]Thái Nghĩa [Gm]Mẹ dạt [C7]dào như sóng trào biển [F]đông\r\nCon không có [Am]Mẹ ai [Dm]dạy ngày [Bb]qua Con không có [C]Cha tìm [C7]đâu mái [F]nhà.\r\n\r\n2.Cha Mẹ mồ hôi vất vả đêm ngày giúp con no đầy manh áo hạt cơm\r\nCông Cha dạy con đi trên đường mến Chúa Nghĩa Mẹ gọi mời con sống đời tình yêu\r\nBao nhiêu gánh nặng ôi chẳng hề quên Nuôi con lớn lên nào mong đáp đền\r\n\r\nĐK: Xin cho Cha [Gm7]xin cho [C7]Mẹ được trọn đời mạnh khỏe yên [F]vui.\r\nCon xin [Am]Chúa thiết tha ân [C]tình. Tình Người [C7]Cha và trái tim Mẹ [F]hiền.', 'Xin cảm ta Cha xin cảm ơn Trời Đã ban cho đời con có Mẹ Cha', 1, 'publish'),
(192, 'cau cho cha mẹ 2', 0, '1515/04/13', '1. Xin [Am]Chúa í a chúc lành cho [C]đời cha [G]mẹ của [Am]con .\r\nCông [F]ơn là như núi [G]non dưỡng nuôi [Dm]con bao ngày vuông [C]tròn .\r\n[A7]Con sinh đến trong [Dm]đời an [G]vui nhờ có ơn [C]trời\r\n[Am9]và ơn cha [G]mẹ suốt [C]đời coi [Em7]nhẹ khổ [Am]đau .\r\n\r\n3. An vui cũng như đau buồn luôn đẹp tấm lòng mẹ cha.\r\nAi qua là bao chốn xa thấy đâu vui cho bằng mái nhà.\r\nMai con lớn lên rối ra đi tung cánh trong đời .\r\nDù xa vô bờ vẫn nhớ đến tình mẹ cha\r\n\r\nĐK: [Am]Xin cho cha mẹ [G]con thắm mãi tình [F]son của Chúa [C]Trời\r\n[Am]cho con giữa gia [G]đình luôn sống theo [F]tình người [Em]con [Am]ngoan.', 'Xin Chúa í a chúc lành cho đời cha mẹ của con .', 1, 'publish'),
(193, 'cầu cho cha mẹ 3', 0, '1515/04/13', '1. Cảm tạ [Em]Chúa đã ban cho [G]con Ngàn ngày [Am]vui một [B]mái gia [em]đình\r\nCho [D]con an [G]bình nhờ tay cha [Em]mẹ Dạt dào dòng [D]sữa thơm [G]từ vành [em]môi\r\nNgọt ngào từng bữa cơm [D]lành tràn [G]vui Nước mắt mồ [Am]hôi những ngày tháng [B]trôi\r\nThương [D]con nắng mưa dãi [G]dầu Đẹp [Bm]màu ân nghĩa biển [Em]sâu\r\n\r\n2. Nguyện cầu Chúa dẫn đưa con thơ Dạy lòng con đền đáp ân tình\r\nLuôn yêu gia đình và thương cha mẹ Vì đời này có bao ngày dần qua\r\nMột ngày nào đó không còn mẹ cha Vẫn nhớ tình sâu, biết đền đáp đâu\r\nXin cho những ai còn cha mẹ Vẹn tròn nghĩa hiếu tình son\r\n\r\nĐK: Nguyện cầu [C]Chúa xuống ơn [Am]cho [D]mẹ [G]cha\r\nDù cuộc [C]sống khó khăn [Am]hơn [D]ngày [G]qua\r\n[E7]Chúa theo đường [Am]xa, [D7]giúp cho mẹ [G]cha Trung [Bm]kiên, niềm tin thiết [Em]tha', 'Cảm tạ Chúa đã ban cho con Ngàn ngày vui một mái gia đình', 1, 'publish'),
(195, 'cầu cho cha mẹ 4', 0, '1515/04/13', '1. [Gm]Xin dâng lên [Bb]trời lời [Cm]kinh đơn [Gm]sơ [Eb]Xin dâng tuổi [F]thơ sống [bb]bên cha [D]mẹ\r\n[D7]Ai đếm [gm]được trời muôn ánh [D]sao Cha với [Gm]mẹ tình thương xiết [Cm]bao\r\nKhi mưa [Ab]nắng gian [Bb]lao miệt [eb]mài Khi thức [Gm]trắng qua [Cm]bao đêm [D]dài [D7]\r\nSuối [Gm]nguồn ơn cha [Bb]mẹ [Gm]___ Suốt [Eb]đời [Dm]xin không [Gm]quên.\r\n\r\n2. Xin cho bông hồng nở trên tay cha Xin cho lời ca vút trong tim mẹ\r\nXin Chúa mở lòng con ấu thơ Thương cha mẹ đẹp như ước mơ\r\nCho con nhớ trên con đường tình Không ai quý hơn cha mẹ mình\r\nĐáp tình sao cho đủ Suốt đời xin không quên.\r\n\r\nĐK: Nguyện tình yêu Thiên [D7]Chúa đến [Gm]ở trong gia [Eb]đình người [Bb]Cho cha với [Cm]mẹ [Am]được muôn phúc [D]lành\r\n[Gm]Đời dù bao gian [Bb]khó luôn [Cm6]tìm thấy niềm [D]vui [Gm]Đẹp trong mái [F]nhà [D]bài [C]ca [D]thái [Gm]hòa.', 'Xin dâng lên trời lời kinh đơn sơ Xin dâng tuổi thơ sống bên cha mẹ', 1, 'publish'),
(197, 'cầu cho cha mẹ 6', 0, '1515/04/13', '1. Con còn [gm]bé nên chẳng có [Eb]gì [Bb]Để đền [F]đáp ơn cha mẹ [Gm]mình\r\nCon chỉ [Cm]biết cầu xin Chúa [D]trời Giúp cha [Bb]mẹ an [F]vui suốt [Gm]đời.\r\n\r\n2. Cha me sống gian khổ giữa đời Lòng chỉ muốn cho con nụ cười\r\nTấm lòng đó là trăng sáng ngời Xin Chúa trời luôn luôn chúc lành.\r\n\r\nĐK: Mẹ cha thương [Bb]con tình [F]như núi [gm]non [F]Không hao [gm]mòn là [Cm]không hao [Bb]mòn\r\n[gm]Dù mai sau [Bb]đây đời [F]con lớn [D]khôn [Gm7]Chẳng hề [Cm]quên xin [Dm7]chẳng hề [gm]quên.', 'Con còn bé nên chẳng có gì Để đền đáp ơn cha mẹ mình', 1, 'publish'),
(198, 'cầu cho cha mẹ 7', 0, '1515/04/13', '1. Con ra [Am]đời có mẹ [F]cha, là trời [G]cao biển lớn bao [C]la [E7]\r\nTừng ngày [Am]qua giữa tuổi ngọc ngà, con là nụ [A7]hoa bé nhỏ trong [Dm]nhà,\r\nnhờ công [G]cha, nhờ nghĩa [C]mẹ, con khôn [E7]lớn trong muôn lời [Am]ca.\r\n\r\n2. Nuôi con bằng sữa tình yêu, và dạy con bằng tiếng thương yêu.\r\nLà nụ hoa bé nhỏ dại khờ, con nhờ mẹ cha mới trở nên người,\r\nbàn tay cha, dòng sữa mẹ, xin nghi nhớ không bao giờ quên.\r\n\r\nĐK: Xin ơn trên đỗ xuống muôn [Esus4]nhà, giúp mẹ [E7]cha ngày [Dm]tháng an [C]hòa,\r\nbao nhọc [Am]nhằn xin trái đơm [E]hoa.\r\nXin cho con ở giữa gia [Esus4]đình, sống làm [E7]sao đền [Dm]đáp ơn [C]tình,\r\nơn biển [Fmaj7]trời nghi [E]khắc trong [Am]tim.', 'Con ra đời có mẹ cha, là trời cao biển lớn bao la', 1, 'publish'),
(199, 'cầu cho cha mẹ 8', 0, '1515/04/13', '1. [Am]Tình cao như núi như [F]hoa là hoa thắm [C]màu [Am]Ơn nghĩa mẹ cha nào [C]ai không nhớ trong [Am]lòng\r\n[C]Từng ngày long [F]đong cha [Am]mẹ vất vả trăm chiều [C]Một đời thương [G]đau còn [F]mãi đến [E]khi bạc [Am]đầu\r\n\r\n2. Trời bao thương mến cho con được một mái nhà Con có mẹ cha là như hoa nở trên cành\r\nNhìn về xa xưa ôi lòng biết nói sao cho vừa Tình mẹ công cha ngời sáng bao nhiêu ngày qua\r\n\r\n3. Dù mai khôn lớn đi xa là xa mái nhà Ơn nghĩa mẹ cha đẹp như hoa chẳng phai nhòa\r\nĐường đời đi xa ân tình nhắn hỏi bao người Này tình bao la nào thấy ai hơn mẹ cha?\r\n\r\nĐK: [Am]Xin Chúa ban nhiều ơn giúp cha [F]mẹ giữa bao nhọc [C]nhằn\r\n[Am]Xin Chúa ban niềm [C]vui bước đường [E]xa an ủi mẹ [Am]cha', 'Tình cao như núi như hoa là hoa thắm màu', 1, 'publish'),
(200, 'cầu cho cha mẹ 9', 0, '1515/04/13', '1. Này chúng [A7]con sinh vào [Dm]đời nhờ có [C]tay của mẹ [F]cha, [Dm]\r\nLà Thái [C]sơn cao xa cao [am]xa, là biển [F]Đông bao la bao [dm]la,\r\nNhư một rừng [gm]hoa ngát hương cả bốn [C]mùa, ôi tình mẹ [Am]cha nói lên tình [Dm]Chúa.\r\nĐời chúng [C]con yên vui hân [Am]hoan, nhờ mẹ [F]cha gian nan lo [Dm]toan,\r\nTrong giọt mồ [gm]hôi có vương cả máu [C]hồng, luôn dạy lòng [A7]con biết câu mặn [Dm]nồng.\r\n\r\n2. Rồi lớn lên con vào đời, gặp biết bao nhiêu người thương,\r\nDù có ai hy sinh cho con, dù được ai cho mâm cơm ngon,\r\nĐi gần về xa thấy đâu một mái nhà, như nhà mẹ cha thiết tha từ ấy.\r\nRồi lớn lên con xây non cao, vượt biển khơi bay lên trăng sao,\r\nKhi về nhà xưa với cha và với mẹ, vẫn là trẻ thơ bé như ngày nào...\r\n\r\nĐK: Xin chắp bàn [F]tay xin hát lời [Bb]ca, thiết tha xin [F]Trời giúp [G]cho [A]mẹ [Dm]cha,\r\n[C]Sáng mãi ước [F]nguyền và vơi đi ưu [E7]phiền, trăm năm mãi được bình [A]yên.', 'Này chúng con sinh vào đời nhờ có tay của mẹ cha', 1, 'publish'),
(201, 'cầu cho cha mẹ 10', 0, '1515/04/13', '1. Cánh [Dm]đồng cho bông lúa [Bb]ngon, cánh tay Thiên [Gm]Chúa đặt con làm [a7]người,\r\nbắt [Dm]đầu mở mắt [bb]chào đời, Mẹ [C]Cha nuôi [G]dưỡng ớ ờ biển [Dm]Trời mến [Gm]thương,\r\n[A7]mến [Dm]thương ru con trong đêm [dm]sương, trĩu [C]vai gánh [F]nặng ngàn muôn đau [Dm]thương, ôi ngàn đau [A]thương.\r\nNhìn khắp [C]nơi trên quê hương bao [Am]la, nghĩa Mẹ tình [Dm]Cha như muôn bông [Bb]hoa thắm [A7]muôn mái [Dm]nhà.\r\n\r\n2. Suốt đời tình yêu thiết tha chúng con theo bước Mẹ Cha trọn hiền.\r\nVới Mẹ ở nguyện sống diệu hiền cùng Cha ớ ờ trung chính vững bền sắc son.\r\nSắc son luôn ghi trong tim con tháng năm nghĩa mẹ tình cha không quên, suốt đời không quên.\r\nNhìn biết bao hy sinh bao gian nan, ước nguyện đời con luôn luôn chăm ngoan tháng năm đáp đền.\r\n\r\nĐK. Xin ơn [Dm]trên cho Mẹ Cha hạnh [F]phúc, suốt cuộc [Am7]đời niềm tin yêu thiết [Dm]tha.', 'Cánh đồng cho bông lúa ngon, cánh tay Thiên Chúa', 1, 'publish'),
(212, 'con đường Chúa đã đi qua', 0, '1515/04/14', '1. Lạy [F]Chúa, con đường [Bb]nào Chúa đã đi [Am]qua, con đường [Dm]nào Ngài [gm]ra pháp [C]trường, mão gai [C]nào hẳn sâu trên [F]trái.\r\n7Lạy [Bb]Chúa, Thánh Giá [Gm]nào Ngài vác trên [Am]vai, đau thương [C7]nào phủ kín tâm [F]tư, đường tình [C7]đó Ngài dành cho [F]con.\r\n\r\n2. Lạy Chúa, lưỡi đòng nào đam thấu con tim, đinh nhọn nào con loang máu đào, sỉ nhục nào con vương trên mắt.\r\nLạy Chúa, những bước nào ngục ngã đau thương, bao roi đòn hẳn vết thê lương, đường tình đó Ngài danh cho con.\r\n\r\n3. Lạy Chúa, ôi đường tình Chúa đã đi qua, con đường thập tự loang máu đào, ôi lưỡi đòng còn loang vết máu.\r\nLạy Chúa, Thánh Giá nào Ngài đóng đinh xưa, chén đắng nào Ngài uống say sưa, đường tình đó Ngài dành cho con.\r\n\r\n4. Lạy Chúa, trên đường đời lắm nỗi gian chuân, con chợt mình, niềm vui thế trần, quên ân tình Ngài thương ban phát.\r\nLạy Chúa, Chúa đến vì tội lỗi muôn dân, chết khổ hình Thập Gía treo thân, đường tình đó Ngài danh cho con.\r\n\r\nĐK: Lạy [F]Chúa, xin cho [Am]con bước đi theo [Dm]Ngài,\r\nxin cho con cùng vác với [bb]Ngài, Thập [gm]Gía trên đường đời con [C]đi.\r\nLạy [Bb]Chúa, xin cho con đóng đinh với [F]Ngài,\r\nxin cho [Dm]con cung chết với [Bb]Ngài, để được [C7]sống với Ngài vinh [F]quang.', 'Lạy Chúa, con đường nào Chúa đã đi qua', 1, 'publish'),
(213, 'một lòng tự hối', 0, '1515/04/14', '1. [Em]Người cha ngóng trông con Đã bao [c]năm [d]hoang [G]đàng\r\n[Em]Nhìn về chốn xa [C]xăm Dõi mắt [A]theo ngày [B]tháng\r\n[e7]Đời cứ thế vẫn [Am]trôi dần [D7]Bóng con nay ở [G]đâu\r\n[B]Người cha mắt vấn vương u sầu [C]Héo hon [B]trong khổ [Em]đau\r\n\r\n2. Người con thứ ra đi Mãi phương xa chân trời\r\nTìm vui thú giữa đời Sống bê tha lầm lỗi\r\nNạn đói đến trong căn làng Thấy tâm tư tự hối\r\nNgười con thứ quyết quay về Nói với cha một lời\r\n\r\n3. Lòng cha rất bao dung Vẫn yêu thương vô bờ\r\nDù con trót lỗi phạm Những bước chân lầm lỡ\r\nNày bê béo cha ăn mừng Đón con yêu về đây\r\nVì con đã ra đi giờ Biết hối tâm đổi thay\r\n\r\n4. Từ nay sống trong cha nỗi sướng vui khôn cùng\r\nLệ mừng đẫm đôi mi Thấy tâm tư hạnh phúc\r\nĐời quên hết bao ưu phiền Tránh xa bao lạc thú\r\nGiờ con đã ăn năn rồi Đến nương thân cùng cha\r\n\r\nĐK: Con giờ đây tự [C]hối Những đam [G]mê lầm lỗi trong [Em]đời\r\nBao ngày tháng đi [Am6]hoang Thấy xót [D]xa tâm tư lạc [Bm]loài\r\nCon nguyện xin Thiên [C]Chúa Hãy dung [G]tha ngày tháng trót [Em]phạm\r\nXin ngài khứng thương [Am6]ban Nguồn ơn [Bm7]Thánh xoá tẩy hồn [Em]con', 'Người cha ngóng trông con Đã bao năm hoang đàng', 1, 'publish'),
(214, 'sám hối 3', 0, '1515/04/14', '1. Nơi vực [Bm]sâu, một người tội [Em]lỗi vươn tới,\r\nngọn nguồn ánh [A]sáng yêu thương hòa chan hòa, nguyện xin Chúa [D]hứ tha cho. [F#7]\r\nTrên đỉnh [Bm]cao, một người đạo [Em]đức quay xuống,\r\ntự hào với [A]những công lao ngày qua ngày, vượt bao cám [D]dỗ cheo leo. [F#7]\r\n\r\nĐK 1 : Mặt trời vẫn [Bm]sáng soi cho hai thân phận, dù là phía [Em]cuối nơi sâu vực sâu.\r\nMặt trời vẫn [A]sáng soi cho hai tâm hồn, dù nơi chót [D]vót cao xanh. [F#7]\r\nThái dương tình rất bao dung, từ vô tận đến.\r\n2 Con nhận ra, khi con tự thấy con sống\r\nthật là rất tốt không chê vào đâu được, thì con đã quá kiêu căng.\r\nCon quay xuống, những người tội lỗi xa ngã,\r\nnặng lòng xét đoán chi li về bao điều, lại thêm ánh mắt khinh chê.\r\n\r\nĐK 2 : Nào ngờ chính lúc con đang quay lưng lại,để mà cúi xuống nơi sâu vực sâu.\r\nLại là chính lúc con đang quay lưng lại mặt trời Chúa sáng soi cho.\r\nChính gương mặt tối tăm đi, còn đâu rạng rỡ.\r\n\r\n******************************************\r\nCon xin hối [G]hận. xin được [D]Chúa [F#7]thứ tha.\r\nCon xin ước [G]nguyện, luôn nhỏ [D]bé khiêm [Cm]hạ.', 'Nơi vực sâu, một người tội lỗi vươn tới', 1, 'publish'),
(215, 'xa mặt trời', 0, '1515/04/14', '1. Mặt trời [F#7]đó xa [bm]con Nên từ [D]lâu đêm dài tối [Em]tăm\r\nVùi trong thao [A]thức trong đêm [D]đen hao mòn thân [F#]xác\r\nBao đam [F#7]mê phút chốc qua [Bm]mau [E7]\r\nNhiều canh [A]tối biết bao [G]lần tội lỗi [Em]con đã lắm [D]phen bây giờ [F#7]đây mơ về [Bm]đâu\r\n[C]Con xa ánh mặt [Bm]trời [C]trong đau buồn ngất [Bm]ngây\r\n\r\n2.Lòng hối lỗi ăn năn Cha Người ơi xin Ngài xót thương\r\nGiờ đây sám hối con say sưa trong tình yêu đó\r\nCho con đi Chúa hãy cho con\r\nĐời giông tố xót xa nhiều giờ đã quên những tháng năm thương đầy vơi đau triền miên\r\nNhờ lòng Chúa khoan hồng Thôi không còn xót xa\r\n\r\nĐK : Yêu con thương con đừng cách [A]xa con [G]Cho bao tâm tư trọn ước [F#7]mơ xa\r\nBao la trong tay lòng Chúa [A]khoan [G]nhân như hương muôn hoa quyện khắp [F#7]nơi nơi\r\n[bm]Ngài là suối mát tình [E7]thương [A]êm đềm trong [Bm]con [A]êm đềm trong [Bm]con.', 'Mặt trời đó xa con Nên từ lâu đêm dài tối tăm', 1, 'publish'),
(226, 'Giêsu Giêsu', 0, '1515/04/16', '1. Nhìn thập [F]giá ngất [C]cao Giêsu chịu [F]treo\r\nCon gẫm suy: Sao [A7]Chúa yêu con làm [dm]chi? [d7]\r\nKìa trên thiên [gm]quốc cõi [c7]phúc vinh quang nào [F]thiếu đâu\r\nMà đến [c]đây chung [c]cùng chia sẻ kiếp [f]người.\r\n\r\n2. Đường lên núi dốc cao Calvê chiều nao\r\nLê bước đi nghiêng ngả trên con đường gai\r\nNày sao hỡi Chúa mang lấy bao nhiêu là đớn đau\r\nLòng xót xa nghẹn ngào không thốt lên lời.\r\n\r\n3. Mặc ai đó bĩu môi khinh khi cười chê\r\nTin nổi sao? Một Chúa ngô nghê chịu treo\r\nPhần con chỉ biết một Đức Kitô chịu đóng đinh\r\nVà chết treo thập hình để cứu muôn người.\r\n\r\n4. Kìa trông Chúa mắt môi như đang gọi ta\r\nYêu trách ta sao nỡ vô tâm thờ ơ ?\r\nVòng gai đinh sắt chưa đủ khơi lên lòng cảm thương sao.\r\nNào hãy mau quay về bên Chúa nhân từ\r\n\r\nĐK: Giêsu Giêsu, con [bb]muốn yêu Ngài tha thiết\r\n[gm]Ôi! Giêsu Giêsu, tình [c7]Chúa xiết bao diệu [a7]kỳ! [f]\r\nGiêsu Giêsu, vì [bb]sao Ngài hy sinh chết? [gm]\r\nChết treo khổ [am]đau thập [c7]giá ngất cao chiều [f]nao.\r\n\r\nmấy ai biết [am]chăng, vì [c7]chúa quá yêu trần [f]gian', 'Nhìn thập giá ngất cao Giêsu chịu treo', 1, 'publish'),
(227, 'Cảm ơn Người', 0, '1515/04/16', 'có thể chơi theo canon D\r\n[D]____[A]____[Bm]____[F#m]____[G]____[D]____[G]____[A]\r\n\r\n*******************************\r\n\r\n1. Cám ơn [D]Người vì ngày hôm [d7]nay đây chúng con [G]quây quần có [A]nhau\r\nBiết bao [Em]hạnh phúc sớt chia [D]cuộc sống mến thương [Asus4]nhau đây trọn tình [A7]thân\r\n\r\n2. Cám ơn từng lần ngồi cạnh nhau đây hát cho nhau bài ca dễ thương\r\nCám ơn mọi lúc sướng vui và lúc đã cho nhau kỉ niệm sầu đau.\r\n\r\n3. Cám ơn Người vì một tình thân thương biết hăng say đẹp lời ích chung\r\nCám ơn được đến với nhau cùng hát chúc khen Người muôn vạn lời ca.\r\n\r\n4.Cám ơn Người vì được gần nhau đây thấy nhau xinh đẹp như ước mơ\r\nCám ơn được khóc với nhau cùng lúc ngóng trông nhiều mong gặp lại nhau\r\n\r\n5. Cám ơn nhiều vì ngày hôm nay đây chúng ta đang còn trông thấy nhau\r\nHãy yêu nhiều nữa cách xa còn nhớ chúc nhau [A]trọn nguyện ước an [D]bình.', 'Cám ơn Người vì ngày hôm nay đây chúng con quây quần có nhau', 1, 'publish'),
(228, 'từ lúc Mẹ nói lời xin vâng', 0, '1515/04/16', 'PK 1: Từ [dm]lúc Mẹ [a7]nói lời xin [dm]vâng, trời với [f]đất rất [g]đỗi vui [a]mừng, [a7]\r\nngọt [dm]ngào như dòng suối [f]mát giữa [gm6]nơi sa [A]mạc, huyền nhiệm [c]quá muôn đời [A]tiếng “xin [dm]vâng”.\r\n\r\nPK 2: Từ lúc Mẹ nói lời xin vâng kỉ nguyên mới đã đến trong đời,\r\ndịu dàng như làn gió mát giữa cơn nắng hạ, huyền nhiệm quá muôn đời tiếng “xin vâng”.\r\n\r\nPK 3: Từ lúc Mẹ nói lời xin vâng Mẹ trở nên Thánh mẫu tuyệt vời,\r\nnhờ Mẹ Ngôi lời Thiên Chúa đến với nhân loại huyền nhiệm quá muôn đời tiếng “xin vâng”.\r\n\r\nĐK: Mẹ thưa xin vâng, xin [bb]vâng [am]trọn Thánh ý Chúa [dm]Cha, [d7]\r\nMẹ thưa xin [gm]vâng với Tin [f]Mừng của [g]Con Chí [a]Thánh. [dm]\r\nMẹ thưa xin [bb]vâng với tác [am]động của Chúa Thánh [dm]Linh, [d7]\r\ncon muốn theo [gm]Mẹ sống xin [f]vâng với trái [a7]tim thảo [dm]hiền.', 'Từ lúc Mẹ nói lời xin vâng, trời với đất rất đỗi vui mừng', 1, 'publish'),
(229, 'lạy Chúa Thánh Thần', 0, '1515/04/16', 'ĐK: Lạy Chúa Thánh [d]Thần, xin Ngài ngự [a7]đến, canh tân đổi [em]mới đời sống chúng [d]con!\r\nTăng sức linh [d7]hồn, bồi thêm lửa [g]mến soi sáng trí [a7]khôn, hiệp nhất muôn [d]lòng.\r\n\r\n1. Chúa [bb]hỡi, khấn xin ngự [gm]đến, đổ tuôn muôn [a7]ơn phù giúp chúng [d]con!\r\nXin [b7]thương soi dẫn nhân [em]tâm, nương theo Thần [a7]Khí bước trong bình [d]an.\r\n\r\n2. Hãy đến, Thánh Linh từ ái, suối ơn mát trong, là Đấng ủi an.\r\nXin thương nâng đỡ ủi an con chiên lạc hướng khổ đau lầm than.\r\n\r\n3. Hỡi Đấng, tác sinh sự sống, nước thiên nhiệm mầu, là Đấng Thánh thay!\r\nXin thương, thanh tẩy trinh trong, bao nhiêu tội lỗi vấn vương hồn ai.\r\n\r\n4. Hỡi Đấng, lửa thiêng hằng cháy, kết liên Ba Ngôi, Thần Khí Chúa Cha!\r\nXin thương, nung đốt tâm can, nhen lên lòng mến những ai thờ ơ.\r\n\r\n5. Hỡi Đấng, chí công quyền phép, thấu xuyên tâm tư, hồn xác chúng con!\r\nXin thương, tuyên án khoan dung, ai nương tựa Chúa biết luôn cậy tin.', 'Lạy Chúa Thánh Thần, xin Ngài ngự đến, canh tân đổi mới đời sống chúng con', 1, 'publish'),
(230, 'Thánh thần hãy đến', 0, '1515/04/16', '1. Thánh [am]Thần, khấn xin ngự [c]đến, hồn [dm]con [E7]đang mong chờ [am]Ngài,\r\nsuối nguồn thánh ân hiện [c]xuống, này dương [E]gian, xin Ngài đổi [f]mới.\r\nNgài [g]ơi, xin Ngài hãy [am]đến, chiếu [dm]sáng thế gian u[e] mê tối [am]tăm.\r\nNgài [G]ơi, xin Ngài hãy [f]đến, hiển [e]linh Ngài [a]ơi.\r\n\r\n2. Thánh Thần, khấn xin ngự đến, hồn con đang mong chờ Ngài,\r\nmở lòng sáng soi đường đi, tìm chân lý, công bình bác ái.\r\nNgài ơi, xin Ngài thương đến, uốn nắn nẻo đi quanh co sai lầm.\r\nNgài ơi, xin Ngài hãy đến, dẫn đi đường ngay.\r\n\r\n3. Thánh Thần, khấn xin ngự đến, hồn con đang mong chờ Ngài,\r\ndẫn về những chiên lạc hướng, về chung sống trong đàn chiên Chúa.\r\nNgài ơi, xin Ngài thương giúp chỉ lối những ai đi xa chưa về.\r\nNgài ơi, xin Ngài hãy đến, ủi an Ngài ơi.\r\n\r\n4. Thánh Thần, khấn xin ngự đến, hồn con đang mong chờ Ngài,\r\nsưởi lòng những ai lạnh giá, gặp phong ba, không còn tin yêu.\r\nNgài ơi, xin Ngài trông đến, đốt cháy lửa thiêng vô biên mến thương.\r\nNgài ơi, xin Ngài hãy đến, đến ban bình an.\r\n\r\nÐK: Lạy Ngài xin [a7]đến dẫn [d]đắt chúng con trên [a]đời.\r\nCầu Ngài liên [C#m]kết chúng [bm]con nhất tâm trong [e]Ngài. [a]\r\nCầu Ngài ban [a7]ơn thêm [d]sức kiên vững không []C#mlay. [f#m]\r\nSống sao nên [e]người con [e7]Chúa chứng nhân tình [a]yêu.', 'Thánh Thần, khấn xin ngự đến, hồn con đang mong chờ Ngài', 1, 'publish');
INSERT INTO `song` (`id`, `title`, `slug`, `date`, `content`, `excerpt`, `author`, `status`) VALUES
(231, 'Chúa đã sống lại', 0, '1515/04/16', '1. [G]Chúa đã sống lại, đây hào quang xóa tan màn [Em]đêm.\r\nChúa đã sống [G]lại tin mừng vui xua tan đêm [Bm]tối\r\n<span style=\"line-height: 1.5;\">Ánh sáng rạng [C]ngời ngàn năm xưa đã đợi [Em]chờ.\r\nKhúc hát ngợi [D7]mừng nay thắm lên đôi môi nhạt [G]mờ</span>\r\n\r\n2. Đã bao năm dài, ôi trần gian sống trong lầm than.\r\nSống kiếp ngục từ luôn đợi mong tương lai tươi sáng\r\nThoát kiếp khổ sầu lệ vui đôi mắt rạng ngời.\r\nThoát ách tội tình vang hát lên tươi vui cuộc đời.\r\n\r\n3. Đứa con lạc loài mê chìm trong tối tăm trần ai.\r\nSống kiếp hoang đàng xa niềm vui thiên thu dấu ái.\r\nÁng sáng rạng ngời giờ đây soi lối đường về.\r\nNên sức ơn thiêng xa bến mê xa con đường lầm.\r\n\r\nĐK : ĐK: Al-le-lu-[C]ia Al-le Al-le-lu-[Bm]Ia.\r\nMiếng đã nhỏ [Am]nhoi, nay trở thành phiến đá góc [G]tường\r\nNào ca vui [C]lên, vui lên hỡi các tầng [Bm]trời.\r\nCùng với muôn [Am]loài cất cao [D7]lời ca khen thắm [G]tươi.', 'Chúa đã sống lại, đây hào quang xóa tan màn đêm', 1, 'publish'),
(232, 'Chúa là mục tử', 0, '1515/04/16', '1. [D]Chúa là mục tử Người dẫn lối chỉ đường cho [F#m]con đi.\r\nĐi trong tay [Bm]Chúa nào con thiếu chi con sợ [A]chi.\r\n[A7]Cỏ tươi rợn đồng [D]xanh con no [G]thỏa không bao giờ [F#m]thiếu nữa.\r\n[Bm]Suối nước trường [D]sinh con thỏa [Bm]uống [A]no [D]đầy.\r\n\r\n2. Chúa là mục tử Người dẫn dắt con lần theo chính lối.\r\nCho con đi tới vì danh Chúa con không lạc vướng.\r\nTối tăm con sợ chi vì có Chúa với con cùng tiến bước,\r\ncánh tay Người đưa gậy người dẫn yên lòng.\r\n\r\n3.Chúa là mục tử Người dọn bữa kê bàn cho muôn dân.\r\nDầu Người chàn lan và chén ái ân Người đầy chan.\r\nChúa ban cho đời con qua năm tháng hưởng dư đầy phúc đức.\r\nChúa ở cùng con, con cùng Chúa muôn đời.\r\n\r\nĐk: Chúa chiên nhân [Bm]từ người [Em]dẫn con tới [A]đồng nội này,\r\n[D]suối nước mát bóng con [G]tới ống thảnh [D]thơi.\r\nChúa ơi sướng [F#m]vui trong tay [E7]Chúa người dẫn [A]con đi.\r\n[D]Đi giữa suối mát cỏ [F#m]xanh [A]con thiếu [D]gì.', 'Chúa là mục tử Người dẫn lối chỉ đường cho con đi', 1, 'publish'),
(236, 'Xa mặt trời (không bỏ con)', 0, '1515/04/17', '1. [Dm]Sống kiếp phong trần say [F]đắm, [bb]bao đam mê thoáng qua [a]nhanh\r\n[c]lối dẫn đưa vào sa [gm]đọa nào [bb]biết vấn vương lụy ưu [a]phiền.\r\n[dm]Giờ tàn hơi trong xót [gm]xa chỉ [c]biết đến bên Ngài Chúa [f]ơi\r\n[a]Mở rộng lòng thương đón [bb]con, Chúa [a7]ơi Chúa vẫn không bỏ [dm]con.\r\n\r\n2. Vẫn biết bao lần gian dối thân buông trôi xót xa chưa.\r\nĐã lắm phen niềm tin nhạt mờ giờ biết đến đâu là bến bờ\r\nMột lần thôi xin hãy thương cho con biết quay về bến bờ\r\nNgọt ngào con say tiếng ca, Chúa ơi Chúa vẫn không bỏ con.\r\n\r\nĐK : [d]Thương con Chúa hỡi hãy ở [a7]bên con.\r\n[em]Cho con hơi ấm nồng cháy [d]yêu thương\r\n[d]Khi con bên Chúa lòng thấy [a7]yên vui\r\n[em]Xua tan say đắm tội lỗi [d]đam mê\r\n[F#m]Bao la thay ánh dương [bm]tuyệt vời, [bb]dọi chiếu trong [d]con, [gm]bừng sáng đêm [d]đen.', 'Sống kiếp phong trần say đắm, bao đam mê thoáng qua nhanh', 1, 'publish'),
(237, 'Con dâng Chúa', 0, '1515/04/17', '1. Con dâng [Am]Chúa đôi tay [E7]này Từng vất [Am]vả làm cho tê [F]tái\r\nCon dâng [G]Chúa đôi bờ [Am]vai Gánh [Dm]gồng nặng trĩu bao [C]ngày\r\nCon dâng [E7]Chúa đôi chân này Đi tìm hạnh phúc miệt [Am]mài\r\n\r\nĐK 1 : Vì ngày [C]mai, con lo hôm [Am]nay Vì tương [G]lai, con lo hiện [Am]tại\r\nBởi trời [F]đất mãi luôn vần [E7]xoay Và cuộc [Am]sống bon [E7]chen từng [Am]ngày\r\n\r\n2. Đây đôi mắt trông lên Ngài Khi nổi buồn làm con chới với\r\nKhi đau đớn xé vành môi Những lần gục ngã trong đời\r\nĐây mơ ước trôi qua rồi Đã làm sầu héo nụ cười\r\n\r\nĐK 2 : Vì lạy Chúa con luôn tin yêu Dù băn khoăn lo âu mọi điều\r\nDù ngàn tiếng khóc than đìu hiu Dù đời sống đau thương còn nhiều', 'Con dâng Chúa đôi tay này Từng vất vả làm cho tê ái', 1, 'publish'),
(238, 'Hãy thắp sáng lên', 0, '1515/04/17', '1.Này bạn [c]hỡi hãy thắp sáng [g]lên, thắp sáng [e7]lên con tim nồng nàn. [am]\r\nNày bạn [dm]hỡi hãy thắp sáng [g7]lên ngọn lửa yêu [c]thương.\r\nCuộc đời [am]bao tăm tối quanh [em]tôi, đang cần [f]đến ánh sáng chiếu soi.[f]\r\nNày bạn [f]hỡi xin chớ lãng quên[em] ánh nến trái tim cho đời đẹp [c]lên. [g]\r\n\r\n2.Này bạn hỡi hãy thắp sáng lên, thắp sáng lên tươi vui đầy tràn.\r\nNày bạn hỡi hãy thắp sáng lên ngọn lửa hân hoan.\r\nĐời hạnh phúc khi sống trao ban, đem tình Chúa tỏa sáng thế gian.\r\nNày bạn hỡi xin chớ hững hờ, xin chớ ơ thơ Chúa đang đợi chờ.\r\n\r\nĐK : [c]Hãy thắp lên đời [em]ta, [am]hãy thắp cho trần [c]gian.\r\n[f]Thắp sáng lên tình [am]yêu, sáng lên niềm [d7]tin, niềm tin [g]GIÊSU [g7]\r\n[c]Hãy thắp lên đời [em]ta, [am]hãy thắp cho trần [c]gian.\r\n[f]Đốt cháy tan niềm [am]đau, xóa bóng đêm từ [g7]lâu vây kín quanh [c]đời.', 'Này bạn hỡi hãy thắp sáng lên, thắp sáng lên con tim nồng nàn.', 1, 'publish'),
(239, 'Trong trái tim Chúa yêu', 0, '1515/04/17', '1. Trong trái [g]tim Chúa [f]yêu muôn [am]đời con xin [dm]được một chỗ nghỉ [c]ngơi.\r\nNhỏ bé [e]thôi nhỏ bé [f]thôi như nước [g7]mưa tan trong biến [c]khơi. [am]\r\nNhỏ bé thôi nhỏ bé [dm]thôi. Trái tim [g]con trong trái tim [c]Người\r\nnhỏ bé thôi nhỏ bé [e]thôi là tình [e]con trong khối tình [am]người.\r\n\r\n2. Trong trái tim Chúa như môi hồng con xin được như bé ngủ mơ.\r\nMột giấc mơ nghìn giấc mơ những giấc mơ ấm êm tuổi thơ.\r\nNhỏ bé thôi nhỏ bé thôi mỗi ước mơ con có trong đời\r\nlà sống vui là hát vui là trẻ thơ trong mái nhà Người.\r\n\r\n3. Trong trái tim Chúa bao ân cần con xin được say mến hồng ân.\r\nLà trái ngon là trái ngon những trái ngon dưỡng nuôi đời con.\r\nLà bánh thơm là sữa thơm giúp con mau chân bước lên trời.\r\nLà đoá hoa là tiếng ca gọi lòng con vui bước về nhà.\r\n\r\n4. Trong trái tim Chúa bao dịu dàng con xin được nghe Chúa bảo ban.\r\nDạy dỗ con, dạy dỗ con biết sống sao thắm tươi tình son.\r\nTìm bước theo đường Chúa yêu biết dâng trao biết thứ tha nhiều.\r\nCùng Chúa đi cùng Chúa đi hoà niềm vui chung với mọi người.\r\n\r\nĐK. Trái tim hồng Thiên [c]Chúa trái tim người [g]Cha\r\nmãi muôn đời yêu [e7]dấu chúng con gần [am]xa.\r\nTháng năm đời con [f]sống chứa chan lời [e7]ca\r\ncó ân tình Thiên Chúa trái tim nở [am]hoa.', 'Trong trái tim Chúa yêu muôn đời con xin được một chỗ nghỉngơi', 1, 'publish'),
(240, 'Bao la tình Chúa', 0, '1515/04/17', '1.Bao [Am]la tình Chúa yêu [dm]con mênh [g]mông như biển thái [c]bình\r\ndạt [f]dào như ngàn con [e7]sóng vỗ [am]về năm tháng đời [e]con\r\ntình [dm]Ngài như mưa đỉnh [e]núi suốt [f]đời tuôn [g]đổ dạt [c]dào\r\nmột tình [dm6]yêu vô [g]biên, một tình [em]yêu vô [am]biên.\r\n\r\n2.Xa xôi ngày tháng êm trôi yêu thương như nước xuôi dòng\r\nmặn nồng như làn hơi ấm đổ đầy mưa nắng đời con\r\ncòn gì như ân tình Chúa dắt dìu con bước trong đời\r\ntừng nhịp chân yêu thương, từng nhịp chân yêu thương\r\n\r\n3.Êm như làn gió đưa mây đôi tay con hướng lên trời\r\nnguyện cầu cho đời con mãi giữ trọn lời hứa trung kiên\r\nmột đời con xin tận hiến Chúa là hơi ấm mẹ hiền\r\ntrọn đời con nương thân, trọn đời con nương thân\r\n\r\nĐK: Hồng ân [am]Chúa như mưa, như [c]mưa\r\nrơi xuống đời [g]con miên man, miên man\r\nnâng đỡ tình [f]con trong tay, trong tay vòng tay thương [c]mến [e7]\r\nđời có [am]Chúa êm trôi êm [c]trôi\r\nChúa dắt dìu [g]con luôn luôn không thôi\r\ncó Chúa cùng [f]đi con không đơn [am]côi ôi [e7]tình tuyệt [am]vời.', 'Bao la tình Chúa yêu con mênh mông như biển thái bình', 1, 'publish'),
(243, 'bao giờ', 0, '1515/04/21', 'ÐK: Bao [am]giờ, đến bao [f]giờ [g]con không còn [c]lỗi Chúa [e]ơi.\r\nBao [am]giờ, đến bao [f]giờ [c]con nên trọn [bm]lành Chúa [e]ơi.\r\nXin [am]Ngài chớ chấp tội vì con yếu [c]đuối Chúa [f]ơi.\r\nChúa [g]ơi giây phút [e]này con thiết tha [e7]cầu Chúa [am]thương.\r\n\r\n1. [a7]Cha không muốn con [dm]người tội [g7]lỗi phải chết muôn [c]đời,\r\n[f]nhưng Cha vẫn mong [dm]chờ đón [e7]đợi tha thứ lỗi [am]lầm.\r\n[a7]Trong giây phút dại [dm]khờ đời [g7]con trôi nổi dật [c]dờ,\r\n[f]giờ này con đến [g]đây cúi [e]đầu chờ Cha phán [am]dạy.\r\n\r\n2. Bao u ám nguy hại lầm than đau khổ trong đời.\r\nBao cay đắng u buồn xót xa vương vấn tâm hồn.\r\nTrong giây phút dại khờ đời con trôi nổi dật dờ\r\ngiờ này con đến đây cúi đầu chờ Cha phán dạy.\r\n\r\n3. [a7]Ôi năm tháng qua [dm]rồi nhiều [g7]phen con đã vô [c]tình.\r\n[f]Phiêu du gót phong [dm]trần mải [e7]mê mơ ước xa [am]vời,\r\n[a7]nên thương mến nhạt [dm]nhòa niềm [g7]tin xao xuyến mịt [c]mờ.\r\n[f]giờ này con đến [g]đây cúi [e]đầu chờ Cha phán [am]dạy.\r\n\r\n4. Ơn châu báu vô ngần tình Cha lai láng tuôn tràn.\r\nCon không những ơ hờ lắm khi bội nghĩa vô tình,\r\nnhưng Cha vẫn nhân từ tình thương trung tín vẹn toàn,\r\nvì lòng Cha mãi yêu suốt đời tình yêu vững bền.', 'Bao giờ, đến bao giờ con không còn lỗi Chúa ơi', 1, 'publish'),
(244, 'Chúa đã sống lại', 0, '1515/04/21', '1. [bb]Chúa hóa nên [gm]người vì [dm]thương chúng [f]ta,\r\n[bb]Sống kiếp con [gm]người lam [cm]lũ hy [f]sinh.\r\n[bb]Chiến thắng khải [gm]hoàn quyền [dm]uy cõi [f]chết,\r\nThiên Chúa chúng [c7]ta phục [f]sinh.\r\n\r\n2. Hỡi... những tâm hồn ngày đêm ước ao\r\ncõi phúc Thiên đường trong sáng nên thơ.\r\nChúa đã sống lại vì thương anh đó.\r\nThôi hãy vui lên người ơi!\r\n\r\n3. Hỡi... những con người lòng ngay khổ đau\r\nsống kiếp phong trần thân thế bơ vơ.\r\nChỉ thấy chân Trời màu đen ưu tối.\r\nThôi hãy quên đi niềm đau!\r\n4. Hỡi... những con người nào ai nhớ thương,\r\nvới tấm thân gầy cay đắng hiên ngang..\r\nHãy nhớ cho rằng vì thương anh đó.\r\nNên Chúa chúng ta phục sinh!\r\n\r\nĐK : Cùng nhau ta [bb]hát khúc hát Chúa đã sống [d]lại vui thay.\r\nNgười [eb]ơi reo lên tiếng Ta phục [f]sinh [cm]Halelug[bb]ia.\r\nĐồng hành ta [bb]hát khúc hát Chúa đã phục [eb6]sinh quang vinh.\r\nChúa [bb]ta thương ta Ngài là hiển [eb]vinh. [bb]', 'Chúa hóa nên người vì thương chúng ta', 1, 'publish'),
(245, 'chứng nhân tình yêu', 0, '1515/04/21', '1/[dm]Khi con nghe tiếng kêu mời, gọi [gm]con đi gieo niềm tin [dm]mới.\r\n[gm]Con nay như thấy ngỡ [c]ngàng vì [bb]Chúa đã đoái thương chọn [a7]con.\r\n[dm]Rồi một ngày Thánh Thần [bb]Chúa đã [d7]đến thánh hiến con cho [gm]Ngài,\r\n[c7]sai con đi khắp mọi [f]nơi rắc [a7]gieo tin vui cho muôn [d]người.\r\n\r\n2/ Con say sưa với tháng ngày, Tình Yêu cho con nguồn sức sống.\r\nCon hân hoan bước trên đường Hồng Phúc bát ngát xanh đồi nương.\r\nĐể tìm lại những tình thương, quá khứ héo úa trong muôn lòng.\r\nCho quên đi những sầu vương, Chúa ơi xin thương ai đoạn trường.\r\n\r\n3/ Trong tâm tư biết bao người ngày đêm cô đơn buồn không nói.\r\nNhưng đâu ai đến với họ để hát tiếng hát trong niềm vui.\r\nVì nhiều người vẫn nghèo đói, thế giới thiếu vắng bao nụ cười.\r\nXin cho nhau những tình thương, sớm mai cơn mê đã tan rồi.\r\n\r\n4/ Xin cho con suốt một đời, Tình Yêu cho đi làm lẽ sống.\r\nXin cho con biết trung thành hoàn tất những bước chân đẹp xinh.\r\nNguyện một đời con tìm đến với hết những ai chân tình.\r\nĐể tình người vẫn còn xanh ngát hương như hoa xuân trên cành.\r\n\r\nĐK: Này [d]đây Chúa [f#m]ơi con hiến dâng cho [bm]Ngài:\r\n\"niềm [em]tin, tâm [a7]tư cùng trái tim nồng [d]cháy\". [d7]\r\nTừ [g]đây hăng say theo bước chân của [f#m]Ngài,\r\ntrung kiên làm chứng nhân Nước [bm]Trời,\r\nthắp [a7]lên hạnh phúc cho muôn [d]người.', 'Khi con nghe tiếng kêu mời, gọi con đi gieo niềm tin mới', 1, 'publish'),
(246, 'con đường Giêsu', 0, '1515/04/21', '[em]Giữa cuộc đời trăm [c]vạn nẻo đường,\r\n[bm]xin chọn con đường yêu [em]thương.\r\n[g]Đường yêu thương cho ta gặp nhau,\r\ncùng chung hướng đến an vui. [b]\r\n[em]Chấp nhận [am]nhau dù [d]khác biệt [g]nhau\r\n[bm]để không còn xa [em]lìa.\r\nSống gần [am]nhau và [d]sống vì[g] nhau,\r\n[bm]giúp nhau qua khổ [em]đau.\r\n\r\n[g]Đường mới, theo Giê-su ta đi về [e7]khắp đất [am]trời.\r\n[d]Đời tươi, [b7]trong Giê-su bên nhau phục [em]vụ vui sống.\r\n[g]Hạnh phúc, [e7]qua Giê-su ta yêu và [am]được yêu mãi.\r\n[c]Lối yêu thương, [d7]vững đôi [g]chân, [b7]ta bước đi mỗi [em]ngày.', 'Giữa cuộc đời trăm vạn nẻo đường, xin chọn con đường yêu thương', 1, 'publish'),
(247, 'tâm tình con ngoan', 0, '1515/04/21', '1. Của lễ con [dm]dâng là vâng [e7]lời cha mẹ của [am]con.\r\nCủa lễ con [c]dâng là yêu [dm]thương bạn bè lối [e]xóm.\r\n[g]Trong hồn nhiên thật [f]thà.\r\n[e]Trong tình thương ngoan [am]hiền, xin Chúa [c]nhận của lễ con [am]dâng.\r\n\r\n2. Của lễ con dâng là vâng lời khuyên của thầy cô.\r\nCủa lễ con dâng là chăm ngoan học hành ghi chép.\r\nTrong hồn nhiên thật thà.\r\nTrong tình thương ngoan hiền, xin Chúa nhận của lễ con dâng.\r\n\r\nĐK: [a]Trên đôi tay ngọc [F#m]ngà, [bm]xin đơn sơ làm [e]đầu, đoàn [e7]con cùng dâng [a]tiến.\r\n[bm]Trên đôi môi nụ [e]hồng. [a]Với tiếng hát ngọt [c#m]mềm, chân [e6]thành cùng tiến dâng [a]lên.', 'Của lễ con dâng là vâng lời cha mẹ của con', 1, 'publish'),
(248, 'niềm xác tín của con', 0, '1515/04/21', '1.Con luôn tin [am]rằng, tình Ngài thương [f]con không bờ không [e]bến. [e7]\r\nCon luôn tin [am]rằng, Ngài chọn tên [dm]con khi [e7]chưa có sao [am]trời.\r\nMặt trời Mặt [f]trăng theo con ngày [g]ngày, nẻo đường con [am]đi thiên nhiên dịu [c]vời.\r\nNgài phủ vây [em]con với khí trời mát [am]trong\r\n\r\n2.Con luôn tin rằng Ngài chọn tên con lên hàng khanh tướng.\r\nCon luôn tin rằng Ngài dìu con đi trong cung thánh điện Ngài.\r\nDù đời ô nhơ, u mê dại khờ, Ngài đã thương yêu không chê tầm thường.\r\nTình Ngài cho con ôi mang nhiều mến thương.\r\n\r\nĐK: Và này con [f]đến Chúa [am]ơi, xin quyết theo Ngài. [f]\r\nDẫu có cô [c]đơn, dẫu chút lo [f]âu con luôn vui [e7]bước. [am]\r\nMột điệu nguyện [f]ước Chúa [am]ơi, ân thánh Chúa trời. [f]\r\nDẫn lối con [c]đi, dẫn bước trung [f]trinh, [e]nơi thánh điện [am]Ngài.', 'Con luôn tin rằng, tình Ngài thương con không bờ không bến', 1, 'publish'),
(249, 'tình ca vô tận', 0, '1515/04/21', '1. Tình [am]Ngài như mạch [c]sống chan [d]chứa thắm thiết, như dòng [e]sông\r\nrộng [d]lớn bát ngát biển [e]Đông. [e7]\r\nTình [am]Ngài cao thật [dm]cao như [g]núi chất ngất tậng [am]mây\r\ncho [g]con say sưa niềm vui [c]mới\r\ntrong tay Ngài êm [dm]ái luôn bao bọc con [e7]mãi.\r\n\r\n2. Tình Ngài như mạch đất tươi tốt bát ngát rừng xanh\r\nnhư gió quyến hấp trời thanh.\r\nTình Ngài bao bọc con như tiếng hát mẹ ru\r\nvòng tay yêu đương Ngài như mơ\r\nôm con lạc bơ vơ mi say niềm nhung nhớ.\r\n\r\n3. Tình Ngài như là suối luôn chảy mãi chẳng hề thôi\r\nyêu mến mãi chẵng hề nguôi.\r\nTình Ngài như là trăng soi bước lữ khách lầm than\r\nlà bước trong đêm mù cô đơn đôi tay Ngài săn đón\r\ntheo con từng năm tháng.\r\n\r\nĐK. Xin cho [am]con một trái tim nồng [g]say,\r\nxin cho [em]con tình mến chẳng [am]phai.\r\n[g]Ngay trong hôm nay [f]hay trong tương lai.\r\n[d]Mến Chúa mãi chẳng [am]phai, [d]mến Chúa chẳng đổi [am]thay.', 'Tình Ngài như mạch sống chan chứa thắm thiết, như dòng sông', 1, 'publish'),
(250, 'xin tin yêu', 0, '1515/04/21', 'Xin Tin [dm]Yêu vào nơi [f]Đức [dm]Kitô,\r\nxin Tin [f]Yêu vào nơi [am]Đức [dm]Kitô.\r\nKhông ai [bb]tách [c]lìa chung [f]tôi, khỏi Tin [d7]Chúa Ki[gm]tô,\r\nkhông ai [am7]tách lìa chúng [dm]tôi.\r\n\r\nXin Tin Yêu vào nơi [f]Ngài là Đức Ki[dm]tô,\r\nlà tình [gm]yêu cao vời khôn [am]ví, vời khôn [dm]ví.\r\nBao gian [bb]nan vẫn trung [dm]kiên,\r\nbao truân [bb]chuyên [c]trọn nỗi [f]niềm, tựa thấy [am7]Đấng vô [dm]hình.\r\n\r\nTrọn một [c]niềm một niềm Tin [f]Yêu,\r\ndẫu rằng [f]đời là đời cô [gm]liêu,\r\nxin Tin [am7]Yêu vào nơi [dm]Ngài,\r\nxin Tin Yêu vào nơi [dm]Ngài .....\r\nXin Tin [gm]Yêu [gm]vào nơi [dm]Chúa.', 'Xin Tin Yêu vào nơi Đức Kitô', 1, 'publish'),
(253, 'vui ca phục sinh', 0, '1515/04/25', '1. [a]Này giờ Vượt [c#m]Qua sự [f#m]sống chiến thắng tử [e]thần.\r\n[d]Qua bao tháng [bm]ngày đợi [e7]trông ơn Ngài cứu [a]độ.\r\nTội lụy nhân thế khiến [c#7]thân Cha thảm [f#m]hình.\r\n[e]Thánh giá vinh quang Ngài [e7]nâng đỡ cho tội [a]con.\r\n\r\n2. Ngài vì yêu thương trần gian tội lỗi đọa đày.\r\nSống kiếp con người khổ đau vất vả chán chường.\r\ngọn đồi Can - vê nát thây trên thập hình.\r\nNhưng đã khải hoàn Phục Sinh cứu muôn tội nhân.\r\n\r\n3. Này người ngủ mê dậy mau chạy đến nấm mồ.\r\nChúa đã sống lại giải thoát bao kẻ tù đày.\r\nTrần hoàn hôm nay hát ca khen danh Ngài.\r\nVinh quang rạng ngời Ngài ơi xót thương đoàn con.\r\n\r\nĐK: Chúa đã sống lại [f#m]rồi người [bm]ơi vui qua reo [e]mừng.\r\n[g]Chúa chiến thắng tử [e]thần, hy [e7]vọng cứu thoát đã [a]đến.\r\nChúa đã sống lại [f#m]rồi, hiển [bm]vinh chiếu sáng muôn [e]dân.\r\n[g]Chúa chiến thắng tử [e]thần, đem [e7]nguồn hạnh phúc khắp [a]nơi.', 'Này giờ Vượt Qua sự sống chiến thắng tử thần', 1, 'publish'),
(257, 'tiến ca phục sinh', 0, '1515/04/25', 'ĐK. [g]Dâng lên Cha nhân [bm]lành rượu [em]bánh ngát thơm chân [g]thành.\r\n[c]Mừng ngày Chúa khải [d7]hoàn tiến [g]dâng. Al–[d7]lê–lu–[g]ia.\r\n\r\n1. [em]Dâng lên Cha toàn [d7]năng, ngàn [g]lời ca hòa thương [em]mến.\r\n[am]Loan tin vui Phục [d7]Sinh, ngợi [g]khen Chúa bao hiển [d7]vinh.\r\n\r\n2. Dâng lên Cha toàn năng, này rượu nho cùng bánh miến.\r\nBao lao công ngày qua, cùng khúc hát khen tình Cha.', 'Dâng lên Cha nhân lành rượu bánh ngát thơm chân thành', 1, 'publish'),
(259, 'hoan hô Vua Giêsu', 0, '1515/04/25', '1. Giê[g]su vua chiến thắng, Giê[bm]su Vua vinh quang,\r\nNgài là [d]Chúa Chúa [g]muôn muôn đạo [am]binh. [d7]\r\nGiê[g]su vua chiến thắng, Giê[bm]su Vua vinh quang ,\r\nNgài là [d]Chúa Chúa [em]muôn muôn [d]tâm [g]hồn.\r\n\r\n2. Ngài là Con Thiên Chúa, Ngài là Vua muôn vua,\r\ntriều thần hỡi, tấu vang muôn lời kinh.\r\nNgài là Cha muôn thuở, Ngài ngự cõi tòa cao,\r\ntrần hoàn hỡi chúc khen Vua thái bình.\r\n\r\n3. Đời đời vang tiếng hát, người người hòa câu ca,\r\nngợi mừng Chúa Đấng muôn dân đợi trông.\r\nNgài là ơn cứu rỗi, Ngài là nguồn an vui,\r\nngợi mừng Chuá Đấng muôn dân hy vọng.\r\n\r\nĐK: Tung hô Vua Giêsu ! Tung [d]hô Vua Giê[c]su !\r\nNgài ngự [bm]đến thống trị cõi [a]địa [d]cầu. [d7]\r\nHoan hô Vua Giêsu! Hoan [d]hô Vua Giê[c]su\r\nNgài ngự [bm]đến thống [c]trị tâm [d7]hồn [g]con.', 'Giêsu vua chiến thắng, Giêsu Vua vinh quang', 1, 'publish'),
(261, 'hoan hô Vua Giêsu', 0, '1515/04/25', '1. [f]Nào ta đến để [c]suy tôn Chúa là [f]Vua,\r\n[gm]Chúa thực là [dm]Vua, chính [bb]Người là [c]Vua.\r\n[f]Nào ta đến để [c]tung hô Chúa là [f]Vua,\r\n[gm]Chúa thực là [c]Vua, Chúa [bb]là [c]Vua các [f]vua.\r\n\r\n2. Nào ta đến để dâng lên khúc đàn ca,\r\nkết ngàn cành hoa dâng mừng Vua ta.\r\nNào ta đến để dâng lên Chúa hồn ta.\r\nƯớc vọng đời ta vui buồn năm tháng qua.\r\n\r\n3. Nguyện xin Chúa làm Vua trong suốt đời con,\r\ngiữ gìn lòng con sáng tựa lòng son.\r\nNguyện xin Chúa chỉ huy tâm trí của con.\r\nChúa đừng bỏ con xin đừng xa cách con.\r\n\r\nĐK: Hoan [f]hô Vua Giê - su chào mừng Đấng Cứu [dm]Thế.\r\nHoan [gm]hô Vua Giê - su chào [c]mừng Chúa [f]KiTô.\r\nHoan [f]hô Vua muôn vua, chào mừng Chúa các [dm]chúa,\r\nbao [gm]nhiêu câu tung hô chào [c]mừng Chúa [f]Ki-Tô.', 'Nào ta đến để suy tôn Chúa là Vua', 1, 'publish'),
(263, 'con nay thuộc về Ngài', 0, '1515/04/25', 'ĐK: [am]Con nay thuộc về ngài lạy [c]Chúa, từ [dm]nay con [em]thuộc về [am]Ngài.\r\n[g]Con không mơ huyền [em]thoại ngài [am]ơi, vì [dm]đời con cay đắng [e]hoài.\r\n[am]hiến chúa hết tâm tư để [g]không nối tiếc phù [c]hoa\r\nđể [am]không lo lắng bôn [dm]ba, để tình [Am]Cha yêu [e]thương triền [am]miên.\r\n\r\n1. Đây là trái tim [f]non và [g]đây muôn khát [c]vọng\r\n[a7]đây khao khát yêu [dm]thương và [g]đây tâm hồn thao [c]thức.\r\n[am]dâng về chúa trên [g]cao để hòa [e]tan trong một tình [f]thương\r\nđời [dm]sẽ chan hòa ánh [g]dương để bừng [am]lên tràn lan muôn [e]hướng.\r\n\r\n2. Đây mộng ước tương lai và đây muôn khắc khoải\r\nđây toan tính hôm nay và đây hi vọng ngày mai,\r\ndâng về chúa trên cao để ngày tháng đong đây tình thương\r\ncuộc sống không còn oán than và bừng lên niềm tin trong sáng.\r\n3. Ban ngày phúc ơn thiêng chở che con tháng ngày\r\nôi thiên chúa yêu thương vì con chúa đã bôn ba\r\nai hiểu thấu công ơn để chuộc con chúa chọn thập giá,\r\nđể dẫn con về với cha hưởng nguồn vui tràn ơn thánh hóa.', 'Con nay thuộc về ngài lạy Chúa, từ nay con thuộc về Ngài', 1, 'publish'),
(266, 'dấu chân', 0, '1515/04/28', '1. Hôm [dm]nao dưới nắng reo [f]vui, một mình [a7]tôi rong chơi trên bãi [dm]biển.\r\nChiều [c]về nhìn sau lưng [f]mình, biển hiện [dm]hình một hàng dấu chân [a]đôi.\r\nNày [d7]là dấu chân [gm]to, và kia [c]là dấu chân [a]nhỏ.\r\nCả [gm6]hai cùng chiều đi [bb]tới, tựa [a7]hình với bóng bước song [dm]đôi.\r\n2. Hôm nao giữa bước chân đi, chợt nghe dâng mênh mang nỗi buồn.\r\nChiều về nhìn sau lưng mình, hiển hiện hình một hàng dấu chân đơn.\r\nLạ lùng một dấu chân to, và nặng nề vết in đậm.\r\nMà sao chỉ còn một dấu, lại chẳng thấy có dấu chân tôi ?\r\n\r\nĐK: Bao nhiêu dấu chân [bb]qua, bấy [c]nhiêu niềm cảm [f]tạ.\r\nĐôi [gm]khi có những bước phôi [c]pha, mà [c7]hình bên bóng chẳng rời [f]xa.\r\nHôm [dm]nào thấy dấu chân [bb]đôi: đó [c]là Chúa đi bên [f]tôi.\r\nHôm [gm6]nào còn một dấu chân [asus4]thôi: là bởi [a7]vì Chúa ẵm tôi lên [dm]rồi.', 'Hôm nao dưới nắng reo vui, một mình tôi rong chơi trên bãibiển', 1, 'publish'),
(267, 'để mẹ trọn niềm vui', 0, '1515/04/28', '1. Có một [am]điều tôi không sao dám nói với mẹ [c]tôi\r\nchuyện mùa [e]thi mẹ từ [e7]quê gửi cho tôi món [am]quà\r\nquà là chai [c]thuốc sóng sánh nước[f], mẹ dặn dò [dm]tôi mau uống thôi. [g]\r\nbởi con đang [c]học, thuốc [dm]này bổ óc đó con [e]ơi! [e7]\r\ndẫu không [am]cần tôi mân mê uống với cả tình [c]yêu\r\nnào ngờ [e]đâu lại bị [e7]đau khiến tôi mãi nhớ [am]đời\r\nrồi mùa thi [c]ấy cũng kết trái[f], mẹ nhận tin [dm]vui vui rất vui. [g]\r\nnhắn lên tôi [c]rằng thuốc [dm]này công hiệu phải không [am]con.\r\n\r\n2. lúc ra trường tôi hân hoan tính đến chuyện tình duyên.\r\nmẹ tôi hay lại từ quê gửi cho tôi khăn hồng\r\ndặn dò tôi hãy nhớ giữ lấy dành tặng cho ai con sánh vai, chiếc khăn chung thủy giữ bền đẹp ý nghĩa yêu thương.\r\ntrót tâm tình tôi trao khăn mới đến cho người yêu,\r\nnào ngờ đâu lại bị chê khiến tơ duyên lỡ làng.\r\nrồi tình yêu mới cũng tiến tới\r\nmẹ nhận tin vui vui rất vui nhắn lên tôi rằng:\r\nkhăn hồng chung thủy phải không con?\r\n\r\nĐK: mẹ tôi là [c]thế giống như bao mẹ [dm]quê,\r\nthương [g]con trọn [am]bề giang cánh [g]tay âm thầm vỗ [c]về mãi trở [e]che.\r\ntình thương vì [c]thế mới thiêng liêng làm [dm]sao,\r\ntâm [g]tư dạt [am]dào nhưng nỗi [g]riêng con nào dám [em7]ngỏ.\r\nđể mẹ trọn niềm [am]vui.', 'Có một điều tôi không sao dám nói với mẹ tôi', 1, 'publish'),
(268, 'hát về tình cha mẹ', 0, '1515/04/28', '1. [cm]Khi ánh dương bừng lên Là [c7]lúc nắng gọi ngày [fm]lên\r\n[bb]Qua bao năm miệt [fm]mài Con vô [g7]tình để thời gian trôi [cm]mãi\r\nNay khi con nhìn ra Là [ab]lúc Cha mẹ con [g]đã\r\n[fm]Tóc trắng xóa mái [g]đầu Ôi Cha [g7]Mẹ tuổi đã xế [cm]chiều.\r\n\r\n2. Con không thể nào quên Lời khuyên Cha mẹ dạy con\r\nLúc khốn khó gian nan Hãy vững lòng cậy tin nơi Chúa\r\nNhưng tiếng hát à ơi Từ khi con còn thơ bé\r\nĐến đến suốt cuộc đời Câu ru này lòng khắc ghi hòai.\r\n\r\n3. Khi cô đơn lẻ loi Mẹ đến vỗ về ủi an\r\nKhi lao đao dòng đời Cha dắt dìu cùng con bước tới\r\nÔi bao la tình thương Mà con chưa tròn chữ hiếu\r\nChúa giúp con đáp đền Khi con còn ở với Cha mẹ.\r\n\r\n4/Con biết phải tìm đâu Một mai giữa dòng đời trôi\r\nCon cô đơn lạc lòai Không Cha Mẹ cùng con sánh bước\r\nChúa xin Chúa dủ thương Cho Mẹ cha được nhiều ơn phước\r\nSống cháu con sum vầy Trong gia đình hạnh phúc dư đầy.\r\n\r\nĐK: [c7]Con chấp tay nguyện [f]cầu xin Chúa ban muôn phúc [c]lành\r\nMẹ cha thương [g]con ngày [g7]đêm, dầm mưa dãi [c]nắng\r\nCông ơn của Cha [am]mẹ Lòng [c7]con nguyện xin khắc [f]ghi\r\n[g]Xin cho Cha [em]mẹ suốt 1 [g]đời được [fm]sống an [cm]hòa', 'Khi ánh dương bừng lên Là lúc nắng gọi ngày lên', 1, 'publish'),
(269, 'khi thái sơn ngả bóng cuối trời', 0, '1515/04/28', 'Con cứ [am]ngỡ rằng núi Thái [c]Sơn không bao giờ ngã [e]xuống. [e7]\r\nCon cứ [am]ngỡ rằng bàn tay [a7]Cha mãi mãi bên [dm]con.\r\nNhưng hôm [e7]nay bóng dáng [am]Cha đã khuất xa [e]rồi.\r\nNúi Thái [a9]Sơn ngả bóng cuối [dm6]trời.\r\nCon ở [g7]lại với nỗi đơn [c]côi,gọi thầm tên [am]Cha,Cha [f]ơi,[g]Cha [c]hỡi! [e]\r\n\r\nCon cứ ngỡ rằng núi đá kia muốn đời đứng vững.\r\nCon cứ ngỡ rằng rồi mai đây được báo hiếu công ơn.\r\nNhưng hôm nay tấm thân Cha về với cát bụi.\r\nNúi Thái sơn chìm giữa biển đời.\r\nCó giòng lệ thấm xuống đại dương.', 'Con cứ ngỡ rằng núi Thái Sơn không bao giờ ngã xuống', 1, 'publish'),
(270, 'nhớ về tình cha mẹ', 0, '1515/04/28', '1. Chúa [am]tác sinh con vào [a7]đời, cho [dm]con một mái ấm.\r\nCó [am]bóng cha yêu hiền [c]hòa, có [am]tình mẹ rất bao [dm]la.\r\nTình [f]cha giang cánh [g]bay, tình [e7]mẹ cao vút [am]mây.\r\nCon [g]ngụp lặng trong hạnh [c]phúc...biết [e7]mấy.\r\n\r\n2. Tiếng hát ru con vào đời, đêm đêm mẹ thao thức.\r\nUốn nắn cho con thành người, mối tình của đức huân vương.\r\nRồi khi con lớn khôn, trùng dương vỗ cánh bay.\r\nTấm lòng me cha luôn mãi...dõi bước.\r\n\r\n3. Có những khi xuôi dòng đời, con nghe lòng phơi phới.\r\nThấp thoáng hương hoa gọi mời, ngất trời hạnh phúc lên ngôi.\r\nRồi mùa xuân sẽ qua và mùa đông bước sang.\r\nTấm lòng mẹ cha như những...bóng mát.\r\n\r\nĐK: [am]Ngọt ngào phút hát tri ân, [e7] nguyện cầu chúa xuống muôn ân.\r\n[am] Giúp cha me [dm6]con, tháng [c]ngày [dm]an [am]hòa.\r\n[am]Tựa ngọn nến cháy tiêu hao, [e7]1 đời vất vả gian lao.\r\nNhắc trong lòng [dm66]con nghĩa [c]nặng [e7]tình mẹ [am]cha...', 'Chúa tác sinh con vào đời, cho con một mái ấm', 1, 'publish'),
(271, 'tình cha cho con', 0, '1515/04/28', 'Tình cha cho [am]con như mùa [g7]xuân luôn mãi nở [c]hoa [e7]\r\ntình cha cho [am]con ôi chang [f]chứa những [g]ân tình [am]sâu xa, [dm]\r\ndù cho thân [g]con gom [c]hết lá xanh trên [f]rừng ,\r\nđong [am]hết lúa thơm trên [c]đồng cũng chẳng [g]thể đền đáp tình [e]cha..!\r\n\r\nTình cha cho con xin nguyện luôn ghi khắc từng giây,\r\ntình cha cho con như bóng mát phủ che đời con đây,\r\ntình cha cho con cao vút thái sơn muôn trùng\r\nlai láng ví như biển đông biết đến bao giờ mới hiểu tình cha,....!!!!!???\r\n\r\nCha ơi con vẫn nhớ những ngày thơ [em]bé\r\nbàn tay [dm]cha bao bọc chở che\r\nấm áp lời [g]khuyên những thứ tha vỗ [c]về\r\nmai [dm]đây dù đường đời sóng gió xa [am]khơi\r\ncha vẫn là đuốt sáng hồn [g]con\r\nvà là niềm [e7]tin dắt con đi vào [am]đời', 'Tình cha cho con như mùa xuân luôn mãi nở hoa', 1, 'publish'),
(280, 'gieo mầm tin yêu', 0, '1515/05/01', '1. Ai dãi [am]dầu mưa nắng đi gieo [dm]trồng [e7]mầm [am]sống\r\nƯơm vào [am]đất quê hương [dm]mình bao hạt [g]giống trên nương [c]đồng\r\nmong [f]chờ ngày lúa[bbm] đơm [e7]bông\r\nsẽ vô [am]vàn vui sướng đón chào [dm]ngày [e7]gặt [am]mới\r\nđây hạt [am]giống sinh ba [dm]chục kia hạt [g]giống sinh sáu [c]chục\r\ncó [e7]hạt trổ sinh một [am]trăm.\r\n\r\n2. Hãy gieo [am]mầm tin yêu với những [dm]việc [e7]nhỏ [am]bé\r\ncho người [am]đói bát cơm [dm]đầy, cho người [g]khát ly nước [c]tràn\r\ncho [f]người than [bbm]khóc ủi [e7]an\r\nhãy gieo [am]mầm tin yêu sẽ gặt [dm]về [e7]hạnh [am]phúc\r\nbởi người [am]đã yêu thương [dm]người chia sẻ [g]thiết tha trong [c]đời\r\ntrao [e7]gửi về nhau niềm [am]vui\r\n\r\n3. Hãy chôn [am]vào lòng đất những ích [dm]kỷ [e7]hèn [am]yếu\r\nxin đổi [am]mới ngay chính [dm]mình, xin hãy [g]hóa xanh tâm [c]hồn\r\ngiã [f]từ thù [bbm]oán bi [e7]quan\r\nhãy chấp [am]nhận hi sinh sẽ như [dm]hạt [e7]một [am]trăm\r\nkhi trồng [am]xuống cho riêng [dm]mình sẽ tìm [g]thấy trong mỗi [c]ngày\r\nphục [e7]vụ là chính niềm [am]vui\r\n\r\nĐK: nào ta [am]đi ( nào cùng ta đi),\r\ngieo mầm tin yêu ( gieo mầm tin yêu)\r\nđể cuộc [c]sống mãi xanh [dm]tươi\r\nđể lòng [g]tôi với muôn [c]nơi tìm [e7]vui hạnh phúc giữa [am]đời.', 'Ai dãi dầu mưa nắng đi gieo trồng mầm sống', 1, 'publish'),
(281, 'màu hồng yêu thương', 0, '1515/05/04', 'ĐK : Thế giới đang nhảy [a]múa, vui [d]mừng trong lể tạ [c#m]ơn [e7]\r\nmãi mãi cây thập giá, vẫn [e7]xanh tươi hoa thắm [a]nở\r\nThế giới đang thổn thức tuôn [f#m]trào lệ thắm môi [bm]hồng\r\nTri ân Đêm Tiệc [e]Thánh ban [e7]tặng màu hồng yêu [a]thương.\r\n\r\n1. Xin chỉ cho [c#m]con hỡi [a7]Người treo trên [d]đó [bm]\r\nCây thập tự [e]nào mà [e7]con phải vun [a]trồng\r\nHoa thập tự [c#m]nào mà [f#m]con cài trên [bm]áo\r\nTrái thập tự [d]nào đời [e7]con phải hái mà [a]ăn\r\n\r\n2. Xin Ngài dạy con không âu sầu than khóc\r\nkhi gặp thập tự lòng con đừng chối từ\r\nTrong ngày trở lại, Ngài cho vào cõi sống\r\nTrái thập tự này, nguyện xin hiệp lễ tạ ơn.', 'Thế giới đang nhảy múa, vui mừng trong lể tạ ơn', 1, 'publish'),
(286, 'lời nguyện buồn', 0, '1515/05/08', '1. [Dm]Này là phận hèn con yếu đuối,dám [C]tìm về nhan thánh Vua cực [Dm]linh.\r\nVới [Gm]tâm tư thương đau, xác [Bb]thân bao hư hao,lỗi [A]lầm con vương vấn trong bể dâu.\r\n[Dm]Cậy nhờ vào lòng từ bi Chúa, ngàn [D7]năm vẫn luôn dư đầy phúc [Gm]ân.\r\n[C]Chúa con ơi ! [F]Xót thương cùng ! [A7]Cho con nương thân trong tay [Dm]Ngài.\r\n\r\n2. Còn gì ngậm ngùi hơn ánh mắt.Chúa nhìn từ thánh giá treo ngẩn ngơ.\r\nMáu loang trên Can-vê, tấm thân phơi bơ vơ,cớ sao con vui đắm trong tội nhơ.\r\nLòng buồn dạt dào con thống hối, vì năm tháng lãng quên tình biển khơi.\r\nChúa thương con đến vô bờ, dang đôi tay khô bao mang chờ.\r\n\r\n3. Đường nào gập ghềnh Ngài đi tới,xin Ngài dạy con bước theo mà thôi.\r\nLối đau lên Can-vê, lối buồn về Vườn Dầuchính là đường về phúc vinh ngàn sau.\r\nĐường trần nào làm con hư mất, nguyện xin Chúa ra tay dạy bảo cho.\r\nBước bên Ngài, chẳng lo gì gian nguy trước ác tâm quân thù.\r\n\r\nĐK: Nguyện [Dm]xin ơn Ngài nâng [C]đỡ ,vì [Bb]con yếu đuối trong bùn [Dm]nhơ.\r\nDắt [Gm]con qua thương đau, giúp [Dm]con vươn lên cao,bước [C]tìm về ngọn nguồn ơn cứu [A]rỗi.\r\nĐời [Dm]con xin Ngài đổi [C]mớidẫn đưa [A]về vì hồn con u [Dm]tối.\r\nGiúp [Gm]con qua gian nan, những [Bb]muộn phiền ngập tràn,\r\nbước [A]cùng Ngài trên lối đi bình [Dm]an', 'Này là phận hèn con yếu đuối, dám tìm về nhan thánh Vua cực linh', 1, 'publish'),
(293, 'Chúa trong lòng con', 0, '1515/06/17', '1. Chúa trong lòng [am]con trong thâm [g7]sâu của cõi tâm [c]hồn,\r\nChúa hiện [dm6]diện sâu lắng trong [e7]con,\r\n[am]Chúa trong lòng [dm]con, Ngài ẩn [f]thân trong chính thâm [e]tâm,\r\nNgài gần [e7]con hơn trái tim [am]con, Ngài cận [dm]kề hơn chính thân [e7]con,\r\nChúa trong lòng [am]con xin cho [g7]con bước xuống lòng [c]mình, xin cho [dm]con yêu mến hết [e7]tình,\r\n[am]Chúa trong lòng [dm]con xin cho [g7]con giây phút lặng [am]thinh.\r\nĐể được [am]nhìn bóng dáng Thần [b7]Linh trong ân [e7]tình chan chứa niềm [am]tin\r\n\r\n2. Chúa trong lòng con xin cho con quy hướng về Ngài trong tâm tình trìu mến không ngơi\r\nChúa trong lòng con, Ngài đợi con giây phút tương giao\r\nNgài chờ con tha thiết dâng trao, tình của Ngài như sóng dâng cao\r\nChúa trong lòng con xin cho con tiếp rước mình Ngài, xin cho con ôm ấp riêng Ngài\r\nChúa trong lòng con xin cho con say đắm chìm sâu\r\nHòa nhập vào sức sống Thần Linh đang tuôn trào chan chứa dường bao\r\n\r\nĐK: [c]Trong tim con tràn dâng khôn [f]vơi, bao no [g]say muôn lời ân [am]phúc\r\nÔi linh [g]thiêng một trời cao [c]vút\r\n[a]Khi con đã gặp [f#m]Ngài (khi con gặp [a]Ngài), con như rơi [dm]vào (con [e7]như rơi [am]vào)\r\nĐại dương mênh [dm]mông (đại dương mênh [a]mông), con như chìm [dm]ngập (con [e7]như chìm [am]ngập) vào trong thinh [a]không\r\nKhông còn con và Ngài [f#m]nữa, con chẳng là gì Chúa [bm]ơi\r\nVà Ngài là tất cả trong [e7]con, cho con [a]được chìm [e7]sâu trong [a]Ngài (chìm [dm]sâu trong [a]Ngài)', 'Chúa trong lòng con, trong thâm sâu của cõi tâm hồn', 1, 'publish'),
(297, 'người đã cất bước', 0, '1515/07/09', 'Đk: Người [g]đã cất bước trên đường [em]đời. Người [am]đã cất bước đến muôn [d]nơi.\r\nNgười [g]đến chiếu sáng đêm âm [em]u, muôn dân khỏi ngục [am]tù cho ta Tin Mừng cứu [d]rỗi.\r\nNgười [g]đã đến với hết mọi [em]người. Người [am]đến với những ai nghèo [d]nàn.\r\nHồng [g]ân ban cho kẻ đơn [em]sơ, muôn ơn phúc nơi [d]nơi an vui cho ngàn thế [g]nhân.\r\n\r\n1. [g7]Chúa đã đến với thân [c]hèn đêm đông buốt lạnh [bm]lùng mang thân kẻ nghèo [d]khó.\r\nNgười [am]đã đến cất bước kêu [g]ai, quanh đây sẽ theo [am]Người đi loan sứ điệp tin [f]vui [d7]\r\n[g7]Chúa đã đến với thân [c]nghèo không nơi để tựa [bm]đầu, không nơi để dừng [d]chân\r\nNgài [am]đã cất bước không vương [g]vấn, quyết đem trọn đời [c]mình hầu [d]mong cứu độ nhân [g]gian.\r\n\r\n2. Chúa đã sai các Tông Đồ đi loan báo Tin Mừng: đây Nước Trời gần bên.\r\nNày những kẻ đau yếu được lành. Ai phong hủi được sạch kẻ chết sẽ được sống.\r\nXin cho con biết theo Ngài không mang túi mang gậy, áo khoác ngoài cũng không\r\nvà cũng không mang giày mang dép, cũng không mang bạc tiền để theo bước Ngài đã đi.\r\n\r\n3. Mau ra đi đến thôn làng ai xứng đáng hãy tìm, hãy ở lại nhà đó.\r\nVà hãy vui câu chúc an bình cho ai biết đón nhận an vui sẽ ngự lại đó.\r\nĐây ta sai chúng lên đường như chiên giữa sói rừng, giữa muôn ngàn hiểm nguy\r\nvà hãy khôn ngoan mà minh chứng sống đơn sơ hiền hoà để ơn cứu độ tràn lan.', 'Người đã cất bước trên đường đời. Người đã cất bước đến muôn nơi.', 1, 'publish'),
(300, 'nâng cao 2', 0, '1515/07/22', '1. [D]Trên đôi tay con dâng, lên tôn [G]nhan Cha uy [F#m]linh,\r\n[bm]đây thân phận bụi [em]tro, bao nhiêu [g]năm gánh vác lao [d]đao.\r\nKính tiến Chúa chí ái, hương hoa [g]thiêng kinh tin [f#m]yêu\r\n[bm]Xin cho cuộc đời [em]con mãi mãi [g]trong Cha con nghỉ [d]ngơi.\r\n\r\n2. Ôi Cha thân yêu ơi, hôm nay đây, con dâng lên,\r\nnhững ước nguyện đời con noi theo gương sáng Chúa Giêsu.\r\nGương khiêm nhu thâm sâu nơi tim cha đời hiền hòa.\r\nXin cho lòng con luôn hướng đến tim Cha cả đời con.\r\n\r\nĐK : Và hiệp [d]cùng hiến lễ Chí thánh, rượu ngọt hồng với tấm bánh [g]trắng\r\nTiến [a]dâng Vua Trời cao [d]sang mừng, hát [a]khen danh Ngài vinh [d]quang.', 'Trên đôi tay con dâng, lên tôn nhan Cha uy linh...', 1, 'publish'),
(304, 'tình yêu của chúa', 0, '1515/07/25', '1. Tình yêu của [f]Chúa, như tiếng mẹ [dm]ru (a… [am]ơi, a… [gm]ơi),\r\ncon say giấc [bb]ngủ đọng đầy (đọng đầy) [bdim] yêu thương [gm] [c]\r\nChúa tháp vào [f]con đôi cánh tình [dm]yêu.\r\nChúa đặt vào [gm]con trái tim của [am]Ngài.\r\nChúa mặc cho [bb]con phúc [c]ân nở [f]tươi.\r\n\r\n2. Tình yêu của Chúa, như sóng triều lên (Hm… Hm…)\r\ncon vui mến hương ngọt ngào (ngọt ngào) ơn thiêng.\r\nChúa khoác vào con ánh sáng dịu êm.\r\nChúa đổ vào con ước mơ dịu huyền,\r\nChúa mở cho con suối vui triền miên.\r\n\r\n3. Tình yêu của Chúa, như lúa trổ bông (ơ… hơ, ơ… hơ),\r\ntim con thắm nở nụ hồng (nụ hồng) muôn hương,\r\ný hướng đời con đâu muốn gì hơn.\r\nSuốt cuộc đời xin sắt son nhiệm mầu,\r\nđể một tình yêu hiến dâng tình yêu.\r\n\r\nĐK: Từ [dm]đây, đời [am]con sẽ thành bài [c]ca (a a).\r\nTừ [dm]đây, đời con chúc tụng Danh [gm]Cha (a a).\r\nTạ ơn [c]Cha, tạ ơn [am]Trời, dẫn đưa[dm] con từ muôn [gm]phương,\r\ndẫn đưa[dm] con [c]về Thiên [f]Đường.', 'Tình yêu của Chúa, như tiếng mẹ ru (a… ơi, a… ơi)', 1, 'publish'),
(306, 'Trông cậy Chúa', 0, '1515/07/26', '1.[Am] Con vẫn trông cậy Chúa lòng [A7]con tin tưởng nơi [Dm]Ngài\r\n[G]Con hy vọng vào Ngài đời [g7]con nương bóng Chúa [C]thôi [E7]\r\n[Am]Con xin trao về Chúa niềm tin [Dm]và ước mơ [E7] này\r\nĐược quên đi những âu [Am]lo tìm [G]vui theo [F]bước [E7]chân [Am] Cha\r\n\r\n2.Giữa tháng năm đời sống nhiều khi mưa đổ bên trời\r\nÐam mê nặng lòng người niềm đau khơi nước mắt rơi\r\nNhững ánh sao còn đó còn tin yêu ngước lên trời\r\nTình thương Thiên Chúa muôn nơi ngàn năm soi ấm tin vui\r\n\r\n3.Nếu Chúa không rọi nắng thì hoa đâu nở trong vườn\r\nCon không tựa vào Ngài thì con như lá úa phai\r\nYếu đuối trong cuộc sống đời con tay trắng hư không\r\nĐường đi sông núi mênh mông làm sao quên hết long đong.\r\n\r\n4.Đã thấy trong đời sống nhiều khi trôi dạt vô tình\r\nAi tin được cuộc đời ngày mai vẫn mãi thế thôi\r\nXin trao muôn đổi thay vào tay Thiên Chúa an bài\r\nNgài đưa con bước hôm nay còn thương con mãi tương lai\r\n\r\nĐK: Con luôn trông cậy [C] Chúa khác nào [F] em bé ngủ [G] yên\r\nTrong tay mẹ [Am] hiền bao lời yêu mến.\r\nTình [F] Chúa mãi mãi theo [Em7] con cho tâm [Am] hồn dù trong mưa [C] gió\r\nMãi mãi bình [G] yên [E7] mãi mãi bình [Am] yên.', 'Con vẫn trông cậy Chúa lòng con tin tưởng nơi Ngài', 1, 'publish'),
(312, 'Ca dao Mẹ dịu hiền', 0, '1515/08/04', 'ĐK: Mẹ là suối [g]mát trinh [am]nguyên giữa sa mạc [d7]hoang.\r\nMẹ là trăng [am]thanh đêm [g]về chiếu sáng mênh [bm]mang. [d7]\r\nMẹ là tiếng [g]hát ru [am]êm giữa trưa hè [c]vắng. [d7]\r\nMãi mãi Mẹ [g]là mây [d7]trời biển rộng thênh [g]thang.\r\n\r\n1.[g7] Đi trong ân [c]tình hồn [d7]con tha thiết yêu [d7]Mẹ. [g]\r\nMẹ tựa dòng [d7]sông tinh [g]tuyền sức sống vô [em]biên.\r\nMẹ là hy [c]vọng đưa [g]con [em]về bến bình [d7]an. [g]\r\nLữ khách viễn [d7]du tìm [g] [c]về [d7]Mẹ đầy âu [g]yếm. [c].    [g]\r\n\r\n2. Như cây muôn cành Mẹ là bóng mát dịu hiền.\r\nMẹ như sao mai soi đường dẫn lối trong đêm.\r\nLà nguồn trông cậy tin yêu nguồn suối ủi an.\r\nTiếng hát dấu yêu ngợi ca tình Mẹ yêu dấu.\r\n\r\n3. Thương con trăm chiều Mẹ luôn âu yếm dịu dàng.\r\nĐời con gian nan bao lần kiếp sống truân chuyên.\r\nTìm đâu nương tựa an tâm về bến trường sinh.\r\nNhững bước chắt chiu dìu con về trong thương mến.', 'Mẹ là suối mát trinh nguyên giữa sa mạc hoang', 1, 'publish'),
(313, 'Mẹ là bóng mát', 0, '1515/08/05', 'ĐK. Bóng [dm]mát (í i) che đầu, Mẹ là [f]như bóng [a7]mát (í i) che [dm]đầu,…\r\nDưới nắng những ban [f]trưa, Trong mưa bao đêm [bb]sầu Mẹ vẫn che [a]đầu. [dm]\r\nKhốn khó dắt con [f]đi, gian nguy đưa con [bb]về Mẹ [am]mãi chở [dm]che….\r\n\r\n1. Mẹ là như bóng [f]mát, Như làn hương thơm [bb]ngát, Như dòng suối êm [a]đềm, [d7]\r\nCho suốt cả đời [gm]con luôn sống vui bình [am7]an, Sống vui bình [dm]an….\r\n\r\n2. Mẹ là cây xanh thắm, Che người đi trong nắng, Mau về tới quê nhà\r\nCây lá tỏa ngàn phương Con sống trong tình thương Sống trong tình thương.', 'Bóng mát (í i) che đầu, Mẹ là như bóng mát (í i) che đầu', 1, 'publish'),
(315, 'Ta là bánh ban sự sống', 0, '1515/08/10', '1. [g]Ta là bánh ban sự [em]sống, là tấm [c]bánh được ban xuống bởi [bm]trời.\r\n[em]Ta là bánh thiêng trường [am]sinh, kẻ nào [a7]tin sẽ được sống muôn [d7]đời.\r\n[g]Đây là bánh bởi trời [em]xuống, để ai [c]ăn thì không chết bao [bm]giờ,\r\n[em]đây là bánh Ta sẽ [am]ban, là thịt [d7]Ta để thế gian hưởng [g]nhờ.\r\n\r\n2. Trong cuộc sống bao thử thách, nhiều đói khát và lo lắng giữa đời,\r\ncon tìm Chúa trong niềm tin, lòng khao khát lãnh nhận bánh nuôi hồn.\r\nCon cần Chúa trong cuộc sống, vì chính Chúa là tấm bánh nuôi hồn.\r\nXin tẩy xóa bao tội khiên, để đời con hằng vững tin vào Ngài\r\n\r\n3. Xin lòng mến nơi một Chúa, và tim con được liên kết trong Ngài.\r\nCon nguyện mãi tin Ngài thôi, vì nơi Chúa có sự sống muôn đời.\r\nCon tựa nép bên lòng Chúa, để kín múc nguồn sức sống siêu nhiên.\r\nÔi tình Chúa luôn thẳm sâu, hồn thảnh thơi hưởng nếm bao ngọt ngào.\r\n\r\nĐK : Lạy [c]Chúa xin cho chúng [bm]con biết đến với [em]Ngài, tín thác nơi [d7]Ngài.\r\nVì [g]Chúa là nguồn dưỡng [am]nuôi, cậy trông nơi [d7]Chúa, hạnh phúc chẳng [g]ngơi.', 'Ta là bánh ban sự sống, là tấm bánh được ban xuống bởi trời', 1, 'publish'),
(317, 'xin vâng', 0, '1515/08/11', '1. Mẹ [g]ơi! Ðời con dõi bước theo [c]Mẹ,\r\nlòng [d7]con quyết noi gương [g]Mẹ,\r\nxin Mẹ dạy [bm]con hai tiếng xin [d]vâng. [e7]\r\nMẹ [am]ơi! Ðường [b7]đi trăm ngàn nguy [em]khó,\r\nhiểm [am]nguy dâng tràn đây [d]dó.\r\nXin Mẹ dạy [d7]con hai tiếng xin [g]vâng.\r\n\r\n2. Mẹ ơi! Ðời con dõi bước theo Mẹ,\r\nlòng con quyết noi gương Mẹ,\r\nxin Mẹ dạy con hai tiếng xin Vâng.\r\nMẹ ơi! Ðường đi phủ đầy bóng tối,\r\nbẫy chông giăng tràn muôn lối.\r\nXin Mẹ dạy con hai tiếng xin vâng.\r\n\r\n3. Mẹ ơi! Mẹ tin nơi Chúa an bài.\r\nMẹ nên phúc ân muôn loài,\r\nnơi Mẹ đoàn con tuôn đên nương thân.\r\nMẹ ơi! niềm tin bên Mẹ rạng rỡ.\r\nLòng con sao còn bỡ ngỡ,\r\nxin Mẹ dạy con hai tiếng xin vâng.\r\n\r\nÐK: Xin [bm]vâng. Mẹ dạy [e7]con hai tiếng xin [am]vâng.\r\nHôm [d7]qua hôm nay và ngày [g]mai\r\nXin [bm]vâng, Mẹ dạy [e7]con hai tiếng xin [am]vâng.\r\nHôm [d7]nay tương lai và suốt [g]đời.', 'Mẹ ơi! Ðời con dõi bước theo Mẹ, lòng con quyết noi gương Mẹ, xin Mẹ dạy con hai tiếng xin vâng.', 1, 'publish'),
(319, 'Chúa uy linh', 0, '1515/08/11', '1. Nhìn trần hoàn Chúa làm [d]ra, nhìn bầu trời thật nguy [a]nga.\r\nMuôn trăng sao đẹp lấp [g]lánh [em],ngàn ngàn trùng cách xa [a]ta. [d]\r\nThì địa cầu là chi [f#m]đâu .[g], còn loài người thật nhỏ [bm]bé.\r\nNgàn ngàn lần kém thua [f#m]đó, khiến [a7]ta suy mà [d]thôi.\r\n\r\n2. Dù địa cầu chẳng là chi, tựa mẹ hiền Người nâng niu.\r\nĐêm trăng soi ngày nắng chiếu, và chiều chiều gió hiu hiu.\r\nRồi tuần hoàn này xuân sang, mùa hè về trời nắng ấm.\r\nMùa trời buồn lá thu chết, hết đông xuân lại sang.\r\n\r\n3. Cuộc đời này có gì đâu ? Một đời người được bao lâu ?\r\nYêu thương nhau được mấy kiếp ? Rồi ngày nào cũng xa nhau.\r\nMột mình Người là thiên thu, chỉ mình Người là vĩnh cửu.\r\nVà tình Người mãi kiên vững, dẫu qua đi thời gian.\r\n\r\nĐK: [g]Chúa thật uy [gm]linh! Danh Chúa [f#m]ôi thật uy linh!\r\n[em]Chúa là Thiên [g]Chúa đáng chúng [f#m]con muôn [bm]đời tôn [a]vinh.\r\n[g]Chúa nguồn cậy [gm]trông của chúng [f#m]con, đời long đong .\r\n[em]Nơi bàn tay [g]Chúa chúng con [a7]xin phó dâng xác [d]hồn.', 'Nhìn trần hoàn Chúa làm ra, nhìn bầu trời thật nguy nga', 1, 'publish'),
(325, 'hãy chiếu soi', 0, '1515/08/12', 'ĐK : Hãy chiếu [am]soi lửa [f]hồng vào đêm [c]tối sâu thẳm hồn con, [am]\r\nlửa tình [dm]yêu, lửa huyền [e]siêu, Ngôi Ba Thiên [c]Chúa ban [e7]nhiều thánh [am]ân.\r\n\r\n1. [g7]Xin đưa bước con [c]về tìm chân [am]lý hừng đông chiếu [e]soi, [am]\r\ntìm bóng mát trong tình thương bát [c]ngát,\r\ntìm an [g]vui trong bàn tay hiền [em]từ Chúa dìu [am]đưa.\r\n\r\n2. Xin cho mãi một đời, lời thương mến bừng trong trái tim,\r\ntìm mến Chúa trong tình không héo úa,\r\ntìm thương nhau trong tình thương nồng nàn thắm bình an.\r\n\r\n3. Xin cho bước chân người dù gian khó được đi đến nơi.\r\nĐời héo hát không ngừng lên tiếng hát.\r\nĐời an vui luôn tựa nương tình Ngài khắp ngàn nơi.\r\n\r\n4. Xin soi sáng tâm hồn lời chân chính lòng không dối gian.\r\nĐể tiếng nói loan truyền ơn cứu rỗi.\r\nĐể đôi tay đưa tìm trao cuộc đời tiếng cười vui.', 'Hãy chiếu soi lửa hồng vào đêm tối sâu thẳm hồn con', 1, 'publish'),
(328, 'Hiệp lòng dâng lên Chúa', 0, '1515/08/18', '1. Lạy [dm]Chúa bốn [c]phương con tiến [dm]về. Về [c]đây hiệp [c7]lòng dâng lên [f]Chúa. [d7]\r\nTình [gm]mến yêu thiết [c]tha, niềm [f]kính tin không [dm]nhòa. Câu [c]tạ lỗi câu [bb]nguyện ước đời [a7]con.\r\nTừ cuộc [dm]sống tháng [c]năm trên thế [dm]trần. Về [c]đây hiệp [c7]lòng dâng lên [f]Chúa. [d7]\r\nCủa [gm]lễ con hiến [c]dâng, nhỏ [f]bé trước Thánh [dm]Nhan. Nguyện [a]Chúa xin thương [a7]nhận cho đoàn [dm]con.\r\n\r\n2. Lạy Chúa bốn phương con tiến về. Về đây hiệp lòng dâng lên Chúa.\r\nTình mến yêu thiết tha, niềm kính tin không nhòa. Câu tạ lỗi câu nguyện ước đời con.\r\nHạnh phúc chứa chan cho tấm lòng. Được về họp đoàn dân con Chúa.\r\nNguyện Chúa luôn đỡ nâng dìu bước trên thế trần. Về đến nơi phúc âm con hằng mong.\r\n\r\nĐK : [bb]Bánh [gm]thơm từ [c7]lúa miến đơm [f]bông. [bb]Hiến [gm]dâng cùng [a7]khúc hát ca [dm]ngân.\r\n[bb]Nước [gm]trong hòa [c7]với chén rượu [f]nồng, [a]hòa hiệp lòng thành con kính [am]dâng [dm]Ngài.', 'Lạy Chúa bốn phương con tiến về. Về đây hiệp lòng dâng lên Chúa.', 1, 'publish'),
(331, 'sự sống thay đổi mà không mất đi', 0, '1515/08/25', '1. Sự sống [am]này chỉ thay [c]đổi mà [dm]không mất [c]đi,lúc con [am]người nằm [g]yên giấc [c]ngủ,\r\nmắt nhắm lại rồi là thấy tương [e]lai. [am] Trọn kiếp người nay không [e]còn nước [dm]mắt nụ [c]cười,\r\nnhưng con tin [am]rằng ngày mai trong [f]Chúa, chẳng [g]có nỗi [am]buồn, đẹp [e7]mãi niềm [am]vui.\r\n\r\n2. Cuộc sống này kìa hoa nở và hoa úa phai. Nắng lên đồi thì đêm tắt thở,\r\nmây tím giăng trời là nắng tan đi. Cuộc sống này bao nhiêu lần đưa tiễn ngậm ngùi,\r\nnhưng con tin rằng ngày mai trong Chúa, chẳng có chia lìa, chẳng có hợp tan.\r\n\r\n3. Cuộc sống này, ngày chưa trọn mà đêm đã lên. Lá thay mùa thời gian biến đổi,\r\nnhư vó câu dồn, tựa thoáng mây bay. Một kiếp người, chưa bao ngày đã đến cội nguồn\r\nnhưng con tin rằng ngày mai trong Chúa, hạnh phúc muôn đời chẳng có thời gian.\r\n4. Sự sống này vào nấm mộ mà không mất đi. Chúa thương từng bụi cây lá cỏ,\r\nđâu muốn con người phải nát tan đi. Trọn kiếp này ai theo đường sự sống trọn tình.\r\nMai sau sẽ được phục sinh trong Chúa, được sống muôn đời cuộc sống hiển vinh.\r\n\r\n5. Cuộc sống này nhiều thay đổi cùng bao gió sương. Chỉ một điều hằng không biến đổi,\r\nlà trái tim vàng của Chúa yêu thương. Ngày giã từ xuôi tay nằm trong cát bụi tàn.\r\nNghe xôn xao trời lời ru êm ái, Thiên Chúa nhân từ chào đón người con.\r\nĐK : Sự sống không mất nhưng chỉ đổi [dm]thay, đã qua bao [am]ngày trọn một kiếp này.\r\nDù sống hay chết tin vào ngày [dm]mai, [c]sự sống không [g]mất nhưng [em]chỉ đổi [am]thay.', 'Sự sống này chỉ thay đổi mà không mất đi,lúc con người nằm yên giấc ngủ', 1, 'publish'),
(339, 'ephata &#8211; hãy mở ra', 0, '1515/09/04', '1. Lạy [f]Chúa xin mở mắt [am]con biết [dm]nhìn kỳ công của [f]Ngài\r\nTrời [gm]xanh tinh tú long [eb]lanh hoa [c]ngàn cùng muôn muôn thú [ab] ...[bb]\r\n[c]Đồi [f]kia ai đắp lên [am]non sông [dm]dài trùng dương mênh [gm]mông\r\nBiết [bb]rằng Ngài đã thương [am]con thế [c]mà con đâu có [f]hay.\r\n\r\n2. Lạy Chúa xin mở tay con nối liền vòng tay kẻ nghèo\r\nTình thương dâng hiến nơi nơi cho người đời vương tăm tối\r\nBạn ơi xin mở đôi tay đón về người thân cô thế\r\nChính Ngài, Ngài đến thăm anh thế mà anh đâu có hay.\r\n\r\n3. Lạy Chúa xin mở môi con ca ngợi tình thương của Ngài\r\nNgài ơi xin mở tai con nghe lời hằng ban sức sống\r\nLạy Chúa xin hướng chân con lên đồi ngày xưa Canvê\r\nNẻo đường Ngài đã đi qua có Ngài con đâu lẻ loi.\r\n\r\nĐK: [bb]Ephata ! hãy mở [bb] ! mở [c]ra [c7] ! Epha[f]ta !\r\nHãy mở [dm]ra ! [gm]Epha[c7]ta ! [bb]E[c]pha[f]ta !', 'Lạy Chúa xin mở mắt con biết nhìn kỳ công của Ngài', 1, 'publish'),
(343, 'con tin Chúa ơi', 0, '1515/09/14', '1.Thời gian qua [f]mau mà còn [dm]đây bao nỗi u [am]buồn. [d7]\r\nCuộc tình hôm [gm]nay cho bao [c7]nhieu tủi hờn đắng [f]cay. [f7]\r\nMột đời miệt [bb]mài lầm [gm]than dãi dầu sớm [am]hôm.\r\nBao [d7]năm tháng con mỏi [gm]mòn. Tình Ngài [c7]thương vẫn luôn vuông [f]tròn.\r\nNiềm cậy [gm]trông chúa [c]thương đời [f]con.\r\n\r\n2. Rồi bao lo toan mà đời con sao mãi ê chề.\r\nTình ngài hôm qua sao hôm nay tựa làn khói bay.\r\nVà tình đời này đổi thay như một giác mơ.\r\nCon tin chúa thương con nhiều. Dù đời con đớn đau trăm chiều.\r\nNguồn ủi an chúa là tình yêu.\r\n\r\n3. Dù hôm nay đây đường trần ai vương vấn bên lòng.\r\nTình ngài bao dung luôn cho con trọn niềm tín trung.\r\nDù đường còn dài ngày mưa đêm buồn mãi thôi.\r\nCon luôn vẫn tin nơi Ngài. Dù đời con sống trong u hoài.\r\nTình Ngài luôn chiếu soi ngày mai.\r\n\r\n4. Trần gian hôm nay dù đổi thay như lá trên cành.\r\nTình đời như vôi cho con trông cậy một chúa thôi.\r\nTình ngài nhiệm màu dìu con qua từng tháng năm.\r\nCon luôn bước trong ân tình. Ngài gọi con sống trong an bình.\r\nNgài chờ con giữa ánh bình minh.\r\n\r\nĐK: Con tin chúa [bb]ơi! Chúa chính [gm]là niềm vui [am]con\r\ntình ngài đỡ [dm]nâng cho con [c7]qua muôn ngàn gian [f]khó.\r\nCon tin chúa [bb]ơi! Chúa chính [gm]là niềm an ủi [am]con.\r\nNgài hằng chở [dm]che cho con [c7]thoát những ngày tối tăm. [f]....[c7]...[f]', 'Thời gian qua mau mà còn đây bao nỗi u buồn.', 1, 'publish'),
(347, 'nguyện cầu cho nhau', 0, '1515/10/08', '1. Con quỳ [dm]đây dâng [bb]Chúa tiếng ca cảm [a]tạ\r\nChúa cho [dm]con người bạn [c]đường [a]sống như bạn [dm]đời [d7]\r\nXin cho [gm]nàng như mây trên [c7]ngàn như suối nồng [f]nàn\r\nCó yêu [gm]thương nâng đỡ ủi an, sắt [c]son hiền [a7]ngoan\r\n\r\nCon quỳ [dm]đây dâng [bb]Chúa tiếng ca cảm [a]tạ\r\nChúa cho [dm]con người bạn [c]đường sống như bạn [dm]đời [d7]\r\nXin cho [gm]chàng như mây huy [c7]hoàng, như sóng ngập [f]tràn\r\nBước hiên [gm]ngang trên lối trần [c]gian sống [a7]vui trọn [dm]đời\r\n\r\n2.Trong tình yêu Thiên Chúa bao la tuyệt vời\r\nNắm tay nhau cùng hẹn lời mến yêu trọn đời\r\nXin cho nàng chung câu ân tình xây đắp gia đình\r\nSống bên con qua những buồn vui vững tin ngày mai\r\n\r\nTrong tình yêu Thiên Chúa bao la tuyệt vời\r\nNắm tay nhau cùng hẹn lời mến yêu trọn đời\r\nXin cho chàng gian lao muôn trùng luôn bước uy hùng\r\nSống bên con nâng đỡ chở che lối đi đường về\r\n\r\n3. Xin tình yêu Thiên Chúa đến trong gia đình\r\nMãi tương lai, một cuộc đời thắm hương trọn tình\r\nXin cho nàng vui trong ước nguyện xứng đáng mẹ hiền\r\nBiết hy sinh đưa dẫn đàn con, sống theo tình yêu\r\n\r\nXin tình yêu Thiên Chúa đến trong gia đình\r\nMãi tương lai, một cuộc đời thắm hương trọn tình\r\nXin cho chàng vui quên thân mình nâng đỡ gia đình\r\nSống thanh cao, gương mẫu người cha thiết tha hiền hòa\r\n\r\nĐK: Nguyện cầu cho [dm]nhau, nguyện cầu cho [f]nhau [d7]\r\nLuôn [gm]thắm [c7]tình ban [f]đầu [d7]\r\nMãi mãi cho [gm]anh tươi sáng niềm [bb]tin\r\nMãi mãi cho [c]em thơm ngát ân [f]tình\r\nNguyện cầu cho [a7]nhau, nguyện cầu cho [dm]nhau', 'Con quỳ đây dâng Chúa tiếng ca cảm tạ', 1, 'publish'),
(350, 'hãy đến hõi bạn tình ta', 0, '1515/10/12', '1. Bồ câu [am]hỡi em ơi em có [dm]hay Mùa xuân [g7]đã dang tay đón mời [c]em\r\nMùa đông [em]giá đi qua rồi [f]đó Hỡi em [em7]yêu hãy vào cung [am]điện\r\nHiền thê [am]hỡi em ơi em có [dm]nghe Bài tình [g7]ca trong đôi mắt đẹp [c]xinh\r\nGiọng em [em]nói trong như ngọc [f]quý Hỡi em [em7]yêu sao còn ngại [am]chi\r\n\r\n2. Người yêu hỡi anh ơi anh có nghe Mùa ân thánh muôn chim hót gần xa\r\nNgạt ngào hương trái dương vả quý Ngát hương thơm nho đang kết nụ\r\nDậy mau đi linh dương yêu dấu ơi Bồ câu hỡi cho anh thấy mặt em\r\nĐể cho anh nghe em giọng nói Dáng em yêu núi đồi vượt xa\r\n\r\n3. Người yêu hỡi em mau mau tiến lên Lời nguyện ước hôm nay chẳng hề phai\r\nNguyện yêu anh thương anh trọn kiếp Hứa yêu em khi vui lúc buồn\r\nĐường đời kia bên nhau vai sánh vai Chẳng lo chi khi ta có tình yêu\r\nVà bên ta Chúa luôn dìu dắt Chúa bên ta sao còn ngại chi\r\n\r\nĐK: Hãy [am]đến hỡi bạn tình [g]ta Hãy [f]đến hát bài tình [em]ca\r\nVì [am]Chúa chính là tình [g]yêu Hãy [f]yêu [e7]như Ngài yêu [am]ta', 'Bồ câu hỡi em ơi em có hay Mùa xuân đã dang tay đón mời em', 1, 'publish');
INSERT INTO `song` (`id`, `title`, `slug`, `date`, `content`, `excerpt`, `author`, `status`) VALUES
(353, 'lời mẹ nhắn nhủ', 0, '1515/10/13', '1. [am]Năm xưa trên cây sồi làng [f]Fatima xa [dm]xôi\r\n[c]Có Đức Mẹ Chúa [am]Trời hiện [f]ra uy linh sáng [c]chói\r\n[am]Mẹ nhắn nhủ người [dm]đời hãy [g]mau ăn năn đền [c]tội\r\n[f]Hãy tôn sùng Mẫu [g]Tâm,hãy [em]năng lần hạt Mân [am]Côi.\r\n\r\n2.Đôi môi như hoa cười Mẹ Maria vui tươi\r\nCó biết bao lớp người gần xa đưa nhau bước tới\r\nLòng trút khỏi ngậm ngùi mắt khô đôi suối lệ đời\r\nNgước trông về Mẫu Tâm sống bên tình Mẹ yên vui\r\n\r\nĐK: Mẹ Maria [c]ơi, [f]Mẹ Maria [am]ôi!\r\n[c]Con vâng nghe Mẹ rồi,sớm [am]chiều từ nay thống [c]hối.\r\n[am]Mẹ Maria ơi,xin [f]Mẹ đoái thương nhận [am]lời,\r\n[c]cho nước Việt sinh [am]tươi Đức [e7]tin sáng [am]ngời.', 'Năm xưa trên cây sồi làng Fatima xa xôi ', 1, 'publish'),
(356, 'dâng Mẹ', 0, '1515/10/14', 'ĐK : [dm]Lạy Mẹ Maria Mẹ Thiên [bb]Chúa Mẹ đồng [dm]trinh.\r\n[f]Đoàn con chung tiếng hát chung tấm [bb]lòng dâng đời [a]sống.\r\n[dm]Lạy Mẹ Maria Mẹ nhân [bb]ái Mẹ hiển [dm]vinh.\r\n[f]Mẹ chính là nữ [gm]vương là trạng [a7]sứ là Mẹ [dm]con.\r\n\r\n1. Con dâng [dm]Mẹ đây tâm [c]hồn đây trí [dm]khôn.\r\nCả dĩ [f]vãng , cả hiện [dm]tại với tương [dm]lai.\r\nĐức thiện [bb]toàn con cương [a]quyết gắng đi [dm]tới.\r\nTrông lên [c]Mẹ là gương [a]mẫu của đời [dm]con.\r\n\r\n2. Yêu thanh bần, yêu vâng lời, yêu khiết trinh.\r\nVà yêu dấu trên con đường Chúa đi xưa.\r\nDưỡng con Mẹ con vui bước tới Thiên Chúa.\r\nHy sinh nhiều vì bác ái vâng lời dạy.', 'Lạy Mẹ Maria Mẹ Thiên Chúa Mẹ đồng trinh.', 1, 'publish'),
(359, 'diễm tình ca 3', 0, '1515/10/17', 'ĐK: Chiều hôm [g]nao tiếng hát bay [em]cao.\r\nQuỳ bên [c]nhau trước Đấng tối [am]cao\r\nHứa yêu [d]nhau,trao câu [d7]thề chung sống trọn [g]đời\r\nRồi mai [g]đây,kiếp sống có [em]đôi.\r\nĐời buồn [c]vui mãi mãi bên [am]nhau\r\nKhấn xin [d]Mẹ thương dắt [d7]dìu tình yêu dâng [g]cao\r\n\r\n1.Tay đan tay nhịp bước đi trên [em]đời\r\nXin yêu [c]thương hạnh phúc đến cho [bm]người\r\nNgười em anh [g]yêu,người em anh [am]mến. [d7]Mẹ ơi trông [g]đến\r\nNhư chim [g]kia nhịp cánh trên mây [em]ngàn\r\nĐôi tim [c]con hoà khúc hát huy [bm]hoàng\r\nTrọn đời yêu [g]nhau,dù bao gian [am]khó, [d7]có Mẹ đừng [g]lo\r\n\r\n2.Mai sau đây gặp lúc phải âu sầu\r\nXin cho con đừng thế dễ quên lời\r\nLời thề hôm xưa cùng người yêu dấu,tình thương tha thứ\r\nHay khi nao hạnh phúc đến dâng đầy\r\nXin cho con đừng thế dễ quên lời\r\nLời ca tri ân nhờ Mẹ thương đến,chở che đời con', 'Chiều hôm nay tiếng hát bay cao. Quỳ bên nhau trước Đấng tối cao', 1, 'publish'),
(369, 'từ chốn luyện hình', 0, '1515/11/02', '1. [em]Từ chốn luyện hình u [bm]tối\r\n[g]Vọng tiếng bao linh [c]hồn khóc [b]than\r\nNiềm thành [em]tin dâng Mẹ nhân [bm]ái\r\n[em]Nguyện Mẹ [am]thương nghe đoàn con [b7]cái thiết tha van [em]nài.\r\n\r\n2. Ngày tháng trôi vào quên lãng\r\nNào biết ai trông người nhớ thương\r\nLệ sầu rưng rưng mờ đôi mắt\r\nLửa hồng bao đêm ngày nung nấu đớn đau khôn lường\r\n\r\n3.Ngàn nỗi ưu phiền đau đớn\r\nChỉ biết kêu xin Mẹ đoái thương\r\nDìu về nơi Thiên tòa cao sáng\r\nCùng Mẹ hoan ca tình yêu Chúa đến muôn muôn đời\r\n\r\n4.Thập Giá xưa còn ghi dấu\r\nMẹ hiến dâng Con một mến yêu\r\nChuộc tội cho gian trần sa đắm\r\nNày giờ đây xin Mẹ thương cứu với bao linh hồn\r\n\r\nĐk :\r\nTừ vực [c]sâu, tiếng khóc [bm]than còn vọng [d7]ngân\r\nvới tháng [g]năm u hoài đớn [b]đau\r\nMẹ Mẹ [em]ơi, hãy đoái [bm]thương, lòng từ [d7]bi\r\nhãy chiếu [g]soi hết [b7]mọi linh [em]hồn', 'Từ chốn luyện hình u tối, vọng tiếng bao linh hồn khóc than', 1, 'publish'),
(372, 'lời kinh tạm biệt', 0, '1515/11/04', '1. Người nằm [em]xuống giã [bm]từ trần [em]gian.\r\nXin cho [d]người ngủ [g]yên năm [b]tháng. [e7]\r\nLức chết [am]đi mới [bsus]được hỉ [b]hoan.\r\n[c]Chúa giang tay [b]chờ đầy [c]tớ [d]trung [em]thành.\r\n\r\n2. Xuôi tay xuống có gì người ơi!\r\nCó những gì để trình diện Chúa.\r\nChút mến yêu mỏng manh mà thôi!\r\nHãy mang theo cùng và hãy an lòng.\r\n\r\n3. Cuộc đời đó xin để lại sau.\r\nMắt dõi tìm trời cao yêu dấu.\r\nChốn ước mơ muôn đời thẳm sâu.\r\nĐã qua đi rồi cuộc sống thương đau.\r\n\r\n4. Dù còn đó lỗi lầm ngày qua.\r\nHãy vững tin tình yêu tha thứ.\r\nPhút tiễn đưa hiến dâng lời kinh.\r\nGởi theo bên người về chốn thiên đình.\r\n\r\nĐK: Một đời sống [e7]hy [am]sinh tìm về [d7]bến an [g]bình\r\nhưởng nguồn [c]vui [d]trong [g]Chúa chí [b]thánh. [em]\r\nChờ ngày [b7]mai phục [em]sinh trọn vẹn [a]kiếp cậy [d7]tin\r\nSống cho [am]đi để [b7]được chết [em]lành.', 'Người nằm xuống giã từ trần gian', 1, 'publish'),
(375, 'Khải hoàn ca', 0, '1515/11/13', 'ĐK: [c]Tiếng nhạc oai [em]hùng vang trên [f]khắp cõi [g]trời Việt [c]Nam.\r\nTiếng lòng yêu mến con thiết [dm]tha [g]hòa khúc khải hoàn [c]ca.\r\nĐồng thanh ta hát khen mừng bao Đấng Anh Hùng\r\nxưa đã thắng gian lao tòa cao chói [dm]lói trên trời hiển [g]vinh muôn [c]đời.\r\nĐồng thanh ta hát khen mừng bao Đấng Anh Hùng.\r\nNay chiến thắng khải hoàn trên nơi phúc [g]vinh sáng [c]ngời.\r\n[am]Hãy lắng nghe tiếng [g]con nài [c]xin:\r\nCho quê hương thoát [dm]cơn đau thương mau tới [em]ngày [f]bình [g]an tươi[c] sáng.\r\n[am]Hãy lắng nghe chúng [g]con nài [c]xin:\r\nQua gian nan Gíao [dm]Hội vinh quang tới [em]ngày [f]rạng [g]chiếu huy [c]hoàng.\r\n\r\n1. [c]Kìa [g]gương hiếu [c]trung xưa đã nêu [f]cao tinh [g]thần chiến [c]đấu.\r\nĐau đớn gian [dm]nan không thở [g]than qua một [g7]lời.\r\n[c]Ngày [g]nay hiển [c]vinh khắp trời Việt [f]Nam ngàn [g]thu lưu [c]dấu\r\nMuôn giới hỷ [em]hoan mừng [g]hát vang khắp [c]trời.\r\n\r\n2. Một lòng sắt son xưa chịu gươm đao gươm cùm trăng trối.\r\nLướt thắng gian lao ghi chiến công để muôn đời.\r\nNgày nay hiển vinh trên trời mừng vui triều thiên chói lói\r\nMuôn kiếp vẻ vang hạnh phúc trên cõi trời.', 'Tiếng nhạc oai hùng vang trên khắp cõi trời Việt Nam', 1, 'publish'),
(378, 'Giêsu Vua Tình Yêu', 0, '1515/11/19', '1. Một [am]chiều trên cây thập giá Chúa [d]đã hiến thân vì [am]yêu\r\nNgài đã tự [f]hiến chết cho nhân [am]loại dẫn thân vào [e]đường yêu thương tha [am]thứ\r\nNgài đã mở [dm]ra con đường sự [am]sống cho những [c]ai đem lòng yêu [am]mến\r\nbước theo chân [g]Ngài giữa [f]đời không mang vương [e]lụy.\r\n\r\n2. Cuộc đời qua muôn ngàn hướng Chúa đưa con lên đỉnh cao\r\nNgài kêu gọi con xóa đi hận thù bất công chia lìa xua tan bóng tối\r\nVì chúa đã đến mang sự hiệp nhất đem phúc vinh an bình tươi sáng\r\ndẫn đưa nhân loại tiến về quê hương nước trời.\r\n\r\n3. Tình Ngài qua muôn đời mãi khắc ghi trong tâm hồn con\r\nNgài không tặng ban thế gian danh vọng chức tước cao trọng oai phong thanh thế\r\nNgài đã tặng ban chính nguồn sự sống một trái tim đong đầy nhân ái\r\nNuống cho mọi người hướng niềm an vui thái hòa.\r\n\r\nĐK: Ôi vua Giê[am]su Vua Tình [d]Yêu xin ban cho [f]con tâm lòng mến [g]yêu\r\nDanh Ngài bước đi gữa [am]đời gieo niềm tin [e]mới.\r\nÔi vua Giê[am]su xin Ngài [g]thương nhân loại chúng [e]con\r\nvẫn [g]còn lầm than dưới [c]thế xin quy tụ [e7]về sống bên Vua Tình [am]Yêu.', 'Một chiều trên cây thập giá Chúa đã hiến thân vì yêu', 1, 'publish'),
(381, 'để Chúa đến', 0, '1515/11/25', '1. [am]Xin cho [dm]lòng chúng [e7]con luôn mở [am]rộng chờ mong Chúa [c]đến.\r\n[am]Xin cho lòng chúng [f]con [g]luôn thắm [c]nồng một tình yêu [f]mến.\r\n[dm]Xin cho lòng chúng [g]con luôn khát [c]khao, luôn ước [dm6]ao.\r\nMột thế [g]giới sướng vui dạt [c]dào, một thế [em]giới không còn khổ [am]đau.\r\n\r\n2. Xin cho lòng chúng con không oán hờn và không ghen ghét.\r\nXin cho lòng chúng con luôn quảng đại và luôn tha thứ.\r\nXin cho lòng chúng con yêu mến Người, yêu suốt đời.\r\nChỉ biết sống hiến dâng phục vụ, và hướng đến ân tình trời cao.\r\n\r\n3. Xin cho lòng chúng con như máng cỏ tỏa nồng hơi ấm.\r\nNên nơi Ngài náu thân khi xuống chân một đêm cô vắng.\r\nCho con được ủi an ai khóc than, ai khó khăn.\r\nGiọt nước mắt sẽ nên nụ cười, và tiếng hát vang dậy trần gian.\r\n\r\nĐK: Để Chúa [c]đến trong cuộc [f]đời, để Chúa [dm]đến mang ơn [e7]trời.\r\nNguồn hạnh [am]phúc cho con [c]người. Mùa cứu [em]rỗi cho mọi [am]nơi.', 'Xin cho lòng chúng con luôn mở rộng chờ mong Chúa đến.', 1, 'publish'),
(384, 'mây ơi mưa xuống', 0, '1515/12/03', '1. Ngàn mây [am]ơi ! Xin cùng mưa [c]xuống.\r\nTừ trời [g]xanh xin [e]đổ nguồn Thánh [am]Ân.\r\nNhững tháng [G]năm từng giây ngóng [C]chờ.\r\nGieo mưa [dm]đi, mây mây [g]ơi trần [em]đời khấn [am]xin.\r\n\r\n2. Đường thương đau rã rời chân bước.\r\nLần trong đêm mong ngày bừng ánh lên.\r\nChúa, Chúa ơi tội con ngất trời.\r\nCha, Cha ơi xin thương yêu một lần thứ tha.\r\n\r\n3. Niềm tin yêu, trong lòng xám hối.\r\nLà câu kinhm khấn nguyện cùng Chúa thôi\r\nThắp sáng lên, bình minh chói ngời\r\nCho say mê, đưa con đi, về đời Thánh ân.\r\n\r\nĐK: Lạy Trời thương [c]đoái mưa xuống cho [f]đời.\r\nLạy Trời thương [g]xót mưa [e7]xuống cho con [am]người\r\nĐấng Cứu [c]Tinh Ngài hãy giáng [f]sinh, xuống [e7]ơn an [am]bình, ngàn dân tôn [e]kính,\r\nđừng trì hoãn [c]nữa, xin đến cứu [f]độ\r\nmỏi mòn trông [g]Chúa đôi [e7]mắt hoen lệ [am]mờ.\r\nChúa Chúa [c]ơi ! tình con thiết [f]tha, vững [e7]tin nơi [am]Ngài ngàn [e7]năm chẳng [am]phai.', 'Ngàn mây ơi ! Xin cùng mưa xuống. Từ trời xanh xin đổ nguồn Thánh Ân', 1, 'publish'),
(386, 'mưa hạt cứu rỗi', 0, '1515/12/06', 'ĐK : Ánh sao [dm]trời về [d7]báo tin Noel [gm]sang rồi.\r\nSáng tuyệt [a]vời mừng [a7]Chúa Ngôi Hai sinh [dm]vào đời.\r\nGió mây trời [f]cao xôn xao, ngọt ngào câu [am]hát bát ngát.\r\nMưa hạt cứu [c]rỗi cho [bb]thoả tháng ngày dài [a]mong đợi.\r\n\r\nTiếng chuông [dm]vàng giục [d7]giã muôn tâm hồn [gm]xa gần.\r\nNối nhịp [a]đàn hoà [a7]với bao cung tơ [dm]rộn ràng.\r\nKết nên bài [f]kinh tôn vinh, trải lời ân [am]phúc kính chúc\r\nĐây mùa ánh [gm6]sáng đã [am]đến chiếu toả khắp [dm]dương gian.\r\n\r\n1. Yêu [d7]thương nhân thế chẳng bến bờ. [gm]\r\nChúa [c7]đã đón lấy phận bé thơ. [f]\r\nlàm người [bb]trần nhận kiếp sống đơn [gm6]sơ.\r\nCùng tìm [am7]về bên Chúa thoả niềm [dm]mơ.\r\n\r\n2. Vinh danh Thiên Chúa khắp cõi trời.\r\nAn hoà nhân thế đời thảnh thơi.\r\nNgày từng ngày niềm hạnh phúc đã khơi.\r\nLòng hẹn lòng vun đắp đời đẹp tươi.', 'Ánh sao trời về báo tin Noel sang rồi.', 1, 'publish'),
(388, 'cao cung lên', 0, '1515/12/08', 'ĐK : Cao cung [am]lên khúc [f]nhạc [em]Thiên Thần [am]Chúa\r\n[f]Hòa [g]trong làn [c]gió [em]nhè nhẹ vấn [am]vương\r\nÔi linh [c]thiêng lắng [e7]nghe thoang thoảng cung [am]đàn\r\n[c]Một đêm khuya [f]vang [am]vẳng trong tuyết sương.\r\n\r\nĐàn [c]ơi cứ rung những điệu réo [e7]rắt\r\nHát khen con một Chúa [am]Trời, rày sinh xuống cõi [f]đời [am]\r\nHỡi người dương [c]thế lặng [f]nghe [g]cung [c]đàn\r\nMau tìm cho [c]tới thờ [f]kính [e7]Vua giáng [am]trần.\r\n\r\n1. [f]Thôi hỡi trần gian [e7]im tiếng đi mà cung kính\r\n[am]Chúa Con sinh ra trong máng [c]cỏ hang [am]lừa\r\n[f]Tuy Chúa là Vua muôn nước [e7]suy phục tôn kính\r\n[am]Chúa bỏ ngai [f]vàng sinh xuống [em]trần đêm [am]sương.\r\n\r\n2. Thôi hỡi ngàn mây đen xám u mờ tăm tối\r\nHãy mau tan đi nay Chúa đã xuống đời\r\nTrên cõi trời cao, sao sáng chân thật đưa lối\r\nHãy mang tin lành cho nhân loại nơi nơi\r\n\r\n3. Thôi hỡi hồn tôi ghi nhớ trong lòng sâu thẳm\r\nChúa sinh đêm nay, sinh bé nhỏ khó hèn\r\nTôi quyết từ nay yêu Chúa trong tình đằm thắm.\r\nMuốn để đền bù những thói đời bạc đen.', 'Cao cung lên khúc nhạc thiên thần Chúa, hòa trong làn gió nhè nhẹ vấn vương', 1, 'publish'),
(391, 'mùa đông năm ấy', 0, '1515/12/12', '1. Mùa đông năm [dm]ấy, sao sáng [bb]soi [a7]cuối [dm]trời\r\nmùa đông năm [bb]ấy con Chúa [c7]sinh xuống [f]đời\r\nnhịp ca véo [dm]von bao thiên [bb]thần vang [f]hát [d7]\r\ntôn thờ ngôi [gm]Hai Giáng [a7]sinh trần [dm]ai\r\nCon hợp với thiên thần hòa vang câu [f]hát\r\ncon hợp [bb]với thiên [am7]thần hòa vang câu [dm]hát\r\nmừng sinh nhật [bb]Chúa vinh [dm]quang\r\nmừng sinh nhật [f]Đấng yêu [gm]thương\r\nsinh [bb]nhật, từ [a7]ái sáng như công [dm]bình\r\n\r\n2. Mùa đông năm ấy vui tiếng ca nhịp nhàng\r\nmùa đông năm ấy theo ánh sao huy hoàng\r\ntiếng hát bê lem nhưng mục đồng mau bườc\r\ntôn thờ ngôi Hai Gáng sinh trần ai\r\ncon hợp với mục đồng cùng thờ lạy Chúa\r\ncon hợp với mục đồng cùng thờ lạy Chúa\r\nmừng sinh nât đấng cứu tinh\r\nmừng sinh nhật đấng uy linh\r\nsinh nhật ngày Chúa xuống ơn thái bình\r\n\r\n3. Mùa đông năm ấy quên lắng lo ưu phiền\r\nMẹ Ma-ri-a âu yếm cung kính nhìn.\r\nNhìn con mới sinh dâng tấm lòng kính mến\r\ntôn thờ ngôi Hai Gáng sinh trần ai\r\nCon hợp với Maria quỳ đây ngắm Chúa\r\nCon hợp với Giuse quỳ đây ngắm Chúa\r\nMừng sinh nhật chúa hiển linh\r\nMừng sinh nhật Đấng quang vinh\r\nSinh nhật một lễ đáng ghi muôn đời\r\n\r\n4. Mùa đông năm ấy con Chúa xa cõi trời\r\nMùa đông năm ấy Con Chúa sinh xuống đời\r\nNgày xưa có hoa nhưng sinh nhật Con Chúa\r\nTâm hồn con ghi dám dâu hoài nghi.\r\nCon quỳ gối, ôn lại ngày xưa đáng nhớ\r\nCon quỳ gối cảm tạ tình yêu quý giá\r\nMừng sinh nhật Chúa chí nhân\r\nMừng sinh nhật Chúa muôn ân\r\nSinh nhật, cùng với tháng năm vững bền', 'Mùa đông năm ấy, sao sáng soi cuối trời', 1, 'publish'),
(393, 'Chúa xuống đời', 0, '1515/12/14', '1. Giữa đêm đông [gm]buồn nghe từng cơn gió hắt [bb]hiu, [gm]\r\nlạnh thân Chúa [f]tôi xuống làm [d7]người chuộc tội nhân [gm]thế.\r\nAi đâu hiểu [bb]thấu tuổi thơ [eb]đầu đã vương cơ [d]cầu. [gm]\r\nTình chúa thẳm [cm]sâu con nào [d7]đâu lấy chi đáp [g]đền.\r\n\r\n2. Chúa đã xuống trần cam phận cay đắng xót xa.\r\nNgài vì chúng ta trở nên người nghèo hèn khốn khó.\r\nChúa đã phải gánh hết lỗi lầm của cả nhân loại.\r\nTình chúa thẳm sâu con nào đâu lấy chi đáp đền.\r\n\r\n3.Thánh gia cơ bần không tìm được nơi náu thân.\r\nVì đâu thế nhân đã bao lần phụ tình yêu Chúa.\r\nTrong nơi lửa chiên là đền đài Chúa tôi sinh hạ.\r\nNgười thấu được chăng, đây tình yêu Chúa cao vời vợi.\r\n\r\nĐK: Này con dâng [em]Chúa cuộc đời [am]con như cỏ rơm [bm]hèn,\r\nsưởi ấm lòng [g]Chúa giữa đêm đông đầy lạnh [d]giá. [d7]\r\nCon muốn hòa [g]ca lời ngợi [em]khen với muôn thiên [c]thần,\r\nnhư khúc nhạc [bm]mừng cùng dâng [d7]lên Thiên Chúa giáng [g]trần.', 'Giữa đêm đông buồn nghe từng cơn gió hắt hiu', 1, 'publish'),
(396, 'quê hương thượng đế', 0, '1515/12/26', '1. Một [f]đêm chốn hoang [dm]vu Chúa ra [bb]đời. [c] Đồi [f]khô đá chơ [dm]vơ trời băng [gm]giá. [dm] [g7]\r\nNhân [bb]gian có tin [d7]vui phận [gm]bèo chốn quê [dm]nghèo. Hãy [c]đi tìm xem trẻ [f]thơ.\r\n\r\n2. Một đêm Chúa sinh ra bên rìa làng. Cỏ rơm giấu thân gầy ngăn cơn gió.\r\nĐêm khuya giữa canh thâu rạng ngời giữa đêm dài. Ánh sao bình an đã lên.\r\n\r\n3. Từ nay Chúa với con chung cuộc đời. Cùng nhau bước thăng trầm đường dương thế.\r\nAi ơi hãy im nghe: Lời Người đã ra đời. Đến mau tìm xem Chúa ta.\r\n\r\nĐK: Và [f]có mấy [gm]anh dân [dm]nghèo tới nghiêng [f]nhìn. Trẻ [gm]thơ trong [c]khăn đặt trên [f]máng. [c]\r\nVà [F]có tiếng [gm]ca âm [dm]vang muôn thiên [f]thần. Hò [gm]reo hân [c]hoan câu bình [f]an.', 'Một đêm chốn hoang vu Chúa ra đời. Đồi khô đá chơ vơ trời băng giá.', 1, 'publish'),
(399, 'tâm tình xin vâng', 0, '1515/12/31', '1. [dm]Lời mời gọi của [f]Chúa, luôn [a7]gây xáo trộn đời [dm]con\r\n[bb]bao dự định riêng [gm]tư, dường [a7]như mất hút trong [dm]đời.\r\n[d7]Con mong muốn thế [gm]này, Chúa [bb]lại mong muốn thế [a]kia.\r\n[gm]Con không sao hiểu [c]được, nhưng tin [am]vào tình thương của [dm]Ngài.\r\n\r\n2. Tin vào quyền năng Chúa, không lo lắng gì ngày mai\r\nBao điều trong tương lai, năm trong thánh ý của Ngài.\r\nCon lo lắng cũng thừa, chỉ cần vâng theo ý Cha.\r\nBao phong ba trên đời, sẽ kết thành niềm vui sáng ngời.\r\n\r\n3. Đời một đời cho Chúa, an vui sống trọng niềm tin.\r\nKhông sợ chi lao lung vì luôn có Chúa ở cùng.\r\nBao nhiêu nỗi khốn cùng, biến thành ân phúc thế nhân.\r\nNoi theo gương Đức Mẹ, để một lòng phụng sự Chúa trời.\r\n\r\nĐK: Con xin vâng theo [f]Chúa, dù bao [bb]nỗi khó khăn trong [a]đời.\r\n[gm]Con xin vâng trọn [c7]đời để thánh [f]ý Chúa được thực [dm]thi.\r\nTin [bb]vào lòng Chúa tín [f]trung, tin [c7]vào tình Chúa bao [f]dung.\r\nNhư [a]Mẹ xưa đã xin [c]vâng, trọn niềm phó [am7]thác theo ơn Thánh [dm]Thần.', 'Lời mời gọi của Chúa, luôn gây xáo trộn đời con', 1, 'publish'),
(402, 'cho con trái tim của Chúa', 0, '1616/01/06', '1. [dm]Mang thân phận con [bb]người, Chúa [c]ơi con thật yếu [dm]hèn\r\n[b]Đam mê [c]và danh [f]vọng, trần [gm]gian chỉ là phù [a]phiếm.\r\n[c]Xin gạn đục khơi [dm]trong, những [gm]gì còn vương ngổn [a7]ngang.\r\n[dm]Cho hồn được bình [gm]an, thắm [bb]đượm ân [am]tình Chúa [dm]ban.\r\n\r\n2. Mang thân phận bất toàn, lắm khi ngã gục trên đường.\r\nCon luôn cần đến Ngài, mở tay dẫn đường chỉ hướng.\r\nBao bụi trần xa hoa, khiến lòng còn mang vấn vương.\r\nTrên dòng đời lao đao, sóng cuộn con thuyền tứ phương.\r\n\r\n3. Mang thân phận mỏng dòn, mấy ai qua được bốn mùa.\r\nXuân xanh thời thắm màu, hạ sang đến thu tàn úa.\r\nĐông tàn chẳng đợi ai, kiếp người vụt như vó cau.\r\nCho dù là trăm năm, cuốn đời cũng lìa cách nhau.\r\n\r\n4. Cho con yêu mến Ngài, thiết tha với cả tâm hồn.\r\nYêu nhân loại thắm nồng, cảm thông với ai cùng khốn.\r\nXin tình Ngài khơi lên, ánh lửa bửng soi trí tâm.\r\nĐem nồng nàn yêu thương, chiếu tỏa cõi lòng thế nhân.\r\n\r\nĐK: [bb]Xin cho [am7]con trái tim của [dm]Chúa, biết cho [c]đi không hề toan [f]tính\r\nBiết cảm [gm]thông với người khổ [c]đau cùng [am]khốn.\r\n[bb]Xin cho [am7]con trái tim rộng [dm]mở, biết yêu [c]thương như là lẽ [f]sống\r\nbiết sẽ [gm]chia với người đớn [am]đau lầm [dm]than.', 'Mang thân phận con người, Chúa ơi con thật yếu hèn', 1, 'publish'),
(405, 'Chúa chịu phép rửa', 0, '1616/01/11', '1. Ngày [g]ấy, tại sông Gióc-[em]đăng. Khi Gio-[d]an đang làm phép [g]rửa,\r\nnày [am]chính Đức Giê-[bm]su đã tiến [d]đến từ hàng tội [g]nhân.\r\nGio-[c]an chợt nhìn [am]Người, đăm [d]chiêu lòng bồi [g]hồi rồi [em]thốt lên:\r\nĐây [a7]là Chiên Thiên [d]Chúa [g7]. Người [c]đến xóa tội trần [bm]gian,\r\nNgười [am]đến mặc dù sau [em]tôi, nhưng [d]Người hằng có trước [g]tôi.\r\n\r\n2. Người đến tại sông Gio-đan, xin Gioan chu toàn phép Rửa\r\nlàm dấu chứng tình thương Theo Thánh ý nhiệm mầu của Cha.\r\nThông chia phận loài người vai mang tội người đời nguyện hiến thân\r\nkhai mào trời đất mới. Là Đấng cứu độ trần gian\r\nNgười đến rửa hồn nhân gian, chính bằng Thần khí lửa thiêng.\r\n\r\n3. Lạy Chúa là vị cứu tinh, bao năm qua nhân trần ngóng đợi.\r\nNgài chính ánh hừng đông xua bóng tối diệt trừ tội khiên.\r\nTin vui truyền mọi miền, tiêu tan ngàn buồn phiền bừng cháy lên\r\nlửa tình yêu vô biên. Lạy Chúa chính nguồn tình thương\r\nnhuần thấm tình người muôn phương đất trời hoà khúc tán dương.\r\n\r\nĐk: Kìa tầng trời rộng [c]mở, Thánh [em]Thần ngự xuống trên [am]Người,\r\nsai người [d]đi loan truyền tin [g]vui [a7]khắp muôn [d]nơi.\r\n[g]Từ tầng trời rền [c]tiếng Chúa [em]Cha tuyên phán cho [d]Người:\r\nNày là con [g]Ta, đẹp lòng [d7]Ta mọi [g]đàng.', 'Ngày ấy, tại sông Gióc-đăng. Khi Gio-an đang làm phép rửa,', 1, 'publish'),
(408, 'chính Chúa', 0, '1616/01/14', '1. [am]Chính Chúa là chốn [d]con nương [f]nhờ ngày [am]ngày,\r\n[am]Chính Chúa là chốn [d]con tựa [g]nương Danh Thánh [c]Ngài\r\n[f]Chính Chúa là niềm [g]tin ủi [g7]an vỗ [c]về.\r\n[am]Chính Chúa là tình [dm]yêu cho [e7]con trọn niềm [am]vui.\r\n\r\n2. Chính Chúa là hướng con đi tìm hằng ngày.\r\nChính Chúa là xác thân làm cho con sống dậy.\r\nChính Chúa là đời con hôm nay sau này.\r\nChính Chúa là thần lương nuôi con đi qua ngàn vực sâu.\r\n\r\n3. Chính Chúa tạo tác nên sông dài biển hồ.\r\nChính Chúa tạo tác con từ trong bao cát bụi.\r\nChính Chúa ngỏ lời con đi theo chân Ngài.\r\nChính Chúa dìu con đi qua ngàn vực sâu.\r\n\r\nĐK : Chính Chúa là nguồn cậy [g]trông cho con vui [f]say trong bao đêm [e]ngày.\r\nChính Chúa là nguồn tình [g]yêu bao la vô [f]bờ thiên thu bất [e]tận\r\n\r\n[am]Chính Chúa.', 'Chính Chúa là chốn con nương nhờ ngày ngày', 1, 'publish'),
(412, 'tìm', 0, '1616/01/28', 'Những tháng năm [dm]đó, con đã [c]không tin [dm]Ngài\r\nChìm đắm hư mất, bao tội [c]ô nơi bến [f]mê\r\nTìm kiếm nhân [dm]thế một tình [c]yêu, một niềm [f]tin con mãi [dm]tìm\r\nCon tuyệt [bb]vọng và lạc [a]loài nơi tối [dm]tăm.\r\n\r\nDù có cả thế giới nhưng con mất Ngài\r\nNiềm vui còn đâu khi đời con không có Cha\r\nLạc thú giàu sang nơi trần gian rồi chợt tan như hoa tàn\r\nChẳng có gì mãi tồn tại nơi thế gian.\r\n\r\nTìm đến Jesus bao đớn đau nay không còn\r\nTình yêu Thượng Thiên Chúa thứ tha mọi tội lỗi\r\nDù cho tội anh bao xấu xa, Ngài sẽ khiến nên trắng trong\r\nĐến với Ngài nơi tràn ngập bao thỏa vui.\r\n\r\nDù có sóng gió bao đổi thay, con tin Ngài\r\nDù cho khổ đau lôi cuốn con lìa xa Chúa\r\nTình Chúa rộng lớn hơn biển sâu, tình yêu Chúa bao phủ con\r\nCon đã tìm cho đời mình một tình yêu.', 'Những tháng năm đó, con đã không tin Ngài', 1, 'publish'),
(414, 'tâm tình hiến dâng 2', 0, '1616/02/02', '1. Ngày xa xưa [gm]ấy, Cha [f]đã thương gọi [gm]con.\r\nRời vòng tay mẫu [f]thân con [f7]bước theo tình [bb]Cha.\r\nChuyện ngày xưa thơ [gm]bé đến bây giờ con đâu dám [f]quên.\r\nBàn tay của [d]Cha dắt dìu con, từng ngày tháng [gm]qua.\r\n\r\n2. Này con xin đến nơi chính Cha hẹn con.\r\nThập tự con vác theo lên núi cao khổ đau.\r\nBài học cây Thánh Giá vẫn in hằn trong tâm trí con.\r\nTình thương của Cha vẫn chờ mong, gọi mời hiến dâng.\r\n\r\n3. Đời mênh mông quá con muốn bay thật xa.\r\nThả vào đời tiếng ca con hát lên tình Cha.\r\nBài tình ca dâng hiến suốt một đời vang trong đáy tim.\r\nKề bên lòng Cha phút dịu êm ngập tràn sướng vui.\r\n\r\nĐK : [gm]Những ngày thơ tình thơ, dẫn [f]con về với niềm mơ,\r\nđã [d#]qua thời gian chờ mong hiến [d]dâng.\r\n[gm]Đôi bàn tay phàm nhân phút [f]giây chạm đến thần thánh,\r\nsẽ [d#]ngân vang khúc [d7]tin yêu ngàn [gm]đời.', 'Ngày xa xưa ấy, Cha đã thương gọi con.', 1, 'publish'),
(416, 'tình Chúa', 0, '1616/02/15', '1. [dm]Khi tình yêu con còn [gm]mơ, tin [c]yêu con dệt [f]thơ thì tình Chúa hững [a]hờ\r\n[d7]Chúa vẫn dang tay trông [gm]chờ ,dôi mắt vương lệ [e7]mờ, nhưng con vẫn làm [a]ngơ\r\nVà [dm]khi tình yêu con tan [gm]vỡ tin yêu con sầu [f]khổ, chạy đến Chúa nương [a]nhờ\r\n[d7]Chúa vẫn đôi tay trông [gm]chờ lòng Chúa vẫn vô [f]bờ trìu [a7]mến mong con từng [dm]giờ\r\n\r\n2. Khi đường trần say nguồn vui Tương lai con rực chói con quên Chúa mất rồi\r\nChúa vẫn dang tay rộng mời Và thứ tha tội đời Nhưng con chối từ thôi\r\nRồi khi đường trần con sầu đauTương lai con mờ ảo Chạy đến Chúa kêu cầu\r\nChúa vẫn đôi tay rộng mời Tình Chúa không đổi dời Lòng Chúa bao dung đời đời\r\n\r\nĐk: [dm]Ôi tình [c]yêu của [bb]Chúa không bến [a]bờ\r\n[gm]Con lại đắm [f]say trần thế [c]hơn cả tình [a]Chúa\r\n[dm]Ôi vì [c]yêu, mà [bb]Chúa không tiếc [a]đời\r\n[gm]Trên thập giá [f]kia lòng Chúa [a]đang cơn ngậm [dm]ngùi', 'Khi tình yêu con còn mơ, tin yêu con dệt thơ thì tình Chúa hững hờ', 1, 'publish'),
(418, 'hãy trở về', 0, '1616/02/15', '1. Bao năm trôi [am]qua hồn [a7]con lạc bước đi [dm]xa\r\nQuên bao ơn [g]Cha trầm [g7]kha bể đắm bao [c]la [e]\r\nNay con ăn [am]năn hồi [a7]tâm thống hối bao lỗi [dm]lầm\r\nĐền [f]bù bất xứng bao [g]năm quyết [e7]tâm trở về Cha [am]lành\r\n\r\n2. Xin Cha tha cho hồn con lỡ bước hoen nhơ\r\nTim Cha bao dung hồn tội lụy chẳng bơ vơ\r\nTin ơn dung tha Lòng con quên hết bao lo sợ\r\nTìm về nương bóng bên Cha Trái tim nhân hậu vô bờ.\r\n\r\nDK: Hãy trở [am]về, trở [f]về với Cha nhân [e]lành\r\nHãy [a7]trở [dm]về, trở về để sớm hồi [e7]sinh\r\nHãy trở [am]về, trở [f]về sống trong an [e]bình\r\nTrở [g]về, trở [f]về để [e]mãi sống [e7]trong ân [am]tình', 'Bao năm trôi qua hồn con lạc bước đi xa', 1, 'publish'),
(420, 'Mẹ nhân loại', 0, '1616/02/22', 'ĐK : Ma ri [dm]a ngày xa xưa [f]ấy đồi hoang [gm]liêu bóng mây nhạt [dm]chiều\r\nđứng tiêu [bb]điều xót xa [a]nhiều thánh giá chiều treo xác con [dm]yêu.\r\n\r\n1. [bb]Mẹ [c]đứng [f]nhìn nhân [gm]loại ôi bao [a]người đang hấp [gm]hối giữa tội [a]nhơ [d7]\r\nMẹ nhìn [gm]lên bàn tay thánh [c7]giá chung tâm [f]hồn chung đau [e7]buồn\r\nbên con [a7]mình cứu rỗi cho cuộc [dm]đời\r\n\r\n2. Mẹ đã nhiều mong đợi cho con người mau xa thoát những khổ đau\r\nMẹ hiệp thông cùng con thương mến xin ân tình xin an bình\r\nnhư mưa hồng rơi xuống cho lòng người.\r\n\r\n3. Mẹ ấm lòng hoan lạc tuy tim mình như dao sắc đã thủng sâu\r\nTrời chiều nay tầng mây u ám nhưng tim Mẹ luôn hy vọng\r\ntrên gian trần đã sáng muôn hồn người.', 'Maria ngày xa xưa ấy đồi hoang liêu bóng mây nhạt chiều', 1, 'publish'),
(421, 'lời vọng tình yêu', 0, '1616/02/24', '1. [am]Trên đồi cao vang thiết [c]tha tiếng [f]vọng lời tình [a]yêu. [e7]\r\n[am]Giêsu gục [e]ngã treo thân Thập [f]Giá, giang cánh [g7]tay ôm tội loài [c]người.\r\n[am]Thân tàn vơi Con Chúa [c]Trời nghe [f]hồn chợt đơn [g]côi. [e7]\r\n[am]Ôi nhân loại [e]hỡi sao chưa hoài [f]tới mà nỡ [g]quên [e]ân tình biển [am]khơi.\r\n\r\n2. Trên đồi cao trong tiếng ngân chuông chiều vọng tình yêu.\r\nGiêsu lặng lẽ môi khô bờ hé tim nát tan gai nhọn bạo tàn.\r\nÂn tình sâu ai có mau quay về nguồn yêu thương.\r\nÔi Cha từ ái xin tha lầm lỗi những tháng năm xa lìa tình Cha!\r\n\r\nÐK. Chỉ vì tình [c]yêu Chúa chịu nhục [g]thân [e7]chết cho trần [am]gian.\r\nVì Ngài chỉ [c]đến sống cho tình [g]yêu [e7]chết cho tình [am]yêu,\r\nđể cứu [f]nhân loại lỗi [c]tội đưa [e7]về trời đẹp [am]tươi.', 'Trên đồi cao vang thiết tha tiếng vọng lời tình yêu', 1, 'publish'),
(422, 'Mẹ đồng công', 0, '1616/02/29', '1. Chiều [dm]xưa khi Chúa giang tay trên thập [f]giá,\r\nMẹ [bb]đứng chắp [g]tay [a7]nguyện [dm]cầu,\r\nđồi [c]cao ôi tím [bb]sầu là [a7]hồn thế gian đen [dm]mầu.\r\n\r\n2. Chiều xưa trong gió mênh mang trên đồi cao,\r\nMẹ thấy thế gian tội tình,\r\nMẹ thương bao kiếp người còn chìm đắm quên ơn trời.\r\n\r\n3. Giờ đây vai chúng con vẫn mang thập giá,\r\ngục ngã biết bao nhiêu lần\r\nĐoàn con nương bóng Mẹ là mẹ chúng nhân muôn đời.\r\n\r\n4. Tình yêu mang trái tim bao la tình yêu,\r\nMẹ đón chúng con trở về,\r\nMẹ đưa ai ngóng chờ tìm gặp Chúa con nhân từ.\r\n\r\nĐK: Mẹ mãi [f]mãi là [a7]mẹ chúng [dm]con,\r\nMari[gm]a, mãi [bb]mãi là [c7]Mẹ chúng [dm]con [d7]\r\nMẹ đồng [gm]công năm [a7]xưa cứu [dm]đời\r\nxin mãi [gm]mãi che [a7]chở chúng [dm]con', 'Chiều xưa khi Chúa giang tay trên thập giá', 1, 'publish'),
(424, 'tình yêu Thiên Chúa', 0, '1616/03/01', 'ĐK: Tình yêu Thiên [dm]Chúa như trăng như sao,\r\nđưa con lên [c]cao ôi nào biết lấy chi báo [dm]đền?\r\nChúa dắt dìu con đi qua đêm đen cho con ca [gm]khen\r\ntình yêu Chúa ôi như đại [a7]dương.\r\nTình yêu Thiên [dm]Chúa chói sáng khắp [c]chốn,\r\ngội sạch tội [f]đời, ôi tình [bb]Chúa sao quá cao [a7]vời.\r\nCon quyết trọn [dm]đời dâng hiến xác [gm]thân,\r\nloan báo thiên [a7]ân cho khắp nhân [dm]trần.\r\n\r\n1. Người đã thương [dm]tôi từ thuở xa [c]xôi chưa có bầu [f]trời.\r\nNào ai có biết tôi đã từ [bb]đâu sinh đến trong [a7]đời?\r\nChúa đã thương [gm]tôi nên có đôi [f]môi\r\ntôi ca ngàn [f]khúc hát vang [a]lên ngợi [dm]khen.\r\n\r\n2. Trời đất bao la dành hết cho ta đâu có tình cờ.\r\nTình yêu Thiên Chúa đã tác tạo nên sông núi trên đời.\r\nTrong gió lên khơi, trong tiếng mưa rơi,\r\nnghe như là tiếng Chúa trong tim mọi người.\r\n\r\n3. Ngày tháng hôm nay, và mãi tương lai, Chúa biết từng ngày.\r\nÐời tôi đang sống dẫu có đổi thay, tay Chúa an bài.\r\nMưa gió miên man, hay nắng hân hoan,\r\nmôi luôn tràn tiếng hát tâm tư bình an.\r\n\r\n4. Nhìn ngước lên cao, ngàn ánh trăng sao, tinh tú dạt dào.\r\nNào ai dám nói đất thấp trời cao Chúa ở nơi nào?\r\nChúa ở bên tôi, đâu có xa xôi,\r\nnhư đôi hình với bóng theo nhau mọi nơi.', 'Tình yêu Thiên Chúa như trăng như sao', 1, 'publish'),
(425, 'Người chết vì yêu', 0, '1616/03/02', 'ĐK1: Ngày [am]đó chiều nắng vàng, trên đồi Gô-tha [c]vắng.\r\nChiều [am]đó, có [f]ai cô đơn chết vì [e7]yêu. [am]Yêu, yêu nhân trần tội [g]lỗi.\r\nYêu con người đắm [c]đuối, chết đớn đau u [e7]sầu.\r\nNgười [am]đó là Chúa Trời, làm người nơi dương [c]thế.\r\nTình [am]mến chứa [f]chan khơi trên mắt buồn [e7]vương.\r\n[am]Cơn đam mê bừng rực [gm]sáng, yêu thương bằng cái [c]chết,\r\ntiếng [e7]yêu vang vọng đêm [am]trường.\r\n\r\n1. [g]Xin Ngài thương ban cho [c]con, một tình yêu nồng [am]thấm đáp lại mối tình [e7]si. [a7]\r\n[dm]Yêu cho con yêu thập [g]tự, cho con say tình [f]Ngài, giữa [em]dòng đời hôm [am]nay.\r\n\r\n2. Xin Ngài thương ban cho con, một niềm tin mạnh mẽ, dẫu đời lắm khổ đau.\r\nXin cho con yêu mọi người, cho con đi vào đời, dẫu cuộc đời chua cay.\r\n\r\n3. Xin Ngài thương xem con đây. Một người con tội lỗi, đã phụ mối tình Cha.\r\nXin cho con quay trở về, cho ăn năn thật lòng, đáp lại tình Cha yêu.\r\n\r\nĐK2: Và nhớ này hỡi người, trong cuộc đời dương [c]thế.\r\nNgài [am]đã chết [f]đi, mang thương mến người [e7]ơi.\r\n[am]Xin cho con đừng quên [g]lãng, yêu thương đừng gian [c]dối,\r\nchứng [e7]nhân cho Ngài giữa [am]đời.', 'Ngày đó chiều nắng vàng, trên đồi Gô-tha vắng.', 1, 'publish'),
(433, 'Xin dạy con', 0, '1616/04/28', '1. Khi con kêu [am]cầu Chúa đã lắng [dm]nghe\r\nKhi con âu [g]sầu thì Chúa đến ủi [c]an\r\nVui say trong [am]đời, những lúc buông [dm]trôi\r\nThì con quên [e]mất rằng [e7]con quên Chúa mất [am]rồi\r\n\r\n2. Đêm đen mịt mờ, Chúa dắt con đi\r\nChỉ lối soi đường còn lắm hố chông gai\r\nXin cho con nhìn những nỗi thương đau\r\nVà cho con biết rằng con đau xót vô cùng\r\n\r\n3. Bao nhiêu sa đọa, phút chốc đam mê\r\nThân hư ê chề vì đã trót lỗi sai\r\nXin ban hy vọng, sám hối ăn năn\r\nVì con luôn biết rằng: Chúa vẫn mãi thương con.\r\n\r\nĐK: [am]Xin dạy con cho con biết yêu [g]thương ở đâu\r\n[f]Xin dạy con cho con biết nơi [e7]nào tội lỗi\r\n[am]Chúa tình yêu, xin Chúa hãy cho [g]con niềm tin\r\n[f]Nơi cậy trông, cho con biết yêu [e7]người kính Chúa\r\n[dm]Là dòng suối mát, [am]ngọt ngào êm ái\r\n[e]Tràn đầy vào [e7]hồn tim hằng chờ [am]mong.', 'Khi con kêu cầu Chúa đã lắng nghe', 1, 'publish'),
(435, 'làm sao dám mơ', 0, '1616/05/02', '1. Làm sao [b7]dám mơ hạnh [em]phúc ngày thế giới kính tôn [b7]Danh Ngài.\r\nSầu dâng lên trong mọi [am]lúc, gập ghềnh thay bước chân [em]phong trần.\r\nLòng tha [b7]thiết con nguyện [em]khấn. Cầu xin Chúa thứ tha [b7]lỗi lầm.\r\nNhờ Danh Thánh Con Một [am]Chúa, [b7]Người đã chết thay cho [em]thế trần.\r\n\r\n2. Làm sao dám mơ rằng có một tình yêu mãi không phai nhoà.\r\nMột mùa xuân không tàn úa một cuộc sống an vui thái hoà.\r\nVà tang tóc không còn tới. Đời con sống chứa chan ân tình.\r\nVà đôi mắt không còn khóc, cặp môi thắm vang lên tiếng cười.\r\n\r\nĐK: Mừng vui lên [e]anh ơi: [e7] Chúa cứu tinh [a]nhân trần\r\nđã sống lại [g#m]thật rồi, loan báo tin [b7]vui.\r\nGiòng đời này sẽ [e]trôi qua, [e7] tiếng khóc sẽ [a]không còn\r\nthế giới sẽ [g#m]vui mừng, hát [b7]chung bài [e]ca.', 'Làm sao dám mơ hạnh phúc ngày thế giới kính tôn Danh Ngài.', 1, 'publish'),
(436, 'Chúa đã lên trời', 0, '1616/05/05', '1. [c]Chúa đã lên trời núi [am]đồi đưa mắt nhìn [em]theo,\r\n[f]chia ly đôi [am]ngả ngàn [em]dâu xanh [g]ngắt một [c]mầu.\r\nThầy về quê [am]hương xa vời ôi, [dm]xa vời cuộc [em]đời,\r\nnhưng bao tình [f]mến ơn trời [dm]mãi [g]ở với [c]Người.\r\n\r\n2. Chúa đã xuống đời với ngườI chung kiếp khổ đau,\r\nlang thang muôn nẻo tìm đâu một chỗ tựa đầu.\r\nNgười về thiên cung nhưng chẳng quên cát bụi cuộc đời,\r\nTa đi dọn chỗ cho ngườI ở nhà Chúa Trời.\r\n\r\n3. Chúa sống trong đời, khóc cười bao nỗi nhục vinh,\r\ncô đơn đau khổ tử sinh oan trái tội tình.\r\nNgười về an vui nhưng lòng thương gian trần đọa đày,\r\ntrên cao gửi xuống Thánh Thần an ủi tháng ngày.\r\n\r\n4. Chúa đã lên trời bóng Người xa khuất mù khơi,\r\ncon mong được đổi làm mây theo gót chân Người,\r\nbầu trời mênh mang luôn vọng vang tiếng Người gọi mời,\r\ncon vui nhẹ bước trên đời tiến về cõi trời.\r\n\r\nÐK : Con nhìn lên [c]cao thao [am]thức với ngàn vì [dm]sao,\r\nkhấn xin [em]Người dìu [f]đưa con bền [g]tâm bước lên trời [c]cao', 'Chúa đã lên trời núi đồi đưa mắt nhìn theo', 1, 'publish'),
(439, 'Tiến dâng Cha', 0, '1616/05/08', '1. [em]Giờ hồn con cất [c]tiếng ngợi [b]ca. [em]Vì lòng Cha bao [am]la đại [em]hải.\r\n[d7]Sáng hơn sao rực [g]rỡ hơn trăng. [am]Chẳng khi nào mờ [b]phai.\r\n[em]Một tình thương tha [c]thứ đầy [b]vơi. [em]Ngài vì yêu hy [am]sinh Thập [em]Gía.\r\n[d7]Sống cho ta và [g]chết cho ta [b7]để chứng minh cho [em]đời.\r\n\r\n2. Này hồn con thao thức triền miên. Vì đời con biết lấy chi tiến.\r\nTiến dâng Cha một chút ân tình, đã vỡ tan nhiều phen.\r\nNguyện lòng Cha xin khấng nhận cho hiệp cùng Con Cha trên Thập Giá.\r\nLễ hôm nay hiệp lễ hôm xưa, con có chi đâu nhiều.\r\n\r\n3. Trọn đời con cất tiếng nguyện xin. ngợi mừng Cha quang minh ngời sáng.\r\nChốn Thiên Cung hiệp cõi dương gian, tán dương Cha ngày đêm.\r\nLòng từ bi Cha đáng tụng ca, từ ngàn xưa cho đến ngày cuối.\r\nChúc nơi nơi nhận biết danh Cha để kính yêu muôn đời.\r\n\r\nĐK. [e]Con xin dâng tiến Cha những câu [a]ca tri [c#m]ân chân [b]thành.\r\n[e]Và [c#]dâng tiến Cha [f#m] hồn xác [b]con cùng [e]các [a]quan [e]năng.\r\n[e]Con xin dâng tiến Cha những lỗi [c#m]lầm đường đời con đa [f#m]mang.\r\n[a]Xin tiến dâng [e]Cha Chí Nhân [b7]lòng tràn niềm vui mến [e]thương.', 'Giờ hồn con cất tiếng ngợi ca. Vì lòng Cha bao la đại hải', 1, 'publish'),
(443, 'vinh danh Ba Ngôi', 0, '1616/05/19', '1. [a]Trong tâm tình đơn [c#m]sơ con tiến [f#m]vào đền thánh Chúa [e]Trời.\r\n[d]Xin dâng lời chúc [bm]tụng Ngài là [e7]Ðấng tác sinh muôn [a]loài.\r\nCon tâm thành tri ân tình thương [c#7]Chúa biết bao cao [f#m]vời.\r\nNgài đã [bm]hướng dẫn con vào [e]đời, cho con [d]được gọi [e7]Ngài là [a]Cha.\r\n\r\n2. Trong tâm tình tin yêu con bước vào phục bái kính thờ.\r\nChính Chúa là sức mạnh, là nguồn sống nơi con nương nhờ.\r\nXin dâng trọn đời con tựa em bé nép bên tay mẹ.\r\nTìm giòng sữa mát thơm đậm đà Chúa hãy thương hộ phù chở che.\r\n\r\nÐK: Vinh [a]danh Chúa [bm]Cha uy hùng toàn năng.\r\nVinh [e7]danh Chúa [d]Con cứu độ nhân [a]trần. [e7]\r\nVinh [a]danh Thánh [bm]Linh chính nguồn ủi an.\r\nVinh [e7]danh Ba Ngôi đến tận ngàn [a]thu.', 'Trong tâm tình đơn sơ con tiến vào đền thánh Chúa Trời.', 1, 'publish'),
(444, 'lặng', 0, '1616/05/22', '1. [dm]Lặng để nghe tiếng [bb]sóng, sóng [c]xô xô trong lòng [f]ta\r\n[dm]Lặng để nghe tiếng [bb]gió, gió [c]cuốn cơn đau ngày [dm]sau.\r\n[dm]Lặng [d7]để nghe nước [gm]mắt hắt [f]hiu trên đôi bờ [c]mi xanh.\r\n[dm]Đời sao vắng [bb]tanh cho [c]trái tim xanh tàn [a7]nhanh.\r\n\r\n[dm]Nhìn nhìn lên Thánh [bb]Giá, Chúa [c]đang dang tay lặng [f]im.\r\n[dm]Từ từ trên Thánh [bb]Giá, Chúa [c]có nghe con nài [dm]van!\r\n[dm]Vì [d7]vì sao Chúa [gm]hỡi cứ [f]như như vô tình không [c]nghe?\r\n[dm]Lòng con sắt [bb]se ôm nỗi đau riêng Ngài [dm]ơi!\r\n\r\n2. Lặng để nghe tiếng Chúa, nói trong trong tâm hồn ta\r\nLặng để nghe Chúa nói Thánh Giá Ta mang vì ai...\r\nLặng để nghe Chúa khóc, khóc khi ta vô tình quay đi\r\nNhiều khi vấn nghi ơn Chúa trên bao ngày qua.\r\n\r\nLặng để ta thấy Chúa bước đi song song cùng ta\r\nLặng để ta thấy Chúa đau đớn hơn ta khổ đau\r\nLặng để ta thấy Chúa sớt chia bao vui buồn không tên\r\nNgài luôn ở bên, con có hay đâu Ngài ơi !\r\n\r\nĐK: Vì sao Chúa [gm]hỡi, Ngài [c]đành mặc bỏ con vậy [f]sao? [dm]\r\nĐời con lao [gm]đao bao [a7]nhiêu đau thương sầu tim [dm]vỡ\r\nVì sao Chúa [gm]nỡ lặng [c]nhìn và muốn con [f]lặng thinh? [dm]\r\nNhận bao hi [gm]sinh đau [a7]thương như Chúa trên Thập [dm]hình.', 'Lặng để nghe tiếng sóng, sóng xô xô trong lòng ta', 1, 'publish'),
(452, 'Lời Cha', 0, '1616/07/21', '1. Lời [am]Cha đã vang lên trong cuộc [dm]đời.\r\nLời [g]Cha đã vang lên giữa trần [c]thế.\r\nLời [g]Cha đã vang lên qua muôn thế [am]hệ.\r\nLời [e]Cha đã vang lên [e7] trong lòng [am]con.\r\n\r\n1. Lời Cha ánh reo lên giữa đêm trường.\r\nLời Cha tiếng chim ca trong cuộc sống.\r\nLời Cha thắm tin yêu lương thực nuôi hồn.\r\nLời Cha mãi ghi sâu trong lòng con.\r\n\r\nĐK : Đốt nóng [g]lên, đốt nóng [f]lên cho tim [c]con biết yêu [e]lời.\r\nThắp sáng [g]lên thắp sáng [f]lên cho con [e]biết sống trong lời [am]Cha.', 'Lời Cha đã vang lên trong cuộc đời. Lời Cha đã vang lên giữa trần thế.', 1, 'publish'),
(454, 'lời thì thầm dâng Chúa', 0, '1616/07/21', '1. Lời thì [bm]thầm con dâng lên Chúa là ước [e]mơ tương lai đời [bm]con,\r\nlà khát [e]khao yêu thương đời [bm]thanh bình, khát [e]khao tương lai đẹp [bm]tươi.\r\nLời thì thầm con dâng lên [g]Chúa, Chúa [f#]ơi, Chúa [bm]ơi\r\nXin ban cho [a7]con quả tim thắm [d]nồng để con yêu [f#]đời và con yêu [bm]Ngài.\r\n\r\n2. Lời thì thầm con dâng lên Chúa là bước chân lang thang chiều mưa,\r\nlà tiếng ru năm xưa mẹ ru hời, tiếng ru yêu thương đầy vơi.\r\nLời thì thầm con dâng lên Chúa bước chân lãng du,\r\nmong bao âu lo đừng thôi thúc lòng để trên môi còn tìm thấy nụ cười.\r\n\r\nĐK. Nhưng cuộc đời đâu dễ nào [em]nguôi ngoai,\r\ntình [bm]người đen trắng còn [a]chưa phai,\r\nyêu [f#m]Người còn lắm trông [bm]gai.\r\nCuộc đời như gió chiều [em]mây trôi,\r\ntình [bm]người đang nắng rồi [a]mưa rơi\r\nyêu [bm]người yêu [f#m]cả buồn [bm]vui.', 'Lời thì thầm con dâng lên Chúa là ước mơ tương lai đời con,', 1, 'publish'),
(456, 'như nai tìm suối', 0, '1616/07/25', '1. Như nai tìm [f]suối dạt dào nước mát [d7] trong [gm]xanh\r\nTim con hằng [c]mong được về gần bên [c7] Nhan [f]Thánh\r\nChúa vẫn chờ [f]con từng ngày Ngài ban [d7] phúc [gm]ân\r\nDưỡng nuôi hồn [gm]con người [c]người [c7] tụng ca Thánh [f]Danh\r\n\r\n2. Con luôn tưởng nhớ ngày về chốn thánh cao sang\r\nTim con rộn vui hoà nhịp bài ca tươi sáng\r\nBao nhiêu hồng ân tình Ngài rộng thương phát ban\r\nCâu kinh ngày đêm mừng Ngài đoàn con hát vang.\r\n\r\n3. Chúa vẫn dậy con lạy Ngài Chúa xót thương con\r\nCon đang quỳ đây gục đầu Ngài giang tay đón\r\nCon luôn cậy trông lạy Ngài tình luôn sắt son\r\nChúa cứu độ con đời đời Ngài thương mến con.\r\n\r\nĐK: Xin [bb]ban cho con sức [f]thiêng, trên [gm]nơi dương [c] gian ưu [f]phiền\r\nSống bên tình [gm]Cha [c], hát vang bài [f]ca\r\nChúa nguồn cậy [g]trông [c], bao ngày chờ [f]mong.', 'Như nai tìm suối dạt dào nước mát  trong xanh', 1, 'publish'),
(459, 'đáp tiếng xin vâng', 0, '1616/08/22', '1. Hồn [dm]tôi vang lời chúc [f]tụng ngợi [c]khen Chúa Vua muôn [dm]loài.\r\nVì [bb]thương thân phận tôi [c]tá Ngài đã [f]cất nhắc [a7]tôi. [dm]\r\nThần [c]trí hớn hở vui [d7]mừng chỉ [gm]trong Thiên Chúa mà [dm]thôi.\r\nTrần [c]gian mãi đến muôn [f]đời sẽ [a7]khen tôi phúc hơn [dm]người.\r\n\r\n2. Lòng Chúa xót thương những người hằng luôn kính tôn danh Ngài.\r\nQuyền năng Chúa làm cho tôi được trở nên vĩ đại.\r\nNgài đã biểu chứng sức mạnh dẹp tan ai sống tự kiêu.\r\nNgài nâng kẻ sống khiêm nhường triệt ai ham muốn chức quyền.\r\n\r\n3. Đời con ước nguyện mỗi ngày được luôn sống trong ơn Ngài.\r\nPhận con bé mọn nhỏ nhoi cậy trông Chúa suốt đời.\r\nNguyện Chúa thánh hóa tâm hồn và ban ơn phúc đầy dư.\r\nĐời con đáp tiếng “Xin vâng” truyền rao ơn Chúa Cứu Độ.\r\n\r\nĐK: [dm]Ôi tim tôi vui [bb]sướng, đã [am]được Chúa dủ lòng [dm]thương. [d7]\r\n[gm]Chúa đã đoái đến [c]tôi phận [bb]hèn nữ tỳ bất [a7]xứng.\r\n[dm]Xin cho con luôn [bb]biết ngước [am]nhìn lên Mẹ từ [dm]nhân, [d7]\r\n[gm]sống xứng đáng mỗi [c]ngày đáp [a7]trả bằng tiếng \"Xin [dm]vâng\".', 'Hồn tôi vang lời chúc tụng ngợi khen Chúa Vua muôn loài.', 1, 'publish'),
(464, 'hãy tỉnh thức', 0, '1616/11/30', 'Đk: Ngày Chúa [a]đến ôi thật bất [a7]ngờ chẳng [d]biết khi nao ngày [a]nào,\r\nngài đến ra [e]sao [c#7],cho con tỉnh [f#m]thức chờ mong Chúa [e7]đến bằng tình\r\nyêu [a]mến vươn [f#m]lên cuộc [e7]sống thiện [a]toàn.\r\n\r\n1: Mùa [am]vọng là thời [f]gian nhắc nhở cho [dm]con Chúa [g]luôn bất ngờ [c]đến\r\nđể [am]con đừng sống u [dm6]mê,để [em]con đừng sống lê [am]thê xa [f]vòng tăm tối hư\r\n[e7]vô [am]như ngọn đèn [c]chầu cho con luôn [f]sáng ở trước ở thiên [e7]nhan.\r\n\r\n2: Mùa vọng mùa canh tân chính bản thân chính bản thân con để con\r\nsẵn sàng luôn nhiệt tâm cùng với anh em,dựng xây cuộc sống an\r\nvui cho đời thêm tốt tươi hơn,tiêu diệt hận thù xua tan ghen nghét\r\nđể sống yêu thương.\r\n\r\n3: Mùa vọng mùa khai sinh phúc lôc ơn thiêng giúp con sống tình yêu\r\nlàm nên cuộc sống thanh cao,làm nên cuộc sống cho nhau đón đợi\r\nvinh phúc mai sau giữa lòng cuộc đời con nên nhân chứng ngày\r\nchúa quang lâm.', 'Ngày Chúa đến ôi thật bất ngờ chẳng biết khi nao ngày nào', 1, 'publish'),
(465, 'trời cao', 0, '1616/11/30', 'ĐK: Trời [f]cao hãy đổ mưa [am]xuống [dm]. Và ngàn [c7]mây hãy [f]mưa đấng chuộc [c]tội. [c7]\r\nTrời [f]cao hãy đổ sương [am]xuống. [dm] Và ngàn [c7]mây hãy [f]mưa [c]Đấng Cứu [f]đời.\r\n\r\n1. Trong đêm u [am]tối chúng [dm]con mong ngày mau [f]tới. [f7]Như nai đang [bb]khát ước [gm]mong mau [am]tìm thấy suối.\r\nChúa [f]ơi! Dừng [f]cơn giận Chúa lại [c]thôi. Chúa [f]ơi! Đoàn [gm]con đã [a7]hối tội [dm]rồi.\r\n\r\n2. Thương xem dân Chúa, đớn đau mây sầu che lối. Luôn mong Chiên Thánh đến đây cải tạo thế giới.\r\nCứu dân, đập tan xiềng xích tội nhơ. Chúa ơi, lòng nhân từ Chúa vô bờ.', 'Trời cao hãy đổ mưa xuống . Và ngàn mây hãy mưa đấng chuộc tội', 1, 'publish'),
(466, 'trời cao hỡi', 0, '1616/12/01', '1. Trời cao [a]hỡi xin [c#7]thương cho Vị Công [f#m]Chính mau giáng [a]trần tựa sương [d]mát tỏa [e7]lan trên toàn [a]dân.\r\nTừ ngàn mây hỡi xin [a7]Ngài hãy đến như mưa [d]nhuần và [b7]đất hỡi hãy mở [e7]ra cho xuất hiện Đấng Cứu [a]Tinh.\r\n\r\n2. Trời cao hỡi xin thương cho Vị Công Chính mau giáng trần hầu cứu vớt thế gian đang lầm than.\r\nTừ ngàn mây hỡi xin Ngài đổ xuống ơn giao hòa mà giải phá những âm mưu gây oán thù giữa các dân.\r\n\r\n3. Trời cao hỡi xin thương cho Vị Công Chính mau giáng trần hầu tẩy xóa chúng con khỏi tội khiên.\r\nVì là tình thương xin Ngài nâng đỡ bao tâm hồn vì chân lý phải gian truân đang ngóng chờ Chúa đoái thương.\r\n\r\nĐK. Hãy đến hỡi Vị Công [a7]Chính như mưa [d7]nhuần tuôn rưới ngập [e]tràn.\r\nHãy [bm]đến xin Ngài hãy đến! Này trần [e7]gian đêm ngày trông [a7]ngóng.\r\nHãy đến hỡi Vị Công [a7]Chính từ trời [d]cao xin đến viếng [a]thăm.\r\nXin [bm]thương Ngài ơi hãy [e7]đến! Này trần gian đêm ngày chờ [a]mong.', 'Trời cao hỡi xin thương cho Vị Công Chính mau giáng trần', 1, 'publish'),
(468, 'giáng sinh trong mái nghèo', 0, '1616/12/06', '1. Đêm [am]nay con [g]không được [e]tới nhà [am]thờ\r\nThì xin thắp [dm]lên thắp [g]lên ngọn nến đơn [c]xơ\r\nMừng [am]chúa ngày [g]xưa giáng sinh hang [f]lừa\r\nVà nay trong mái tranh [am]nghèo\r\nCuối [e]thôn làng [b7]xóm tả [e]tơi.\r\n\r\n2. Đêm nay con dâng ngài tấm lòng thành\r\nNiềm vui thánh ân chứa chan ngày chúa sinh ra\r\nNgài đến cùng bao trái tim thật thà\r\nĐể ban ánh sáng chan hòa\r\nMuôn [e]đời chúa mãi thương [am]ta\r\n\r\nĐK: Ôi chúa trên [g]trời đã nên con [dm]người dẫu ta mỏi [e]mệt\r\nCon chúa sinh [dm]ra xác thân nhục [e]nhằn khó khăn chẳng [am]nề\r\nNgài đã bơ [e]vơ, lạnh buốt như [c]ta\r\nÔi chúa thiên[am]đàng đã đến cơ [e]hàn bước chung nhân [a]trần\r\n\r\nTK: Ngôi hai sinh ra đổi mới nhân trần\r\nNguyện xin Chúa ban khắp nơi người biết thương nhau\r\nMảnh áo dù tơi tả cũng chia đều\r\nDù mưa nắng cũng chung lều êm đềm chan chứa tình cha\"', 'Đêm nay con không được tới nhà thờ', 1, 'publish'),
(469, 'Hang Bêlem', 0, '1616/12/11', 'ĐK: Đêm [f]đông(Hát khen) lạnh [am7]lẽo Chúa sinh ra [dm]đời,\r\nChúa [c]sinh [bb]ra [am]đời nằm trong hang [f]đá [c]nơi máng [f]lừa.\r\nTrông hang bêlem ánh sáng toả lan tưng [c]bừng,\r\nnghe trên không trung tiếng [gm]hát thiên [c7]thần vang [f]lừng. [f7]\r\nĐàn [bb]hát (réo rắc tiếng hát) xướng [d]ca (dương âm vang xa),\r\nĐây [bb]Chúa [am]Thiên [dm]toà giáng [c]sinh [dm]vì [c]ta.\r\nNgười [bb]hỡi (hãy tiến bước tới) đến [f]xem (nơi hang bêlem),\r\nôi [bb]Chúa [am]giáng [dm]sinh khó [c]khăn [c7]thấp [f]hèn\r\n\r\n1. Nửa đêm mừng Chúa giáng [a7]sinh ra chốn gian [dm]trần [c],\r\nNgười đem ơn [f]phúc xuống [am7]cho muôn dân lầm [dm]than.\r\nNơi hang Bê[f]lem Thiên [f7]Thần [bb]xướng [f]ca,\r\nThiên [gm]Chúa [am]vinh [dm]danh chứng [c]nhân an [f]hoà.\r\n\r\n2. Nửa đêm mừng Chúa giáng sinh ra chốn gian trần,\r\nngười đem ơn phúc xuống cho muôn dân lầm than.\r\nNơi hang Bêlem chiên lừa thở hơi,\r\ntan rã đêm đông ấm thân con người.\r\n\r\n3. Nửa đêm mừng Chúa giáng sinh ra chốn gian trần,\r\nngười đem ơn phúc xuống cho muôn dân lầm than.\r\nNơi hang Bêlem mục đồng xúm quanh,\r\nca hát vang lừng mến yêu chân thành.\r\n\r\n4. Nửa đêm mừng Chúa giáng sinh ra chốn gian trần,\r\nngười đem ơn phúc xuống cho muôn dân lầm than.\r\nNơi hang Bêlem huy hoàng ánh sao,\r\nđưa lối ba vua phương đông đến chào.\r\n\r\n5. Nửa đêm mừng Chúa giáng sinh ra chốn gian trần,\r\nngười đem ơn phúc xuống cho muôn dân lầm than.\r\nNơi hang Bêlem ta quỳ thiết tha,\r\nXin Chúa nhân hiền xuống ơn chan hòa.', 'Đêm đông lạnh lẽo Chúa sinh ra đời', 1, 'publish'),
(473, 'dâng Chúa đêm đông', 0, '1616/12/16', '1. Mùa giáng sinh năm [f]nay, con tìm [dm]về tựa [bb]nép bên [f]Ngài,\r\nMùa giáng sinh năm [gm]nay, con tìm [c]về vòng tay từ [f]ái,\r\nĐể thấy tim reo [bb]vui, tâm hồn [gm]như dệt bao ý [f]thơ,\r\nCuộc sống con bơ [gm]vơ, nay có [c]Ngài hạnh phúc con mong [f]chờ\r\n\r\n2. Ngài đến đem an vui, cho cuộc đời rộn tiếng nói cười,\r\nNgài đến đem an vui, cho cuộc đời từ nay đổi mới,\r\nNgài xóa tan đau thương, tan sầu lo ngày đêm vẫn vương,\r\nNgài thắp lên yêu thương cho đất trời bừng sáng như thiên đường.\r\n\r\n3. Mùa thánh ân mênh mông, trong lòng người nở thắm hoa hồng,\r\nChìm đắm trong hư không, con âm thầm quỳ nghiêng thờ kính,\r\nNguyện Chúa ban ơn thiêng, cho đời con được luôn vững tin,\r\nMột trái tim trung trinh, con hết mình thờ kính Chúa công bình.\r\n\r\nĐK:\r\n[f]Con xin dâng Ngài đây, bao vui [dm]buồn và bao ước [bb]muốn,\r\n[gm]Trong đêm say Hồng ân, dâng tâm hồn làm [c]hang đá đơn [f]sơ,\r\nĐể [bb]Chúa sống trong [am]con và hồn [bb]con chìm đắm trong [c]Ngài,\r\nVà [bb]mãi mãi vui [gm]say một bài [c]ca tuyệt vời ơn cứu [f]độ.', 'Mùa giáng sinh năm nay, con tìm về tựa nép bên Ngài', 1, 'publish'),
(475, 'đưa con đi', 0, '1717/02/15', '1. Lạy [em]chúa con [g]đây xin đến [d]đem con đi vào [em]đời\r\nLạy [em]chúa cho [c]con làm nhân [d]chứng ở khắp mọi [g]nơi\r\n[am]Xin hãy dẫn con đi qua muôn ngàn gian khó\r\n[em]Hành trang trên [d]vai con mang [b7]theo lời [em]chúa\r\n\r\n2. Cuộc sống bao nhiêu những hiểm nguy dăng trên đường dài\r\nNgài biết thân con nhiều yếu đuối sa ngã nổi trôi\r\nXin hãy dẫn con đi qua muôn ngàn gian khó\r\nHành trang trên vai con mang theo lời chúa\r\n\r\n3. Từng bước con qua in dấu chân yêu thương tuyệt vời\r\nNgài vác trên vai được theo chúa có đáng ngại chi\r\nXin hãy dẫn con đi qua muôn ngàn gian khó\r\nHành trang trên vai con mang theo lời chúa\r\n\r\nĐK: [em]Này là đời [c]con với xác [g]hồn xin trao ngài [em]mãi\r\nDù mà cuộc sống chuỗi tháng [e7]ngày vất vả gian [am]lao\r\nCon xin hiến dâng tuổi trẻ con với bao khát [d]vọng\r\nXin hãy cho con lòng kiên [b7]vững giữa đời hôm [em]nay.', 'Lạy chúa con đây xin đến đem con đi vào đời.', 1, 'publish'),
(478, 'Chúa không lầm', 0, '1717/02/17', '1. Chúa không [a7]lầm khi [dm]Ngài dựng nên [gm]con,\r\ndù [c7]lời Ngài con không giữ [f]trọn,\r\nvì [bb]Chúa đã biết từ ngàn [a7]xưa rằng [dm]thân con bởi tro [gm]bụi\r\nvà được [c]cưu mang trong tội [F]lội.\r\n\r\n2. Chúa không lầm khi Ngài đành hy sinh,\r\nđể rồi nhìn con không đáp tình,\r\nvì Chúa đã biết từ ngàn xưa, còn mang hơi thở nặng nề\r\nlà còn luôn mê mải trần thế.\r\n\r\n3. Chúa không lầm khi Ngài gọi con theo,\r\ndù đời dạt trôi như cánh bèo,\r\nvì Chúa đã biết từ ngàn xưa một khi hơi thở chưa tàn,\r\nlà đời chưa qua khỏi sầu oán.\r\n\r\n4. Chúa không lầm khi Ngài dìu con lên,\r\ndù rằng đời con bao thấp hèn,\r\nvì Chúa đã biết từ ngàn xưa, nhiều khi con chẳng trung thành,\r\nlà vì con đâu phải Thần Thánh.\r\n\r\nĐK: [d7]Nhưng lòng [g]Chúa quá bao [a]la, dù [d]cho bao phen con yếu [g]đuối\r\nthành [em]tâm xin ăn năn thống [a7]hối, là [d]Ngài [a7] lại thứ [d]tha.', 'Chúa không lầm khi Ngài dựng nên con', 1, 'publish'),
(479, 'Mẹ đẹp tươi', 0, '1717/02/22', '1. Mẹ [dm]Maria đẹp [f]tươi như bình [c]minh chiếu rạng [dm]ngời\r\nVầng [bb]trăng lung linh trời [gm]đêm so với [c7]Mẹ còn kém [f]xa.\r\n\r\n2. Mẹ như hoa thơm ngàn hương luôn tỏa bay chín tầng trời\r\nMọi âu lo không thể vương!Ôi xác hồn Mẹ sáng tươi.\r\n\r\n3. Mẹ oai phong nơi tòa cao như đoàn binh tiến vào trận\r\n12 gia thêu triều thiên nhân Đức Mẹ ngời sáng hơn.\r\n\r\n4. Mẹ luôn yêu thương hồn con như biển dâng sóng dạt dào\r\nTầng mây cao xa nào hơn con thấy thỏa lòng biết bao.\r\n\r\n5. Vượt qua không gian thời gian, muôn người cung kính lạy mừng,\r\nMẹ cao sang muôn hồng ân, Thiên Chúa ngàn đời mến thương.\r\n\r\nĐK: Con thành [c]tâm kính mừng [dm]Mẹ, mừng [bb]Mẹ đây [c7]ơn [f]phúc\r\n[c]Lòng khiết [f]trinh như huệ thắm [gm]xinh muôn [am7]đời hiển [dm]vinh.', 'Mẹ Maria đẹp tươi như bình minh chiếu rạng ngời', 1, 'publish'),
(490, 'cho con vững tin', 0, '1717/04/20', '1. Con [cm]tưởng rằng [d]con vững [gm]tin, tin vào [bb]Chúa là [cm]Cha nhân [d]hiền.\r\nKhi đời [eb]sống nhẹ trôi êm [f]đềm với tháng [cm]ngày lặng lẽ bình [d]yên.\r\nNhưng [gm]khi đường đời gieo nguy [bb]khó, bên [eb]trời ngập cơn mưa giông [d]tố.\r\nCon lo [cm]âu lạc bến xa [f]bờ, con mới [bb]biết rằng [d]con chưa vững [c]tin.\r\n\r\nĐK: Thì lạy [bb]Chúa, Chúa biết [f]con yếu đuối và [d7]đổi thay,\r\ncon luôn [eb]cần đến Chúa từng phút [d]giây. [gm]\r\nNhờ ơn [bb]Chúa, con kiên [f]trì tín thác kể [d7]từ đây\r\nkhi an vui cũng như khi sầu [gm]đầy.\r\n\r\n2. Con tưởng rằng con vững tin, tin vào Chúa là Cha quan phòng.\r\nKhi cuộc sống toàn những hoa hồng khắp đất trời là cả mùa xuân.\r\nNhưng khi chạm phải gai tê buốt, khi trời vừa lập đông băng tuyết.\r\nCon than van thầm trách trong lòng, con mới biết niềm tin con rỗng không.\r\n\r\n3. Con tưởng rằng con vững tin, trên đỉnh núi nhìn Chúa biến hình.\r\nÔi hạnh phúc thật ở bên mình, quyết sẵn sàng theo Chúa ngày đêm.\r\nNhưng khi được gởi trao thánh giá, con sợ mà đành tâm bỏ Chúa.\r\nCon quay lưng từ chối ân tình, con mới biết niềm tin con bấp bênh.', 'Con tưởng rằng con vững tin, tin vào Chúa là Cha nhân hiền.', 1, 'publish');
INSERT INTO `song` (`id`, `title`, `slug`, `date`, `content`, `excerpt`, `author`, `status`) VALUES
(491, 'đến với lòng thương xót chúa', 0, '1717/04/21', '1: Đến [fm]với lòng Chúa xót [f7]thương con [bbm]tìm được chốn tựa [c7]nương\r\nĐến [fm]với lòng Chúa xót [bbm]thương con [ab]hết lo âu bận [c7]vướng\r\nTin [fm]tưởng vào lòng Chúa [eb]xót thương có [db]Ngài hiểm nguy con [bbm]coi thường\r\nPhó [ab]thác vào lòng Chúa [c]xót thương có [c7]cả một mùa xuân [f]thiên đường\r\n\r\n2: Đến với lòng Chúa xót thương con nhận dòng suối tình thương\r\nĐến với lòng Chúa xót thương không chút tơ vương tội lỗi\r\nTin tưởng vào lòng Chúa xót thương mong Ngài rửa hết muôn tội đời\r\nPhó thác vào lòng Chúa xót thương con được Ngài dìu bước lên trời\r\n\r\nĐK: Đến với lòng thương xót Chúa bốn [f7]mùa Chúa đổ hồng [bb]ân\r\nCho [gm]con sự thật hiển thánh dìu [c7]con về nguồn hạnh [f]phúc\r\nĐến với lòng thương xót Chúa ân [f7]tình chan chứa đầy [bb]vơi\r\nXin [gm]dâng ngàn lời ngợi ca lòng [c7]thương xót Chúa bao [f]la', 'Đến với lòng Chúa xót thương con tìm được chốn tựa nương', 1, 'publish'),
(494, 'Khúc ca tạ ơn', 0, '1717/05/02', '1. Đời [cm]con là những nốt nhạc thiêng, Chúa thêu dệt [fm]nên thành [g7]khúc ca tuyệt [cm]vời\r\nĐời [ab]con là khúc hát tri [fm6]ân, xin dâng một [g]đời lời tạ ơn thiên Chúa [ab] [g7]\r\nTạ [cm]ơn vì Chúa đã rộng [eb]ban, phúc ân tràn [fm]lan tình [g7]mến thương vô [cm]vàn\r\nTạ [ab]ơn vì những nỗi oan [fm6]khiên, Chúa đã tôi [g]luyện một niềm tin trung [c]kiên.\r\n\r\n2. Đời con là những tháng ngày trôi, Chúa an bài cho thật biết bao lạ lùng.\r\nĐời con là tiếng hát không ngơi, ca khen muôn đời lời tạ ơn thiên Chúa\r\nTạ ơn vì những lúc bình an, Chúa thương tặng ban cuộc sống vui chan hòa\r\nTạ ơn vì những lúc nguy nan, Chúa đã thương ban niềm cậy trông miên man.\r\n\r\n3. Đời con là những lúc buồn vui, Chúa luôn kề bên cùng sớt chia vui buồn.\r\nĐời con là tiếng hát vang xa, hoan ca muôn đời lời tạ ơn Thiên Chúa\r\nTạ ơn vì những lúc hiền ngoan, Chúa thương tặng ban nguồn thánh ân tuôn tràn.\r\nTạ ơn vì những lúc điêu ngoa, Chúa đã thương tha bằng tình yêu bao la.\r\n\r\nXin tạ [c]ơn con xin tạ ơn [am]Chúa mãi muôn [f]đời con xin tạ ơn [g]Chúa.\r\nDù trần [c]gian bao khó nguy ngập [em]tràn, tình Ngài [d]thương con bước đi bình [g]an\r\nXin ngợi [c]ca bao la tình thương [am]Chúa, mãi muôn [f]đời ca vang tình thương [g]Chúa\r\nTrọn niềm [c]tin con phó trong tay [em]Ngài, vì đời [g7]con tất cả là hồng [c]ân.', 'Đời con là những nốt nhạc thiêng, Chúa thêu dệt nên thành khúc ca tuyệt vời.', 1, 'publish'),
(495, 'Tâm tình xám hối', 0, '1717/05/03', '1. Trong tâm tình sám [dm]hối con đớn [c]đau vì tội đã [dm]phạm.\r\nTrong tâm tình ăn [gm]năn con khóc [bb]than biết bao lầm [a7]lỗi.\r\nChúa [c]ơi con đã biết tội [a]mình, Chúa [gm]ơi con đã biết tội [a]mình.\r\nTội làm [gm]con xa lìa Nhan [a]Chúa, tội làm [gm]con xa [a7]lìa tình [dm]thương.\r\n\r\nĐK: Con [d]xin trở về với [a]Ngài, con xin chuộc lại lỗi [em]lầm.\r\n[d]Làm lại cuộc đời [g]mới trong [f#m]mến yêu muôn [a]phần.\r\nCon [d]xin trở về cùng [em]Chúa, con [fm#]xin trở về cùng anh [bm]em.\r\n[g]Để lại được sống [bm]trong ân [a7]tình của những người [dm]con.\r\n\r\n2. Mang thân phận yếu đuối con bước đi nhờ Ngài dắt dìu.\r\nNhưng bao lần vô tâm con đã quên ân tình trợ giúp.\r\nChúa ơi nay con cách xa Ngài, vì như chiên con sống lạc bầy.\r\nMà tình Cha không bờ không bến, Ngài tìm con đưa về nguồn vui.\r\n\r\n3. Xin ơn trời thắp sáng lòng trí con bằng ngọn lửa hồng.\r\nVui trên đường hy sinh theo Chúa đi gieo nguồn hạnh phúc.\r\nChúa ơi con xin sống cho Ngài, Chúa ơi con xin sống cho người.\r\nTrọn đời con vang bài ca mới để ngợi khen ân tình biển khơi.', 'Trong tâm tình sám hối con đớn đau vì tội đã phạm.', 1, 'publish'),
(497, 'Mùa hoa về rồi', 0, '1717/05/12', '1. Mùa hoa về [dm]rồi muôn hoa [f]xinh con hái dâng [dm]Mẹ\r\nMùa hoa về [bb]rồi muôn hương thơm bay trước nhan [dm]Mẹ\r\nHoa hồng rực [f]rỡ bao ý thơ [c]\r\nHoa vàng nhẹ rung dưới ánh trăng [bb]\r\nNghe hồn trào [a]dâng chứa chan [a7] bao nhiêu ân [dm]tình.\r\n\r\nĐK : A[dm]- ve Maria [gm] kính [dm]tiến muôn màu hoa\r\nA[dm] - ve Maria [gm] kính [dm]tiến muôn màu hoa\r\n\r\n2. Mùa hoa về rồi muôn hoa xinh con hái dâng Mẹ\r\nMùa hoa về rồi muôn hương thơm bay trước nhan Mẹ\r\nHoa huệ toả ngát bên Thánh Nhan\r\nHoa đồng thảo dâng không sắc hương\r\nNhưng đẹp tình yêu thiết tha xin dâng lên Mẹ.\r\n\r\n3. Mùa hoa về rồi muôn hoa xinh con hái dâng Mẹ\r\nMùa hoa về rồi muôn hương thơm bay trước nhan Mẹ\r\nHoa lạ màu xanh bao mến thương\r\nHoa từ trời ban cho thế nhân\r\nÔi đẹp làm sao sắc hương thiên thanh dịu vời', 'Mùa hoa về rồi muôn hoa xinh con hái dâng Mẹ', 1, 'publish'),
(498, 'đóa hoa Teresa', 0, '1717/05/17', 'Một loài [G]hoa Thiên Chúa đã ban [Em]cho loài người,\r\nloài hoa [Am]ấy sống giữa chốn thế nhân bụi trần,\r\nlàm gương [C]sáng mến Chúa và yêu [G]thương anh em,\r\nđem phúc [A]ân cho bao người [D]thế.\r\nLoài hoa [G]ấy đã sống mang tên [Em]Teresa,\r\ntỏa hương [Am]thơm khiêm nhu, bước trung [D]trinh cùng ngài,\r\nvà cho [C]đến lúc chết, loài hoa [D]đó vẫn luôn cùng Chúa trong [G]tình yêu.\r\nĐK:\r\nTeresa [G]đơn sơ, Teresa [Em]vui tươi,\r\nTeresa [C]hi sinh ước mong mưa [D]Hồng ân,\r\nđể cho [Em]nơi khô cằn sẽ trổ [D]sinh bông hạt và [C]Hoa Hồng tràn lan khắp [D]nơi.\r\nĐoàn con [G]hát khúc hát Thánh nữ [Em]Teresa,\r\ndìu con [C]bước tới Chúa, mến yêu [D]là hành trang.\r\nDẫu mang [Em]bao yếu hèn bởi [C]xác thân phàm trần thì [D]xin Thánh nhân phù [G]giúp con.', 'Một loài hoa Thiên Chúa đã ban cho loài người,', 1, 'publish'),
(499, 'làm dấu', 0, '1717/05/17', '1. [bm]Con đặt tay lên trán tôn vinh [em]Chúa Cha toàn [bm]năng\r\nCon đưa tay xuống ngực chúc tụng [a]Chúa Con tình [d]yêu\r\nĐưa [b7]tay sang trái, [em]phải vinh [a]danh Chúa Thánh [d]Thần\r\nNguồn [em]ơn Thánh Thiêng hồng [c#]phúc đời [f#]con\r\n[bm]Mỗi lần làm Dấu Thánh xin ngự [em]đến trong tâm hồn [bm]con\r\nMỗi khi con cầu nguyện xin hãy [a]biến đổi tâm hồn [d]con\r\nXin [b7]cho con giống [em]Ngài trong [a]lời nói việc [d]làm\r\nƯớc [em]mong đời con nên dấu chỉ yêu [f#]thương, của ngài giữa [bm]đời\r\n\r\nĐK: Con làm Dấu hằng [bm]ngày [bm]&gt;&gt; [g], con làm Dấu một đời [g]&gt;&gt; [a]\r\nKhắc ghi tình yêu Ba Ngôi Thiên Chúa trong trái tim [d]con\r\nÔi Dấu Thánh nhiệm [em]màu dấu ấn tình [bm]yêu\r\nNhắc nhở con luôn hướng lòng lên [f#]Chúa\r\nCon làm Dấu hằng [bm]ngày,[bm]&gt;&gt; [g] con làm Dấu một đời [g]&gt;&gt; [a]\r\nKhắc ghi tình yêu Ba Ngôi Thiên Chúa trong trái tim [d]con\r\nÔi Dấu Thánh nhiệm [em]màu dấu ấn tình [bm]yêu\r\nChúa mãi ở trong [fm]con, con ở trong [bm]Chúa\r\n\r\n2. Bao lần con quên Chúa khi vô ý hay khi thờ ơ\r\nBao phen con ngại ngần lúc làm Dấu tuyên xưng niềm tin\r\nĐã có lúc yếu hèn không làm Dấu giữa đời\r\nNgài ơi..giúp con bừng cháy niềm tin\r\nGiữa niềm hiểm nguy khốn khó con làm Dấu xin ơn bình an\r\nTrong an vui ngập tràn con làm Dấu hân hoan tạ ơn\r\nKhi cô đơn thất vọng...khi mệt mỏi chán chường\r\nChúa ơi, ở bên con nhé, vì con đây luôn cần tới Ngài.', 'Con đặt tay lên trán tôn vinh Chúa Cha toàn năng', 1, 'publish'),
(504, 'lời thiêng', 0, '1717/07/24', '1. Lời thiêng dâng [e]Chúa từ trong đáy [c#m]tim âm [G#m]thầm. [a]\r\nLời cầu xin [f#m]Chúa tựa như nén [b]hương lan [b7]trầm. [e]\r\nHồn con bay [e7]vút về nơi nhan [a]Chúa nương [f#m]thân. [b7]\r\nVà uống no [e]say tin yêu nồng ấm.\r\nTừ khi con [e]biết tình yêu Chúa [c#m]ban cao [g#m]vời, [a]\r\nvà từ khi con [f#m]biết đời con Chúa [b]luôn an [b7]bài. [e]\r\nHồn con sẽ [e7]mãi cầu xin tha [a]thiết danh [f#m]Ngài. [b7]\r\nCùng Chúa con [e]không lo chi đường [e]dài.\r\n\r\nĐK: Bàn tay con dâng lên [e7]cao dâng [a]Chúa hết những ý [f#m]nghĩ, dâng[b7]Chúa trót xác thân [e]con.\r\nTương lai còn dài Chúa dắt con đi sợ [b7]gì những nỗi gian [e]nguy.\r\nĐời con qua như mây [e7]bay. Con [a]tiến bước giữa thế [f#m]giới khao [b7]khát sẽ mãi không [e]vơi.\r\nCho con một lần thấy [e7]Chúa trong con nghe [b7]lời Chúa ru trong [e]hồn.\r\n\r\n2. Tình yêu Thiên Chúa dìu con bước đi theo Ngài.\r\nVì Ngài con lắng trầm tư suốt năm canh dài.\r\nTình yêu Thiên Chúa làm con quên hết ưu phiền dù những phong ba đau thương vụt đến.\r\nĐời con nay vẫn là như giấc mơ chưa tròn,\r\ntình Ngài như vẫn còn theo bước con đêm ngày.\r\nMột hôm con bỗng chợt nghe tiếng Chúa kêu mời để sống trăm năm cho riêng tình Ngài', 'Lời thiêng dâng Chúa từ trong đáy tim âm thầm.', 1, 'publish'),
(505, 'nguyện cầu', 0, '1717/07/24', '1. Trời đã [a]tối đêm [f#m]về gió lay [bm]nhẹ trăng với [e]sao,\r\nmình con [g]đây nguyện cầu [e7]kinh Chúa trên [a]cao.\r\nKìa tinh tú muôn [f#m]trùng sao lấp [bm]lánh đẹp muôn [e7]màu,\r\nthầm nhủ [a]con tình Ngài [e7]thương sáng hơn [a]sao.\r\n\r\nÐK: Khấn xin [a7]Ngài thương con [d]nhiều,\r\nkhấn xin [e7]Ngài thứ tha lỗi [a]lầm.\r\nKính dâng [a7]Ngài phút giây [d]này,\r\nkính dâng [e7]Ngài tương lai đời [a]con.\r\n\r\n2. Ngài có biết hay chăng đã bao lần trong bóng đêm,\r\nmình con đây thầm nguyện xin Chúa thương con.\r\nNhiều canh tối khi nhìn đêm sao sáng con đau buồn\r\nvì đã quên ngày hôm nao Chúa thương con.\r\n\r\n3. Mặc giông tố quay cuồng biết bao lần gieo đắng cay,\r\nlòng con đây một niềm tin thiết tha xin.\r\nNgài nghe thấu hay chăng ? Con sám hối tội con rồi,\r\nlòng nát tan, cầu Ngài thương thứ tha cho.', 'Trời đã tối đêm về gió lay nhẹ trăng với sao', 1, 'publish'),
(507, 'đưa môn sinh lên núi', 0, '1717/08/08', '1. Người [g]đưa môn sinh lên [g7]núi, cao [c]vời khuất dấu loài [d]người.\r\nTìm [f]nơi xa xôi hoang vắng, tâm [d7]hồn bình yên thắm [g]tươi.\r\nVà [c]ánh sáng mới tuyệt [am]vời, và áo trắng xoá tuyệt [g]vời.\r\nNgười [am]thay nhanh trong giây phút, hình [d7]dung sáng như mặt [g]trời.\r\n\r\nĐK : Từ [e7]mây xanh phán [am]ra, lời [d7]yêu thương tiếng [g]Cha:\r\n\"Này [e7]con Ta dấu [am]yêu, lòng [d7]Ta vui sướng [am]nhiều.\"\r\nNày [e7]muôn dân khắp [am]nơi, cùng [d7]tin nghe tiếng [g]Người.\r\nNguyện [e7]xin Cha dẫn [am]đưa, đoàn [d7]con theo dấu [g]xưa.\r\n\r\n2. Người đưa môn sinh lên núi chan hoà ánh sáng tràn đầy.\r\nLòng anh em bao vui thú xin Người định cư chốn đây.\r\nCùng góp sức cất dựng nhà, cùng các Đấng sống mặn mà,\r\ntừ đâu mây trôi che khuất , lòng kinh khiếp như mù loà.\r\n\r\n3. Cùng môn sinh đi lên núi trông nguồn ánh sáng tuyệt vời.\r\nVì trong đêm đen u tối gian trần buồn đau chẳng ngơi.\r\nCùng cất tiếng hát ngợp trời, mừng Đấng Thánh đến bằng lời.\r\nNgười ơi xa xôi mau tới tình yêu chốn xưa gọi mời.', 'Người đưa môn sinh lên núi, cao vời khuất dấu loài người.', 1, 'publish'),
(508, 'nguồn trợ lực đời tôi', 0, '1717/08/08', '1. Ngước mắt [dm]nhìn, nhìn lên đỉnh [bb]núi,\r\n[c7]tôi nhủ [f]thầm ai đâu [am7]người sẽ cứu giúp [dm]tôi,\r\nđưa tôi [gm]đi qua muôn ngàn [asus4]nơi.\r\nKiếp sống [dm]này, đời tôi lặng [bb]lẽ,\r\n[c7]ngước nhìn [f]lên. Xin thương [am]tôi, từng bước đơn [dm]côi,\r\nnghe trong [a7]tim nghẹn ứ mà [dm]thôi.\r\n\r\nĐK: Chúa chính [d]là, nguồn ơn cứu [g]thoát.\r\nPhù giúp [a7]con, dẫn dắt con ngày [d]đêm. [a]\r\nChúa đất [d7]trời, Ngài đưa con [g]bước,\r\nđời sống [a7]con sẽ chứa chan niềm [d]vui.\r\n\r\n2. Ánh mắt này từng đêm lệ ướt,\r\ntiếng thở than kiếp u buồn, với những tháng năm,\r\ntrong bơ vơ ngóng trông ngày qua.\r\nChúa đất trời, nguyện thương dìu dắt,\r\ngiữ gìn con không phân vân từng bước an tâm,\r\ncho tin yêu rực sáng một lần.\r\n\r\n3. Những bước đường, nguyện xin trợ giúp,\r\nluôn chở che, cho mưu đời không vướng lối đi,\r\nqua cơn mê, con đâu sợ chi.\r\nDẫu tháng ngày, giọt cay giọt đắng, thấm bờ môi,\r\ncon trung kiên tìm Chúa yêu thôi,\r\nbao âu lo Ngài gánh giùm cho.', 'Ngước mắt nhìn, nhìn lên đỉnh núi, tôi nhủ thầm ai đâu người sẽ cứu giúp tôi', 1, 'publish'),
(509, 'Mẹ lên trời', 0, '1717/08/09', 'ÐK: Mẹ lên [f]trời giữa một ngày rực ánh [dm]sáng, [f7]\r\nđàn [bb]ca, các thánh tung [f]hô,[am] nhân [dm]loại [c7] vui hát [f7]mừng, [dm]\r\nvì xác hồn vẹn tuyền Mẹ về thiên [c]cung. [c7]\r\nMẹ lên [f]trời ngày mừng vui cho thiên [f7]quốc.\r\nHào [bb]quang, Mẹ Chúa Ngôi [f]Hai,[am] sáng [cm]ngời, [c7] khắp chín [f7]tầng, [dm]\r\nvì xác hồn vẹn [am]tuyền về [c7]tới Thiên [f]Đàng.\r\n\r\n1. Mẹ [am]ơi, thế [dm]trần là nơi gian [c]khó. [d7] Biển [gm]đời con [c7]gặp bao cơn giông [f]tố.\r\nMẹ chính [am]là đuốc [dm]sáng soi ban [c]đêm, [c7] soi dẫn [f]lối thuyền [c7]con về bến êm [f]đềm.\r\n\r\n2. Ðoàn con dâng lời tha thiết cầu khấn. Xin Mẹ giúp lòng chúng con tin vững.\r\nLuôn trung thành thờ Chúa mãi suốt đời. Chờ khi chết đoàn con được phúc Nước Trời.', 'Mẹ lên trời giữa một ngày rực ánh sáng, đàn ca, các thánh tung hô', 1, 'publish'),
(511, 'ơn gọi của ngôi sao', 0, '1717/08/12', '<div class=\"chord_lyric_line\">\r\n\r\n1. Làn gió [dm]nào, nhắc [gm]tôi lên mây [am]trời thành [dm]sao,\r\nthần khí nào, hướng dẫn [f]tôi trên đường tìm chân [a]lý, [d7]\r\ntôi đã [gm]hát những bài tình [c]ca, tôi đã [f]viết muôn vàn lời [a7]thơ,\r\nnhưng lòng [c7]tôi vẫn khát [f]mong khát mong về bến [a]bờ.\r\nRồi những [dm]lúc, bước [gm]đi trên vùng trời bình [dm]yên\r\nvà những [bb]lúc, hóa [c]thân dưới anh đèn sân [f]khấu\r\ntôi đã [bb]khóc khi tình yêu phôi [gm]pha, tôi đã [am]nhớ khi\r\n[dm]người yêu chia [gm]xa, và đã [gm]biết thế [am7]nào là phù [dm]hoa\r\n\r\nĐK: bỗng một ngày Chúa gọi mời [d7]nghe xôn xao tim [gm]mình\r\nbỗng một ngày tiếng thì thầm như thức tỉnh tâm [a]linh\r\nChúa [c]ơi! con đã bị [bb]Ngài chinh phục [a]rồi\r\n[dm]trước hào [c]quang của [f]Chúa, con thấy [a]mình là đốm lửa mong [dm]manh.\r\n\r\n2. Làn gió nào, nhắc tôi lên mây trời thành sao\r\nthần khí nào, hướng dẫn tôi trên đường tìm chân lý\r\ntôi đã có muôn vàn tình yêu, và lấp lánh như ngàn vì sao\r\nnhưng lòng tôi, vẫn khát khao đã yêu ngài quá muộn\r\n\r\nNgài đã đến, dẫn con trên đường về nẻo ngay\r\nNgài đã đến, thắp lên trong con một ý hướng\r\ncon sẽ hát tin mừng tin yêu thưong, con sẽ sống tin\r\nmừng trên quê hương, và sẽ bước với ngài về mọi nơi\r\n\r\n</div>', 'Làn gió nào, nhắc tôi lên mây [am]trời thành sao', 1, 'publish'),
(513, 'tạ ơn Chúa với Mẹ', 0, '1717/08/22', 'ĐK: Chúng con [dm]xin tạ [bb]ơn Chúa uy [gm]quyền [am]toàn [dm]năng\r\ntình yêu [f]Chúa nào [bb]biết chi báo [a]đền. [d7]\r\nChúa muôn [gm]đời là [c7]Chúa khắp vũ [f]trụ trời [dm]đất\r\nngàn vinh [bb]quang cao chiếu hiển [c]trị [am]đời [dm]đời.\r\n\r\n1. Vì tình Chúa đã chất [f]chứa trong trái [bb]tim [a]Mẹ [dm]hiền\r\nluôn trìu [bb]mến mãi cứu [d7]giúp chở che nguyện [gm]cầu. [c7]\r\nNgàn phúc [f]ân vẫn nhờ [bb]Mẹ, ngàn khổ [c]đau cũng nhờ [a]Mẹ,\r\nnhờ Mẹ [gm6]thương dâng Chúa trót [a]đời tạ [dm]ơn.\r\n\r\n2. Vì tình Chúa ôi miên man muôn tháng năm không tàn,\r\ndâng triều sóng vỗ lớp lớp biển khơi vang rền.\r\nLòng Chúa thương ôi huyền diệu, quyền Chúa trên muôn thần lực,\r\nnguồn an vui chan chứa thánh ân không vơi.', 'Chúng con xin tạ ơn Chúa uy quyền toàn năng', 1, 'publish'),
(518, 'xanh trời noel', 0, '1717/12/22', 'No[A]el lời cầu chúc thánh ân tuyệt [Bm]vời, no[D]el lời bình [E7]an gởi đến muôn [A]loài.\r\nMoel gọi mời ai buồn trong bến [C#7]đợi từng giây phút nhìn lên cõi [F#m]trời\r\nchờ [E]mong mưa nguồn cứu [E7]rỗi.\r\n\r\nNo[A]el lời tình yêu giáng sinh làm [Bm]người, no[D]el lời hạnh [E]phúc gởi đến cuộc [A]đời\r\nNoel gọi mùa xuân bừng lên sáng [C#7]ngời, nguồn ơn thiêng trào tuôn bất [F#m]tận\r\nđể [E7]noel xanh màu phúc [A]ân\r\n\r\nĐK : Người đã [Am]đến trong trái [E7]tim mong [Am]chờ\r\nlặng lẽ không ai [Dm]ngờ cho [G9]dù nhân thế hững [C]hờ\r\nNo[Dm]el mở lối cho người gặp [E]gở cuộc đời và Thiên [E7]Chúa như biển tình bao [A]la\r\n\r\nNo[A]el gọi yêu thương hóa thân vô [Bm]bờ, no[Dm]el tình yêu đã bật tiếng hoan [A]ca\r\nNoel quỳ dâng chúa lời kinh cảm [C#m]tạ, và niềm vui bừng lên rất [D]lạ\r\ntrong đêm [E7]thánh say tình thiết [A]tha', 'Noel lời cầu chúc thánh ân tuyệt vời, noel lời bình an', 1, 'publish'),
(519, 'lời ru thánh', 0, '1717/12/22', 'Đk: Mẹ [Em]ôm bé Giê-[Am]su, Mẹ [D]ru suốt đêm [G]khuya.\r\nMột [C]đêm tuyết rơi [F#7]nhiều, tiêu [B]điều hoang đá [B7]nghèo.\r\nNgàn [E]sao sáng trên [Am]cao, lặng [D]nghe tiếng ngọt [G]ngào,\r\nMẹ [C]ru Chúa đêm [F#7]nao đi [B]vào trong giấc [Em]mơ.\r\n\r\n1. [Em]Ẵm trên [C]tay Hài [Am]Nhi bé [Em]bỏng. [Am]Rét run [B]trong lạnh [E7]giá đêm [Am]đông,\r\n[D]Mẹ cung [D7]kính thay [G]cả trần [B]gian [E]tôn thờ [Am]Thiên Chúa [Bm]Vua Tình [Em]Yêu.\r\n\r\n2. Ấm êm trong vòng tay của Mẹ bé Giê-su lặng ngủ miên man.\r\nMẹ âu yếm hôn trên vầng tráng Người mỉm cười giấc mơ bình an.', 'Mẹ ôm bé Giê-su, Mẹ ru suốt đêm khuya.', 1, 'publish'),
(522, 'trời hân hoan', 0, '1717/12/22', 'ĐK : [G]Trời hân hoan đất tưng bừng vui ca\r\nNày giờ Con [Em]Chúa đấng Cứu [D]Tinh [G]đã [D]sinh ra\r\n[G]Từ non cao tới khơi ngàn bao la\r\nNgười người hoan [Em]chúc đón tin [D]vui thái [G]hoà.\r\n\r\n1. Thời gian [E7]qua nhân trần [Am]luôn [D9]ngóng [G]trông\r\nLời giao [Bm]ước vẫn âm [D7]vang trong [G]muôn [D]lòng\r\n[G]Cùng nguyện [E7]xin dâng trời [Am]toả [D9]khắp [G]nơi\r\nVà mây [Bm]đưa Đấng cứu [C]Tinh [E]cho [D]đời.\r\n\r\n2. Trời hân hoan đất tưng bừng vui ca này giờ Con Chúa\r\nĐấng Cứu Tinh đã sinh ra\r\nTừ non cao tới khơi ngàn bao la\r\nNgười người hoan chúc đón tin vui thái hoà.\r\n\r\n3. Một hài nhi sinh hạ cho chúng ta\r\nMột trẻ thơ Chúa ân ban cho nhân trần\r\nMừng vui lên muôn người trong khắp nơi\r\nVì hôm nay Chúa đến thăm nhân trần.', 'Trời hân hoan đất tưng bừng vui ca. Này giờ Con Chúa đấng Cứu Tinh đã sinh ra', 1, 'publish'),
(523, 'Tâm tình hòa bình 2', 0, '1717/12/22', '1. Từ đồng [C]xa mục đồng tiến về hang [Em]đá\r\ndâng [E7]lên hơi ấm bò [Am]lừa lễ [C]dâng hơi ấm bò lừa.\r\nTrời mùa [Dm]đông bừng [G]lên ánh sáng hy [Am]vọng.\r\nNgôi [F]Hai giáng sinh giữa [Dm]đồng làm [G7]người đổi mới muôn [C]lòng.\r\n\r\nĐK: Với bánh [C]rượu con dâng [F]Ngài này [C]đây tấm lòng thành [G]kính.\r\nVới bánh [C7]rượu con dâng [F]Ngài này [G]đây tâm [Fm]tình hòa [C]bình.\r\n\r\n2. Từ miền Đông Ba Vua quyết tìm lẽ sống.\r\nBê Lem dâng Chúa Hài Đồng: vàng hương vùng với mộc dược.\r\nNày đoàn con giờ đây dâng lên tâm tình.\r\nTôn vinh Chúa thương muôn nghìn khổ hình dẫn tới Thiên đình.\r\n\r\n3. Dòng đời qua tin vui nở rộn lòng ta\r\nmuôn dân muôn nước ca hòa dạt dào tình mến đậm đà.\r\nNào về đây tình yêu nối kết đất trời.\r\nNgôi Hai giáng sinh cứu đời cuộc đời bừng sáng tuyệt vời.', '1. Từ đồng xa mục đồng tiến về hang đá dâng lên hơi ấm bò lừa lễ dâng hơi ấm bò lừa.', 1, 'publish'),
(524, 'Câu ru ngọt ngào', 0, '1717/12/22', '1. Lời [Cm]ru trong [Bb]đêm nghe xa [Cm]vời. Nhẹ [Bb]ngân giọng buồn câu thiết [Eb]tha.\r\nNgoài [Fm]kia không gian vang tiếng [Eb]muôn Thiên [Cm]Thần. Đồng [Bb]thanh chung câu hát hiệp [G7]dâng.\r\nNgủ [Cm]ngoan trong [Bb]nôi rơm khó [Cm]hèn. Nhìn [Bb]con Mẹ buồn thương xót [Eb]xa.\r\nẢ [Fm]ơi ru con xây giấc [Eb]mơ êm [Cm]đềm. Mẹ [Cm]thương vô [G7]vàn con dấu [Cm]yêu.\r\n\r\nĐK : Lời [Fm]ru xa xôi như giấc [Cm]mơ. Lời [Fm]ru mênh [Bb]mang như gió [Cm]ngân.\r\nLời [Fm]ru trong đêm mờ tuyết [Eb]sương, mang [C7]theo lòng chứa [Fm]chan.\r\ncủa [G7]Mẹ Chúa muôn [Cm]loài.\r\n\r\n2. Trẻ thơ Giêsu sinh xuống trần. Lầm than nghèo hèn trong tuyết sương.\r\nTình yêu bao dung đã hiến cho gian trần. Người hỡi sao vẫn mãi ngủ mê.\r\nQuỳ dây con dâng lên tấm lòng. Buồn vui và trọn những ước mơ.\r\nNgợi khen vinh danh Thiên Chúa trên cõi trời. Bình an muôn người Chúa xót thương.', 'Lời ru trong đêm nghe xa vời. Nhẹ ngân giọng buồn câu thiết tha.', 1, 'publish'),
(526, 'Đêm hồng ân', 0, '1717/12/22', '1. [C]Từ bầu trời cao ngàn [F]sao huy hoàng lấp lánh [C]soi\r\ngiữa đêm an lành mà Thiên [G]Chúa sinh làm [C]người.\r\nLoài người từ lâu say [F]đắm buông mình trong lỗi [C]lầm\r\ntới khi Ngài [Em]đến thì mới [B7]chan chứa hy [Em]vọng.\r\nRun [G7]lên nỗi mừng [C]quên những ngày sống đầy [G7]tối tăm,\r\ntrong [C]đêm tối mờ bừng [Am]lên ngày mới rạng [C]đông.\r\n\r\nĐK. [Am]Hãy mau quỳ [Em]gối mà [Dm]đón mừng ngày được [dm]cứu rỗi.\r\nHồng [C]phúc [G] [C]thay, lành [F]thánh thay chính [C]đêm [G] Thiên Chúa sinh [C]ra.\r\nHồng [G]ân tràn [g7]xuống giữa [C]đêm [Dm]mà [C]Chúa giáng [C]sinh.\r\n\r\n2. Từ miền trời đông nhờ sao huy hoàng soi\r\ndẫn đường tới nơi sinh Ngài, nhà thông thái cúi tôn thờ.\r\nRầy nhờ hồng ân soi sáng với niềm tin dẫn đường\r\nchúng con được đến mà bái kính Đấng Cứu Độ.\r\nÔi Vua đất trời sinh xuống nơi khó nghèo tối tăm,\r\nđem ơn cứu chuộc ban xuống cho đám bần dân.\r\n\r\n3. Ngài dạy người ta tình yêu thương và biết thứ tha.\r\nPhúc âm của Ngài là biết sống trong an hòa.\r\nXiềng buộc đập tan, tôi tớ nô lệ được phóng tha,\r\nbất công đàn áp nhờ danh Chúa cũng xóa nhòa.\r\nMuôn dân vui mừng sung sướng cung chúc lời hát vang,\r\ntôn vinh Chúa Trời thương xót yêu mến trần gian.', 'Từ bầu trời cao ngàn sao huy hoàng lấp lánh soi giữa đêm an lành', 1, 'publish'),
(528, 'Đêm nay noel', 0, '1717/12/22', '1. Đêm [C]nay Noel [Am]về, hồn [F]ơi lắng tai [C]nghe.\r\nĐàn [G]muôn cung réo [G7]rắt, dồn dập tiếng chuông [C]vàng.\r\nĐêm [C]nay Noel [Am]về, hồn [F]ơi ngước lên [C]xem.\r\nNgàn [G]sao đêm lấp [G7]lánh. Rộn ràng khắp thiên [C]cung.\r\n\r\nĐK: Ôi Noel, No[Am]el đêm trời nhiệm [F]mầu, cung nhạc an [C]hòa.\r\n[Dm]Ôi Noel, Noel đêm trời nhiệm [g7]mầu, lời thơ kính [C]mến.\r\nÔi đêm đông linh [Am]thiêng, Chúa Trời làm [F]người đất trời giao [C]hòa.\r\n[Dm]Ôi đêm đông linh [G]thiêng, Chúa Trời làm [G7]người, và ở cùng [C]ta.\r\n\r\n2. Đêm nay Noel về, trần gian hãy vui lên.\r\nHợp câu ca tiếng hát, hợp lòng với Thiên Triều.\r\nĐêm nay Noel về, người ơi hãy vui lên.\r\nBình an cho nhân thế. Người người Chúa thương yêu.\r\n\r\n3, Đêm nay Noel về, này ai chốn u mê.\r\nNào mau mau cất bước, tìm về ánh huy hoàng.\r\nĐêm nay Noel về, này ai vẫn mong chờ.\r\nNào mau mau cất bước. Tìm về chốn Belem.', 'Đêm nay Noel về, hồn ơi lắng tai nghe.', 1, 'publish'),
(529, 'Tình ca giáng sinh', 0, '1717/12/22', '1. Chỉ vì yêu [C]thương, Người [G]giáng sinh trong âm [C]thầm.\r\nVào một đêm [F]đông, sương [G]tuyết rơi trên ruộng [Em]đồng.\r\nNgàn vì sao [C]sáng soi khắp [Dm]nơi, Gọi mời nhân [G]thế mau đến [C]đây.\r\nChính nơi máng [G]lừa, Ngài [G7]đã sinh làm [C]người.\r\n\r\nĐK : Vinh [C]Danh Chúa trên [G]trời, an vui khắp nơi [Am]nơi, cho nhân loại Chúa [G]thương.\r\nVinh [C]Danh Chúa trên [G]trời, an vui khắp nơi [Am]nơi, cho [G]những ai lòng [C]ngay.\r\n\r\n2. Trần hoàn hôm nay, mừng đón Chúa sinh ra đời.\r\nBời trời Belem vang tiếng ca muôn Thiên Thần.\r\nVạn vật chìm đắm trong bến mê. Giờ được nguồn sáng thương chiếu soi.\r\nĐức Vua thái bình, Người đã sinh ra đời.\r\n\r\n3. Này mục đồng ơi, tỉnh giấc mau mau lên đường.\r\nTìm về Belem thờ kính Chúa sinh ra đời.\r\nTình trời và đất nay kết giao. Ngập tràn ân phúc đêm giáng sinh.\r\nTiếng chuông thái bình rộn rã trong lòng người.', 'Chỉ vì yêu thương, Người giáng sinh trong âm thầm.', 1, 'publish'),
(531, 'Ba vua hành khúc', 0, '1717/12/30', '1. [Dm]Đêm dần buông hiu hắt hơi sương mờ xuống\r\nĐường [Gm]dài ta bước qua bao nhiêu [A7]đồi núi qua rừng\r\n[Dm] Trong màn sương ngôi sao đưa ta tìm hướng\r\nTìm thờ Con [Gm]Thánh giáng sinh trong [A7]đêm đông [Dm]trường\r\n\r\nĐK : Ba vua ta [A7]bước in hình trong đêm vắng\r\nNhịp [Gm]vang cõi trần đời ta sống trong đau thương [A7]âm thầm.\r\nBa vua ta [Dm]hát cho đường đi thu [Gm]ngắn\r\nRồi nhìn con Chúa chúng ta yên [A7]vui muôn [Dm]phần\r\n\r\n2. Như đàn nai khao khát mơ ước dòng suối\r\nTìm đồng xanh với nước trong trên ngàn chốn xa vời\r\nLinh hồn ta khao khát mơ ước tìm Chúa\r\nTìm Ngài cho dẫu sương rơi trên vai không ngờ\r\n\r\n3. Thôi dừng đây đã đến nơi ta thờ chúa\r\nNgập tràn vui chúc ta hân hoan nhìn chúa bây giờ\r\nXin vì dân tâm linh ta tôn thờ Chúa\r\nTừ nay ta có chúa không cô đơn bao giờ', 'Đêm dần buông hiu hắt hơi sương mờ xuống', 1, 'publish'),
(532, 'Chuyện một đêm đông', 0, '1717/12/30', '1. Mùa đông nay lại [C]về và [Am]Giáng Sinh lại [Em]đến\r\nCho [F]em nhớ chuyện [Em]xưa một [Dm]đêm đông âm u\r\nSương [F]tuyết rơi rơi [Am]đầy [Dm]phủ khắp Bê-[G]Lem\r\nMột [Em]vùng quê bé [Am]nhỏ [F]Chúa sinh ra [Em]đời\r\n[Am]Một hài [Dm]nhi năm trong máng [G7]lừa là vị cứu tinh trần [C]ai\r\n\r\nĐK: [C]Hôm nay dương [F]gian mừng con [Dm]Chúa sinh ra [Em]đời\r\n[Am]Em không mong [D7]chi chỉ xin [G]chúa cho một [C]điều\r\nLà [Am]xin cho tương [F]lai ngày [Em]mai luôn an [Am]vui\r\nBắc nam một [D7]nhà người người [G7]thương mến [C]nhau\r\n[F]Sống trong thanh [Em]bình tình [G]người mãi lên [C]ngôi [G]\r\n\r\n2. Từng đông khi sang mùa chuyện Giáng Sinh ngày cũ\r\nCho nhân thế niềm vui từng đêm đông đêm đông\r\nKhi tiếng chuông giáo đường vọng khắp nhân gian\r\nNgàn vì sao sáng ngời đón Chúa ra đời\r\nNgười đem đến ngàn muôn phú́c lành cả trần thế đang mong chờ\r\n\r\n3. Mùa đông nay lại về trần thế vui mừng đón\r\nNgôi hai xuống trần gian bầy em thơ tung tăng\r\nVui đón chúa ra đời đèn sáng trên tay\r\nNgười người vui tiếng cười, Chúa cao trên trời\r\nNhìn dương gian niềm tin sáng ngời nụ cười thắm trên môi hồng', 'Mùa đông nay lại về và Giáng Sinh lại đến. Cho em nhớ chuyện', 1, 'publish'),
(533, 'Tình cha nghĩa mẹ', 0, '1717/12/30', '1. Cho con làm [Am]người bàn tay [Dm]cha nâng đỡ chở [E]che. [A7]\r\nCho con vào [Dm]đời mẹ thương [F]yêu dạy con bươc [E]đi.\r\nCho con thắm [C]nụ cười, [E] cho con lớn [Am]thành người. [A7]\r\nÔi tình mẹ [Dm]cha quá bao [Am]la, ôi tình thương [Dm]đó [E]tựa biển [Am]xa.\r\n\r\nĐK : [Am]Nguyện chúa xuống muôn [F]ơn cho [Em]cha mẹ của [Am]con,\r\nĐược mãi mãi an [Dm]khang đi [F]qua từng năm [C]tháng.\r\n[E7]Dù đòi bao sóng [Am]gió, [F]thì lòng con vẫn [Dm]nhớ,\r\n[G]Trọn niềm tin yêu [C]chúa đền [E]đáp ân tình mẹ [Am]cha.\r\n\r\n2. Uống nước nhớ nguồn làm con luôn thảo kính mẹ cha,\r\nUống nước nhớ nguồn người ơi xin đừng quên nghĩa ân.\r\nBay cao đến tầng trời, vinh quang lúc thành tài.\r\nXin người hãy nhớ những công ơn sinh thành nuôi dưỡng của mẹ cha.', 'cho con làm người bàn tay cha nâng đỡ chở che.', 1, 'publish'),
(534, 'Hân hoan muôn lời', 0, '1717/12/30', '1. Hân hoan muôn [F]lời mừng kính Thánh Gia, phúc ân dư [Bb]]ầy tình yêu thắm tươi chan [F]hòa.\r\nCuộc đời dương [Dm]thế tuyệt vời, gương lành phúc [Gm]đức để danh thơm thiên [C7]thu.\r\n\r\nĐK: [F]Dâng lên [C]Chúa [Dm]lời tạ [C]ơn, [F]đã ban cho nhân [Bb]loại [C7]chính Con yêu của [F]Ngài.\r\n[Dm]Mẹ Ma-ri-[Bb]a và [F]Thánh Giu-[C]se [F]nên Thánh Gia suối [C7]nguồn ơn cứu [F]độ.\r\n\r\n2. Bao la ân tình đời sống Thánh Gia, dẫu trong âm thầm mà nên mẫu gương mọi nhà.\r\nNhọc nhằn lao tác cùng xẻ chia đời nhân thế với tin yêu phó thác.\r\n\r\n3. Vui trong chiêm niệm đời sống hiến dâng, Thánh Gia kêu mời tình yêu trắng trong vẹn toàn.\r\nĐường đời gian khó trải qua lao nhọc, tân toan hưởng phúc lộc vinh quang.', 'Hân hoan muôn lời mừng kính Thánh Gia, phúc ân dư đầy tình yêu thắm tươi chan hòa.', 1, 'publish'),
(535, 'vịnh ca 127', 0, '1717/12/30', '1.Phúc lộc cho [Am]người biết tôn sợ Chúa, phúc lộc cho [Dm]người sống theo đường [G]lối.\r\nCông phúc tay [Dm]Người làm ra sẽ an [Am]lòng, bao nhiêu vận [E]hạnh và phúc lộc dư [Am]tràn.\r\n\r\nĐK: Thật là hạnh [Am]phúc cho ai khiêm [C]cung, cho kẻ đơn [G]sơ tim luôn ngây [Em]thơ\r\nLòng không kiêu [Am]hãnh nhưng luôn trung [F]trinh mến yêu một [E]Chúa\r\nSẽ được Thiên [Am]Chúa yêu thương yêu [C]thương.Ban phúc thiêng [G]liêng, an vui vô [Em]biên,\r\nvạn ngày sẽ [Am]sống sống trong tình [E]yêu ôi thánh ân huyền [Am]siêu.\r\n\r\n2. Phúc lộc dư tràn đổ trên nhà ngươi, phúc lộc mưa nguồn với bao hạnh phúc.\r\nCon cái của ngươi tựa nho quý sinh trồi như cây tuyệt vời hiền thê bạn vui cười.\r\n\r\n3. Đó là ân lộc Chúa ban đầy tay, những ai tôn sợ kính yêu một Chúa,\r\nXin Chúa cho người được xem thấy mai này gia liêm thịnh đạt hiền lắm trong lâu dài.', 'Phúc lộc cho người biết tôn sợ Chúa, phúc lộc cho người sống theo đường lối', 1, 'publish'),
(540, 'cảm tạ tình Chúa', 0, '1818/01/15', 'ĐK : [C]Dâng muôn câu cảm [Em]tạ, cảm [Am]tạ tình yêu của [G]Chúa,\r\nmột tình [C]yêu bao la ngọt [Am]ngào, một tình [Dm]yêu cao cả nhiệm [G7]mầu\r\n[C]Con ca ngợi danh [Am]Chúa đền muôn [F]đời cảm mếm tri [Em]ân.\r\nÔi bao [C]la tình Chúa thương [Dm]con, cuộc đời [G7]con vui sống trong ân [C]tình [E7]\r\n\r\n1. Chúa dắt [Am]dìu con trong Thánh ân,con say tình yêu\r\nChúa chí [G]nhân yêu thương Chúa đã hiến [E7]mình.\r\nNgài vì [Am]yêu liều thân chịu chết, để đời [F]con được ơn cứu [E7]rỗi.\r\nTình yêu [Am]Chúa ôi quá bao [G]la. Tình yêu [E7]Chúa như khúc tân [Am]ca,\r\nmời gọi [F]con luôn sống yêu [E7]thương suốt [Am]đời. [G7]\r\n\r\n2. Xin cho đời con đây Chúa ơi luôn trung thành theo Chúa chí nhân.\r\nHy sinh sống đời khó nghèo. Một đời luôn thực hành thánh ý,\r\nbằng niềm tin cậy trông phó thác. Nguyện xin Chúa giúp sức cho con,\r\ndìu con đi qua những chông gai, để đời con vui bước theo Ngài suốt đời\r\n\r\n3. Chúa kêu mời con mau bước đi. Loan tin mừng đến khắp thế gian.\r\nGiêsu chính nguồn cứu độ. Ngài là đấng từ bi nhân ái, hằng phù giúp đời con dưới thế.\r\nHồng ân Chúa ơi quá bao la. Hồng ân Chúa như khúc hoan ca, để đời con quên hết ưu phiền kiếp người.', 'Dâng muôn câu cảm tạ, cảm tạ tình yêu của Chúa,', 1, 'publish'),
(541, 'tung hô danh ngài', 0, '1818/01/17', 'ĐK: [C]Con tiến [G]vào nhà [C]Chúa (con í a tiến vào) [Am]tâm tư con vui [G]mừng (í a) reo [G]mừng.\r\nMiệng [C]con (và tâm hồn [Am]con) tung hô vạn tiếng ngợi khen (í [Am]a) danh Ngài. [G]\r\n\r\nCùng với đất [C]trời vạn [F]vật tung [Am]hô, tung hô Danh Ngài tung [C]hô,\r\ntung hô Danh[Am]Ngài, tung hô Danh [Dm]Ngài là [G]Chúa quang [C]vinh.\r\n\r\n1. Hãy vào [G]đây trẩy [Dm]hội (í a) lên [C]đền. [Dm]Thiên Chúa tôi vẫn mong đợi [Am]chờ.\r\n[C]Con mến yêu thành tâm tôn [G]thờ. [Em]Hãy chúc tụng tôn [Dm]vinh Thánh [G]nhan [C]Ngài.\r\n\r\n2. Chúa toàn năng vĩ đại (í a) oai hùng. Nơi thẳm sâu và khắp cõi trời.\r\nMuôn thế nhân vạn hữu trên đời. Hãy chúc tụng ngợi khen Chúa muôn loài.\r\n\r\n3. Vững lòng tin Chúa là (í a) gia nghiệp. Thiên Chúa ban hạnh phúc dư đầy.\r\nCon ngất ngây trong trái tim này. Xin chung lòng tạ ơn đến muôn đời.', 'Con tiến vào nhà Chúa (con í a tiến vào) tâm tư con vui mừng (í a) reo mừng', 1, 'publish'),
(545, 'xin cảm tạ Chúa', 0, '1818/01/18', 'Đk: Xin một [G]đời nguyện xin một [Dm]đời ngợi khen Thiên [C]Chúa.\r\nXin một [F]đời nguyện xin một [G]đời được cám ơn [G]Ngài.\r\nVì [G]Ngài đã thương [Dm]tôi trọn [G]một kiếp con [C]người\r\nngày con thơ [F]bé và mai khôn [G]lớn, Chúa dắt [Am]tôi đi vào đời,\r\nChúa dẫn [F]tôi về muôn [G]lối dù đời nổi [Em]trôi, dù đời đổi thay,\r\nơn [C]Chúa hằng ở bên [F]tôi tháng [C]ngày.\r\nXin trọn [G]đời nguyện xin trọn [Dm]đời tụng ca Danh [C]Chúa.\r\nXin trọn [F]đời nguyện xin trọn [G]đời được mến yêu [C]Ngài.\r\n\r\n1. Ngài đã tác thành [Dm]tôi và dẫn [C]tôi đi trong [G]đời.\r\nTừ ngày tháng tuổi [G]thơ cho đến khi tôi già [Em]nua.\r\nNgài gởi đến cho [Dm]tôi vào tuổi sống êm [C]trôi.\r\nTừng mộng ước lên [G]ngôi mải mê tôi [F]đi đến yêu [G]thương của [C]Ngài.\r\n\r\n2. Ngài hằng ấp ủ tôi trong tiếng ru của mẹ hiền.\r\nNgài mở trí lòng tôi trong mến yêu ngày và đêm.\r\nNgài gọi nắng xôn xao gọi màu sắc thanh cao.\r\nGọi nhạc với hương thơ để đến bên tôi dưỡng nuôi tôi suốt đời.\r\n\r\n3. Ngài là nỗi chờ mong cho trí tâm tôi đi tìm.\r\nNgài là ánh bình minh cho Đức Tin tôi bừng lên.\r\nNgài là suối yêu thương, là mạch sống cao dâng.\r\nLà hạnh phúc bao dung luôn chứa chan trong trái tim tôi chẳng ngừng.\r\n\r\n4.Lời cảm mến tạ ơn xin hiến dâng suốt cuộc đời.\r\nLạy Thượng Đế của tôi, tôi hát ca Danh Ngài thôi.\r\nLời cảm mến tri ân tròn đầy những thanh âm.\r\nMột đời mãi xin dâng cho đến khi tôi trút hơi thở cuối cùng.', 'Xin một đời nguyện xin một đời ngợi khen Thiên Chúa.', 1, 'publish'),
(546, 'đường thập giá đường hy vọng', 0, '1818/01/18', '1. Đường con [G]đi qua bao đắng [Bm]cay, quên đi tháng ngày [C]mi hoen ướt mềm. [G]\r\nTình vụt [Em]bay qua như giấc mơ [D] chỉ còn lại [Am]trống vắng trong tầm tay. [D7]\r\nTìm về [G]đến nương thân Chúa [Am]yêu. Ngài ủi [B7]an lau khô mắt [Em]lệ.\r\nNgài dìu [C]bước dắt [C]con đi về bến [G]mơ. [G]\r\n\r\nĐK : Chúa là con đường [Am7] [Em]cho con vui bước theo. [Bm]\r\n[C]Đường tình mang hy vọng [G] nguồn hạnh [Em]phúc con luôn ước mong. [D7]\r\n[Am]Cho con yêu Chúa [D]nhiều thành nhân [G]chứng Phúc Âm của [Em]Người.\r\nNguyện đời [Am]con vang lên tiếng [D7]ca chúc tụng danh [G]Cha.\r\n\r\n2. Đường đời con trôi bao tháng năm thân con rã rời lê chân mỏi mòn.\r\nĐời như những cơn lốc cuốn xoay tình người càng khô héo trong trời mây.\r\nChỉ còn Chúa nơi con náu thân, Ngài đỡ nâng khi con thất vọng,\r\nvà con sẽ sống vui bên Ngài suốt đời.\r\n\r\n3. Đường thập giá xưa Chúa bước qua, vai mang gánh nặng, đem thân cứu đời.\r\nNgọn đồi cao giang tay hiến thân chỉ vì tình yêu chết cho trần gian.\r\nNguyện từ nay xin theo Chúa thôi, mở rộng tay yêu thương thế nhân.\r\nĐời con sẽ hiến thân cho Ngài suốt đời.', 'Đường con đi qua bao đắng cay, quên đi tháng ngày mi hoen ướt mềm.', 1, 'publish'),
(549, 'nữ vương mùa xuân', 0, '1818/01/26', '1. Đông qua [D]mau trúc [F#m]xinh nghêng nghiêng đợi [bm]chờ.\r\nXuân mới [A]về hồn [B7]con say ngát ý [Em]thơ,\r\nhoa xinh [A]tươi thắm hương trong làn gió [D]mới.\r\nTiến dâng [G]Mẹ, Nữ [A7]Vương mùa xuân yêu [D]thương.\r\n\r\nĐK: Maria, chúng [A]con kính dâng lên [F#m]Mẹ.\r\nTim yêu [G]thương dẫu [A7]ngàn khó nguy trăm [D]đường.\r\nMẹ hãy [A7]thương xuống [D]muôn hồng ân chan [F#m]chứa.\r\nNguyện tháng [D]ngày chúc [G]khen tình [A7]Mẹ muôn [G]phương.\r\n\r\n2. Xuân êm sau ngất ngây như muôn nụ hồng.\r\nVui gió về cùng vang ca khúc yêu thương.\r\nTim ươm xuân thắm xinh trong màu mắt biếc.\r\nHãy ca khen, Nữ Vương mùa xuân yêu thương.\r\n\r\n3. Xin chi đây trước tôn nhan Mẹ nhân hiền.\r\nBao tháng ngày Mẹ ơi trông đến quê hương.\r\nTuy phong sương vẫn luôn quay về một hướng.\r\nSống trong Mẹ, Nữ Vương mùa xuân yêu thương.', 'Đông qua mau trúc xinh nghêng nghiêng đợi chờ.', 1, 'publish'),
(550, 'khi hoa nở miền Cana', 0, '1818/01/29', '1. Ngày [Dm]xưa khi hoa nở miền [F]Cana, khi đôi [Dm]lứa í a chung [Bb]đường\r\nChúa [C]đã nâng ly rượu [F]mừng. Ngài [Dm]nâng nâng ly [C]rượu chúc [Dm]hôn,\r\nNgài [Bb]say theo men của cuộc [Am]đời, Ngài [Gm]chung vui [C]với người [F]vui,\r\nNgài [Gm]ban ơn thiêng nối [Bb]tình người, Ngài [Am]thánh hóa đời lứa [Dm]đôi.\r\n\r\nĐK : Nguyện [Dm]xin Giêsu thương [Bb]mến cho duyên [C]tình mãi [A]nở [Dm]hoa. [D7]\r\nNguyện [Gm]xin Giêsu đến [Bb]trong nhà cho [C]đời hòa [Am]tiếng [Dm]ca.\r\n\r\n2. Nhiều khi xem hoa nở chờ trăng lên, nương tay võng đón lời ru hời,\r\nChúa đã vui trong phận người, Ngài vui trong thân phận chúng con,\r\nNgài xem muôn hoa thắm vườn nhà, Ngài nghe tiếng hát mẹ cha,\r\nNgài ba mươi năm thấy thuận hòa và thấy nghĩa tình thiết tha.\r\n\r\n3. Tình yêu xin muôn thuở đẹp lung linh, trăm năm mãi có ta có mình,\r\ndắt dìu nhau trên đường tình, dìu nhau trên con đường mến yêu.\r\nDù khi an vui lúc ngậm ngùi, tình luôn son sắt đẹp tươi,\r\nniềm tin linh thiêng giữa dòng đời là gió giúp thuyền lướt trôi.\r\n\r\n4. Ngày xưa khi mây mở trời Cana, đôi chim trắng vút bay giữa trời,\r\nChúa nhìn theo môi mỉm cười, Ngài vui trông theo từng lứa đôi.\r\nNguyện xin Giêsu nối đường đời, dìu đưa trăm lối ngàn nơi.\r\nNgười tay trong tay bước tuyệt vời, về đến cõi trời thắm tươi.', 'Ngày xưa khi hoa nở miền Cana, khi đôi lứa í a chung đường Chúa đã nâng ly', 1, 'publish'),
(551, 'Yêu thương đơm hoa kết trái', 0, '1818/01/29', '1. Yêu [Dm]thương ( i i ) đã kết thành một cây [Bb]cao là cao bóng [F]mát,\r\ncây [Am]cao là cao bóng [Dm]mát. Cây yêu [Gm]thương nở hoa yêu [Bb]thương,\r\nmở cho [Dm7]đời xuân ngát [Gm]hương, mở cho [Am]đời xuân ngát [Dm]hương.\r\n\r\nĐK: Xin [Dm]dâng ( i i ) nụ yêu thương ( ơ ) xin Chúa [G]ban cho [Dm]đầy sắc [F]hương.\r\nVà [Am]xin Chúa dệt vuông [Dm]tròn, cho bông [Am7]hoa kết thành trái [Dm]ngon.\r\n\r\n2. Xin dâng ( i i ) rượu bánh này là công lao mồ hôi nước mắt,\r\ncông lao mồ hôi nước mắt. xin dâng lên lời kinh trên môi,\r\nbánh với rượu luôn kết đôi, Chúa cho người luôn kết đôi.\r\n\r\n3. Xin dâng ( i i ) cuộc sống này nguyện trăm năm trời thanh gió mát,\r\ntrăm năm trời thanh gió mát. Xin trăm năm vườn luôn đơm hoa,\r\nở trong nhà vang tiếng ca, ở trong nhà vang tiếng ca.', 'Yêu thương ( i i ) đã kết thành một cây cao là cao bóng mát', 1, 'publish'),
(552, 'Đầu xuân cầu cho gia đình', 0, '1818/02/01', 'ĐK: Ngày đầu [C]xuân bao người đi xa, cùng [D]về với gia [C]đình,\r\ncùng [G]về với ân tình Ngất [F]ngây với nguồn yêu [Em]mến.\r\nDâng [Am7]đến lòng Mẹ [Dm]Cha bông hoa là lòng biết [G]ơn. [C]\r\nNgày đầu xuân dâng lên [Am]Chúa lời [G]kinh của gia [C]đình.\r\nMong [Dm]ước đời an [Am]bình xin [C]Ngài ban muôn ơn,\r\nCho người [G]con [D]yêu [G]thương Cho những [C]người mà con yêu thương\r\n\r\n1. Ngày đầu xuân xin Chúa [Am]ban phúc cho mẹ [G]cha\r\nSuốt tháng [F]năm dẫu khó [Em]khăn được [Dm]vui trong mái [C]nhà.\r\nTạ ơn Cha. Muôn [F]đời tạ [G]ơn [C]Cha.\r\n\r\n2. Ngày đầu xuân xin Chúa nâng đỡ ông bà con,\r\nVới tháng năm mãi sắt son bền tâm cho đến cùng.\r\nTạ ơn Cha. Muôn đời tạ ơn Cha.\r\n\r\n3. Ngày đầu xuân xin chúa thương những ai mồ côi\r\nVắng bóng cha vắng bóng mẹ, được vui chung với người.\r\nTạ ơn Cha. Muôn đời tạ ơn Cha.\r\n\r\n4. Ngày đầu xuân xin chúa đưa dẫn anh chị con,\r\nSống khắp nơi giữa cõi đời cùng nhau lên nước trời.\r\nTạ ơn Cha. Muôn đời tạ ơn Cha.\r\n\r\n5. Ngày đầu xuân xin Chúa thêm sức cho đàn em,\r\nMỗi lớn lên mỗi biết thêm tình yêu nơi chúa hiền.\r\nTạ ơn Cha. Muôn đời tạ ơn Cha.\r\n\r\n6. Ngày đầu xuân xin chúa soi sáng cho đoàn con,\r\nSống với cha sống với mẹ hiền ngoan vui đáp đền.\r\nTạ ơn Cha. Muôn đời tạ ơn Cha.', 'Ngày đầu xuân bao người đi xa, cùng về với gia đình,', 1, 'publish'),
(553, 'Ngày xuân xin dâng', 0, '1818/02/01', '1. Ngày [Dm]Xuân xin dâng lên Cha, [Bb]đóa hoa [F]hồng vườn xanh mới [Dm]nở.\r\nNgày [Gm]Xuân xin dâng lên Cha, [C]tiếng ca tràn đầy ý [Dm]thơ.\r\nNgày [Bb]nắng héo hắt lúc [Am]mưa sa, ôi [G]giờ này đã [F]qua.\r\nDâng [Am]Trời ngàn ước mơ [Dm]nồng nàn, dâng [C/A]đầy tràn giữa ngày [C]xuân...\r\n\r\nĐK: Ngày xuân dâng lên là dâng [G]lên, Chúa xuân [D]ơi xin [G]nhận cho [D]đời.\r\nHương lòng trong những ngày xuân, thiết tha [A]lời yêu mến tạ [D]ơn...\r\n\r\n2. Mùa Đông mênh mang trôi qua, cánh chim trời mùa xuân đã mở.\r\nThời gian dâng trong tay Cha, với bao mùa của lá hoa.\r\nĐời sống có lúc ngát muôn hương, có ngày đầy gió sương.\r\nXin Trời dìu bước đi miệt mài, êm đềm nhịp sống ngày mai...\r\n\r\n3. Ngày Xuân xin dâng lên Cha, lúa đang mùa mầm non sắp trổ.\r\nBàn tay chung xây muôn nơi, ước mong cuộc đời thắm tươi.\r\nNguyện Chúa kết trái Chúa đơm hoa, cho người hoà tiếng ca.\r\nXin Trời gọi nắng xa về gần, gian trần nồng ấm tình xuân...', 'Ngày Xuân xin dâng lên Cha, đóa hoa hồng vườn xanh mới nở.', 1, 'publish'),
(554, 'Thắp nén hương xuân', 0, '1818/02/01', 'ĐK. Ngày [F]xuân ánh sáng lan khắp [Dm]trời. Ngày [F]xuân chim tung cánh ngàn [C]nơi.\r\nLàn [Dm]gió cuốn [C]hương gieo cõi [F]đời trong [Gm]khúc nhạc tiếng [F]cười, đón [C]chào mùa xuân mới. [C7]\r\nNgày [F]xuân thắp nén hương ngát [Dm]tình, hồn [F]con dâng lên Chúa niềm [C]tin.\r\nNguyện [Dm]Chúa xuống [C]muôn ơn phúc [F]lành trên [gm]đất Việt thanh [C]bình, cho [C7]xuân về thắm [F]xinh. [Bb]\r\n\r\n1. [F]Con khấn [e7]nguyện một mùa [Am]xuân vinh [C]phúc thắm [Bb]tươi hồng [Am]ân Chúa mọi [Dm]nơi. [C7]\r\n[F]Xin Chúa [E7]thương ban [Am]mùa xuân an [C]vui, khắp [Bb]nơi rạng [C7]Danh Chúa muôn [F]đời\r\n\r\n2. Xin thứ tha lỗi lầm một năm qua trót mang lòng bao nỗi buồn vương.\r\nXuân mới về tâm hồn tràn nguồn vui ước mong đẹp như nắng xuân hồng\r\n\r\n3. Con khấn nguyện muôn người mùa xuân mới thánh ân và hạnh phúc nhiều hơn.\r\nXin khấn ban an bình tràn quê hương bốn phương đẹp như giấc mơ hồng', 'Ngày xuân ánh sáng lan khắp trời. Ngày xuân chim tung cánh ngàn nơi.', 1, 'publish'),
(555, 'bộ lễ seraphim', 0, '1818/02/01', '<strong>Kinh thương xót</strong>\r\nXin [Am]Chúa thương xót chúng [Dm]con (x2)\r\nXin Chúa ki[C]to thương [Gm]xót chúng con (x2)\r\nXin [Am]Chúa thương xót chúng [Dm]con\r\nXin [Gm]Chúa thương [A7]xót chúng [Dm]con\r\n\r\n<strong>Kinh vinh danh</strong>\r\nVinh danh Thiên [Dm]Chúa trên [Gm]các tầng [Dm]trời và bình an dưới [F]thế cho [Am]người thiện [Dm]tâm.\r\nChúng [C]con ca ngợi [F]Chúa, chúng [Am]con chúc tụng [Dm]Chúa,\r\nchúng [C]con thờ lạy [F]Chúa, chúng [Am]con tôn vinh [Dm]Chúa,\r\nchúng [C]con cảm tạ [F]Chúa vì vinh [Gm]quang cao cả [Dm]Chúa,\r\nlạy [F]Chúa là Thiên [F]Chúa, là [A7]Vua trên [Dm]trời, là [F]Chúa Cha toàn [Dm]năng.\r\nLạy Con [F]một Thiên Chúa, Chúa Giê[Gm]su Kitô.\r\n[Am]Lạy Chúa là Thiên [Dm]Chúa, là [C]Chiên Thiên [F]Chúa, là Con [F]Ðức [G]Chúa [A]Cha,\r\n[Dm]Chúa xóa tội trần [F]gian, xin thương [Bb]xót chúng [A]con,\r\n[Dm]Chúa xóa tội trần [F]gian, xin nhậm [Dm]lời chúng con cầu khẩn.\r\nChúa ngự bên hữu Ðức Chúa [Gm]Cha, xin thương [F]xót [G]chúng [A]con.\r\n[Dm]Vì lạy Chúa Giê[C]su Kitô, [Dm]chỉ có Chúa là Ðấng [F]Thánh,\r\nchỉ có Chúa là [Bb]Chúa [A], [Dm]chỉ có [F]Chúa [Gm]là [C]Ðấng [E]Tối [A]Cao,\r\n[Dm]cùng Ðức Chúa Thánh Thần trong vinh [F]quang Ðức Chúa [Bb]Cha. Amen. [D]\r\n\r\n<strong>Thánh thánh thánh</strong>\r\n[Dm]Thánh Thánh Thánh\r\nChúa là Thiên [Gm]Chúa các đạo [A]binh\r\n[Dm]Trời đất đầy vinh quang [F]Chúa\r\nHoan hô [Am]Chúa Hoan hô Chúa trên các tầng [Dm]trời\r\nChúc tụng [Gm]Đấng ngự đến [C] nhân danh [F]Chúa\r\n[Gm]Hoan hô Chúa Hoan hô Chúa [Dm]trên các tầng trời.\r\n\r\n<strong>Lạy Chiên Thiên Chúa</strong>\r\n[Am]Lạy Chiên Thiên [Dm]Chúa, Đấng [C]xóa tội trần [F]gian: xin thương [Bb]xót chúng [A]con.\r\n[Dm]Lạy Chiên Thiên [F]Chúa, [Am]Đấng xóa tội trần [Dm]gian: xin thương [gm]xót chúng [dm]con.\r\n[Am]Lạy Chiên Thiên [Dm]Chúa, Đấng xóa [Gm]tội trần [A]gian: [Dm]xin ban [F]bình an cho chúng [Dm]con.', 'Xin Chúa thương xót chúng con (x2)', 1, 'publish'),
(556, 'bộ lễ đám cưới', 0, '1818/02/01', '<p style=\"text-align: left;\"><strong>Kinh thương xót</strong></p>\r\n<p style=\"text-align: left;\">[Cm]Nguyện cùng cha nhân ái, xin thương [Ab]xót thân con tội [Eb]tình\r\nXin thương xót [Cm]con, Xin thương xót con\r\nXin [C7]Chúa Kito uy [Fm]linh, hãy tha [G]thứ hết mọi lỗi [Cm]lầm\r\nXin Chúa Kito hãy thương xót con.\r\nXin [Ab]Chúa Thánh Linh nguồn [Bb]ơn, dẫn đưa [G]con về chốn trường [Cm]sinh\r\nXin thương xót con, Xin thương xót con</p>\r\n<p style=\"text-align: left;\"><strong>Kinh vinh danh</strong></p>\r\n<p style=\"text-align: left;\">Vinh danh Thiên [C]Chúa trên trời. [Em]Bình an dưới [Am]thế cho loài [G7]người Chúa [C]thương.\r\nChúng con tới thánh [Am]đường thờ lạy ngợi [C]ca và chúc [Em]tụng Chúa [F]Đấng Quân [G]Vương.\r\nChúng [Bm]con từ muôn [G]phương đến đây tôn vinh và cảm tạ tình Chúa mến [C]thương.\r\nVinh danh Thiên Chúa [Am]Cha là Vua trời đất tác sinh muôn [C]loài.\r\nVinh danh Thiên Chúa [Dm]Con là Đấng hy [F]sinh chết cho nhân [C]loại.\r\nVinh danh Chúa Thánh [Am]Linh là ánh sáng [G]soi đổi mới tâm [F]hồn.\r\n[Dm]Khắp muôn dân tôn [G]vinh Chúa thật uy linh sáng tươi ngàn [C]đời.</p>\r\n<p style=\"text-align: left;\"><strong>Thánh</strong></p>\r\n<p style=\"text-align: left;\">Hoan hô [C]Chúa, Chúa Cha trên [Am]trời, đầy quyền [Em]uy trên [Dm]khắp muôn [C]nơi.\r\nHoan hô Chúa, Chúa Đấng cứu [Am]đời, tình yêu Ngài chan hòa thế [C]giới.\r\nHoan hô Chúa Thánh Linh sáng [F]ngời, Ngài đã [G]ban cho nguồn sống [C]mới.\r\nHoan hô [G]Chúa, Chúa ôi tuyệt [C]vời, hát khen [G]ngài ngàn năm không [C]ngơi.</p>\r\n<p style=\"text-align: left;\"><strong>Chiên Thiên Chúa</strong></p>\r\n<p style=\"text-align: left;\">Đây Chiên Thiên [C]Chúa là [Am]Đấng xóa bao tội [Em]tình.\r\n[Dm]Xin thương thứ [C]tội và dẫn [Am]dắt theo đường công [G]minh.\r\n[C]Đây Chiên Thiên [Am]Chúa vì [G]nhân thế đã hy [E7]sinh.\r\n[E7]Xin hãy xót [Am]thương chúng con [Dm]đây sám hối thật [C]tình.\r\nĐây Chiên Thiên [Am]Chúa Ngài [C]đã hiến [Am]thân [G]thập [C]hình.\r\nXin hãy xót [G7]thương và ban [C]xuống muôn [G7]ơn an [C]bình.</p>', 'Nguyện cùng cha nhân ái, xin thương xót thân con tội tình', 1, 'publish'),
(560, 'bờ đá xanh tạ tội', 0, '1818/02/26', '1. [A]Như viên đá [F#m]xanh ngủ [C#m]yên giấc mộng [A]lành.\r\n[F#m]Con say tiếng [Bm]ca quên [D]tình người bao [E7]la !\r\n[A]Trong nỗi ước [F#m]mơ bờ [C#m]môi khẽ tạ [A]tội.\r\n[F#m]Vâng, vâng Chúa [Bm]ơi dương [E7]trần này chơi [A]vơi.\r\n\r\nĐK : [A]Con giơ cao [C#m]tay xin tạ [F#7]lỗi những ngày đã [Bm]qua.\r\n[G]Theo chân loài [E7]người lên án [A]Cha hiền hòa.\r\nCon giơ cao [C#m]tay xin lần [F#m]nữa những lần thứ [Bm]tha.\r\n[G]Cho ân tình [E7]đầy ngọt môi say đàn [A]ca.\r\n\r\n1. Như cơn lốc xoay làm nên kiếp đọa đày.\r\nCon như ngất ngây trên dường vui say.\r\nTay ôm khói hương Người đâu vắng đêm trường.\r\nkhông mang nhớ thương cho long đầy tơ vương.\r\n\r\n2. Như muôn bóng chim đợi mong cảnh dịu hiền.\r\nCon nay đã quên ko màng tình vô biên.\r\nCon tay chắp tay quỳ đây dáng hao gầy.\r\nMong xin Chúa thương cho về bờ yêu thương.', 'Như viên đá xanh ngủ yên giấc mộng lành.', 1, 'publish'),
(561, 'sống trong niềm vui', 0, '1818/02/26', '1. Một [Am]đời lần trong đêm [C]]ối, Tình [F]]êu con nay như hao [Dm]mòn.\r\nMột [E7]đời tìm trong thao [Am]thức, lòng [F]con ngập tràn bao nỗi [G]buồn.\r\nChúa [Am]ơi ! xin thương giữ gìn [E]con, về [Dm]đây xin dâng cả tâm [C]hồn.\r\nTin [F]rằng [G]Ngài là Thiên [C]Chúa. Bên [F]Ngài [E7]hạnh phúc suốt [Am]đời.\r\n\r\nĐK: Lạy [Am]Chúa, lạy Chúa [Dm]con, chính con trông [Em]cậy ở [Am]Ngài.\r\nLạy [Am]Chúa, lạy Chúa [Dm]con, hãy đưa con [Em]về sống trong niềm [Am]vui.\r\n\r\n2. Gọi thầm rằng con hãy nhớ. Tình yêu sẽ biến đổi phận người.\r\nPhận người từ trong tiếng khóc, một mai tình Ngài cho tiếng cười.\r\nChúa ơi ! con nay xin gửi trao, đời con những đắng cay khổ sầu.\r\nNơi Ngài hồn con nương náu. Nỗi vui từ nay thắm mầu.\r\n\r\n3. Được Ngài được nguồn chân lí. Sự sống ánh sáng cho cuộc đời.\r\nVì Ngài là niềm vinh phúc, là chén diệu huyền con lãnh nhận.\r\nChúa ơi ! chính Chúa gia nghiệp con. Từ đây con đâu ước mơ gì.\r\nTiếng ca hoà lên chan chứa. Tim hồng đẹp qua bốn mùa.\r\n\r\n4. Một ngày đời con có Chúa. Mùa xuân mãi mãi không phai tàn.\r\nMột ngày vọng trông lên Chúa, cùng đích trọn đời con ước mong.\r\nChúa ơi ! xin đỡ nâng hồn con, dìu con những bước chân hy vọng.\r\nBên Ngài hồn con vui sống. Ân tình giờ đã thắm hồng.', 'Một đời lần trong đêm tối, Tình yêu con nay như hao mòn.', 1, 'publish'),
(564, 'bỏ ngài con biết theo ai', 0, '1818/02/27', '1. Bỏ Ngài con biết theo [Dm]ai? Ðời lộng [Gm]gió cánh chim ngàn [A7]khơi\r\nTrùng [Dm]trùng sóng nước mênh [Gm]mông, Thuyền buông [F]lái biết trôi về [A7]đâu\r\nBỏ [D7]Ngài con biết theo [Gm]ai? Bên đời [Bb]kia tương lai khuất [A7]mờ\r\nBước [Dm]đi [C]không [Bb]Ngài đời [A7]con buồn [Dm]tênh\r\n\r\nÐK: Bỏ [D]Ngài con đi với [F#m]ai? Vì Ngài [Bm7]có lời [Em]ban sự [B7]sống\r\nBỏ [G]Ngài thân con héo [Em]hon đời cô [F#m]liêu trên [Bm]chốn dương [A]gian\r\nBỏ [G]Ngài con đi với [A]ai? Ðường xa lắc tương lai mịt [Em]mờ\r\nNào ai dẫn con trên đường [F#m]dài. Bỏ [A7]Ngài con đi với [D]ai ?\r\n\r\n2. Ngài ơi sao bỏ rơi con? Ðể sầu héo tháng năm ngẩn ngơ\r\nNgoài kia đời vẫn xanh mơ. Mặc con chết hắt hiu hồn thơ\r\nNgài ơi sao bỏ rơi con ?. Hỡi Ngài ơi thân con máu đào\r\nChết treo thập hình nào ai buồn thương\r\n\r\n3. Ngàn đời con vẫn tin luôn. Ngài trung tín rất mực từ nhân\r\nNào đâu Ngài nỡ quên con. Hằng đưa lối dẫn theo đường ngay\r\nLạy Ngài dậy bảo con đi. Giữ gìn con trong chân lý Ngài\r\nBước đi bên Ngài đời con bình an', 'Bỏ Ngài con biết theo ai? Ðời lộng gió cánh chim ngàn khơi', 1, 'publish'),
(565, 'lời kinh nguyện trầm', 0, '1818/02/27', '1. [Am]Còn lời nào [F]trầm như lời [C]kinh đêm con dâng [Dm]lên tới [E]Chúa.\r\n[Am]Còn lời nào [F]trầm như lời [C]kinh đêm con dâng [Dm]lên tới [Am]Ngài.\r\nLạy [C]Chúa Ngôi Tình [E]Yêu, con mến [Am]tin cậy [E]nhiều,\r\nxin rộng [G]thương ban cho một [E]đời tươi mới, Chúa [E7]ơi!\r\n[Am]Còn lời nào [F]trầm như lời [C]van xin con kêu [Dm]lên với [E]Chúa.\r\n[Am]Còn lời nào [F]trầm như lời [c]van xin con kêu [Dm]lên với [Am]Ngài.\r\nLạy [C]Chúa con về [E]đây giang cánh [F]tay tội [Am]đày,\r\nxin Chúa [G]thương tha cho cuộc [Em]đời lạc [E]lối Chúa [Am]ơi!\r\n\r\nĐK. [A]Con xin cúi [E]đầu khóc [A]than muôn tội [E]sầu,\r\n[C#m]để rồi từ [D]nay con đoan [E]hứa mãi mãi tin [E7]yêu.\r\n[A]Con xin cúi [E]đầu ướt [F#m]hoen mi lệ [E]trào,\r\n[C#m]nguyện cuộc tình [D]con như hoa [E]nắng vẫn thắm tươi [A]màu.\r\n\r\n2/ Còn đời nào buồn như đời con dân xa quê hương dấu ái.\r\nCòn đời nào buồn như đời con hoang đi lang thang khắp trời.\r\nLạy Chúa Ngôi Tình Yêu, con đã xa một chiều,\r\nxin Ngài thương con khi mỏi rời chân gối,\r\nChúa ơi! Còn tình nào hồng như tình Giê-su xưa hy sinh kiếp sống.\r\nCòn tình nào hồng như tình Giê-su tan thân phơi giữa trời.\r\nLạy Chúa cao vời thay, nhân ái thay tình Ngài,\r\nxin phúc ân cho con ngày ngày được mãi ngất say', 'Còn lời nào trầm như lời kinh đêm con dâng lên tới Chúa', 1, 'publish'),
(571, 'đường thập giá', 0, '1818/03/06', '1. Có một con [Am]đường mà Chúa muốn con [C]đi,\r\nmột con [Am]đường mà Chúa đã đi [G]qua,\r\nmột con [Bm7]đường mang tên Thập [E]giá. [A7]\r\nChúa đã đi [Dm]qua Chúa đã đi [F]qua con đường như thế [C]đó\r\ntừng bước Chúa hiên [E7]ngang Thập giá đến vinh [Am]quang.\r\n\r\nĐK: Con hiểu [Am]rằng đường con sẽ đi [C]qua,con hiểu [E7]rằng trần gian lắm phong [Am]ba,\r\ncon hiểu [F]rằng Tình Chúa vẫn bao [Dm6]la, Chúa cho [B7]con niềm tin và hy [E]vọng.\r\nXin một [Am]đời Thập giá dẫn con [C]đi, xin một [E7]đời vượt qua những gian [Am]nguy,\r\nxin một [F]đời Thập giá vác trên [Dm6]vai, xin một [E7]đời được sống trong Tình [Am]Ngài.\r\n\r\n2.Bước chân trong đời nhiều khi thấy bơ vơ,\r\nlàm sao hiểu đường con đúng hay sai,\r\nvà nơi nào cho con hạnh phúc.\r\nChúa muốn con đi Chúa muốn con đi con đường mang chân lý:\r\nThập giá dẫu đau thương niềm vui sẽ miên trường.\r\n\r\n3. NHững cơn mưa chiều lòng con bổng cô liêu,\r\nđưởng đi nào dạy con biết thương yêu,\r\nđưởng đi nào không vương Thập giá ?\r\nChúa đã đi qua Chúa biết con đây thân phận con yếu đuối\r\nvà Chúa đở nâng con để con bước theo Ngài.', 'Có một con đường mà Chúa muốn con đi', 1, 'publish');
INSERT INTO `song` (`id`, `title`, `slug`, `date`, `content`, `excerpt`, `author`, `status`) VALUES
(572, 'giọt lệ trong lời kinh', 0, '1818/03/06', '1. Những mùa thu đã [Gm]tới,những mùa thu qua [F]đi\r\n[G7] Con van xin [Cm]Ngài làm con chiên ngoan [D7]đạo\r\nRồi những mùa thu [Gm]héo hắt góp từng cơn gió heo [Bb]may\r\nLá [Eb]úa tàn theo gió [D7]bay.\r\nNhững hạt kinh thắm [Gm]thiết đắm chìm trong thu [F]sang\r\nMênh mông dịu [Cm]huyền là giấc mơ hiền [D]hòa\r\nDù những mùa thu đến [Gm]mãi vượt qua cõi không [Bb]gian\r\nTiếng kinh con nguyện [D7]cầu là tâm tư đời hiến [Gm]dâng.\r\n\r\nĐK: Con van xin yêu [G]Ngài làm [Am]con chiên ngoan [Bm]đạo\r\nCon van xin yêu [D7]Ngài dù thu đến hay [G]đi\r\nCon [Bm]van xin yêu [Em]Ngài dù [G]đời bao giông [C]tố\r\nThu sang con nguyện [D7]cầu nguyện dâng chút tình [G]thơ.\r\n\r\n2. Những mùa thu đã tới,những mùa thu qua đi\r\nCon van xin Ngài làm con chiên ngoan đạo\r\nRồi những mùa thu héo hắt góp từng cơn gió heo may\r\nLá úa tàn theo gió bay.\r\nNgắm nhìn thu hiu hắt dẫu thời gian phôi phai\r\nNhưng con tin rằng Ngài thương con vời vợi\r\nRồi những chiều thu nắng tắt ngọt tiếng sáo lên khơi\r\nChắp tay con nguyện cầu thầm mong yêu Ngài mãi thôi.\r\n\r\n3. Đây lòng con thổn thức đôi bàn tay đưa cao\r\nĂn năn tội tình nguyện dâng Cha dịu hiền\r\nTừng ngày dài con ao ước tìm quên những âu lo\r\nXóa tan bao muộn phiền tìm vui với đời hiến dâng.\r\n\r\n4. Những hạt kinh thắm thiết, đấm chìm trong thu không,\r\nMênh mông hiệu duyền, tựa giấc mơ huyền hoặc.\r\nNhẹ bay làn hương thăm ngát, vượt qua cõi không gian,\r\nTiếng kinh con nguyện cầu, là tâm tư đời hiến dâng.', 'Những mùa thu đã tới,những mùa thu qua đi', 1, 'publish'),
(573, 'giờ tử nạn', 0, '1818/03/06', '1. [Dm]Hỡi không [Bb]gian rủ [A7]sương [Dm]mù [Bb]ngàn [C]mây [F]hỡi hãy che khắp trời [A]cao.\r\n[Dm]Ánh kim [Bb]ô vụt [A7]lu [Dm]mờ. [F]Vì thương [Bb]Chúa gánh [Am]muôn nỗi khổ [Dm]đau.\r\n\r\nĐK. [Bb]Ôi bởi [C]con mà [Bb]Chúa mang thảm [Gm]hình. [F]Con đớn [A7]đau nhìn [Dm]vũ trụ tự [A]hối.\r\n[Dm]Xin giúp [Bb]con đường [C]thiêng liêng theo [F]lối. [Am]Quyết từ [Dm]nay thờ [A7]Chúa hết tâm [Dm]hồn.\r\n\r\n2. Xé ra thôi màn che đền và tan vỡ núi cao ngất từng mây.\r\nĐá muôn năm, nào vững bền. Giờ con Chúa tắt hơi núi Sọ đây.\r\n\r\n3. Suối kia ơi, ngừng khơi nguồn và sóng nước hãy yên tiếng vang ngân.\r\nGio1 hôm ơi, ngừng hơi rờn. Vì đây Chúa rét không áo phủ thân.\r\n\r\n4. Hãy tung ra mồ quanh đồi người xưa hỡi, hãy thôi chết dậy mau.\r\nCõi dương gian tạm trông vời. Kia con Chúa chết treo chốn đồi cao.\r\n\r\n5. Đó đây xa gần muôn lòai, cùng im tiếng với tram vẻ sầu bi.\r\nChúng con đây nhìn lên trời. Lòng đau đớn, suối lệ ứa tràn mi.', 'Hỡi không gian rủ sương mù ngàn mây hơi hãy che khắp trời cao.', 1, 'publish'),
(576, 'cha ơi con đã về', 0, '1818/03/07', '1. Một [Am]người ngồi trong [C]nắng. Mắt [Am]buồn đắm lệ [C]tuôn,\r\nngậm [A7]bờ môi cay [Dm]đắng, mơ [G]từng hạt cơm [C]ngon.\r\nNgày [Dm]vui giờ đã [Am]buồn, những cơn say đã [E]tàn,\r\ncòn [G]đâu chiều ca [E]múa đêm lạc [E7]hoan.\r\nNgười [Am]ngồi nghe thương [C]nhớ, ôi [Am]buồn phút quạnh [C]hiu,\r\nnào [A7]người chia cơm [Dm]áo, đâu [G]người hằng thương [C]yêu.\r\nCòn [Dm]chăng người cha [Am]hiền, những [G]đêm thâu ưu [C]phiền,\r\nvề [G]thôi và khẽ [E]nói với cha [A]rằng:\r\n\r\nĐK: Cha [A]ơi nay con đã [F#m]về, tội [A7]đầy cùng thưa với [D]cha.\r\nBao [Bm]nhiêu tháng năm hoang [G]đàng, một [E]lần xin dấu ăn [A]năn.\r\nCon [A]xin làm người tôi [F#m]hầu, trọn [A7]đời bên cha dấu [D]yêu,\r\nrồi [Bm]mai những khi u [E]sầu, con [E7]được tình cha xót thương [A]nhiều.\r\n\r\n2. Một người đi trong gió. Bước lần quãng đường xưa,\r\ntìm về nơi xa đó trút một đời u mê, chiều nay người đã về,\r\nkhóc trong tay cha già, ngậm vui và khẽ nói với cha rằng:', 'Một người ngồi trong nắng. Mắt buồn đắm lệ tuôn', 1, 'publish'),
(582, 'canve chiều buồn', 0, '1818/03/16', '1. Canve chiều [Dm]buồn, một trời hoang xơ [Gm]xác,\r\nCanve chiều [A7]buồn, nịnh giận bóng nhân [Dm]gian,\r\nCan[D7]ve chiều [Gm]buồn, Một Mình Con Chúa [Asus]trời,\r\ngánh lấy tội [A7]đời, để giải thoái con [Dm]người.\r\n\r\nĐK : Canve xưa [Dm]ấy [D7], một mình GIÊ[Gm]SU\r\nhy sinh gánh [C]lấy, tội đời ô [F]nhơ,\r\ntình yêu thương [Gm]đó, bao la vô [A7]bờ,\r\nđã chết vì [Dm]yêu , trần thế hững [A7]hờ.\r\ncon xin hối [Dm]lỗi [D7], tội đời bao [Gm]năm ,\r\nxin thương tha [C]thứ, từng ngày đi [F]hoang,\r\ngiờ đây xám [Gm]hối, ăn năn một [A7]lòng,\r\nnguyện Chúa rủ [Dm]thương, đừng [Am]chấp tội [Dm]con.\r\n\r\n2. Bao nhiêu dập vùi, hình hài ôi đẫm máu,\r\nhy sinh chuộc tội, chịu ngàn nỗi thương đau,\r\nyêu thương loài người, để rồi thân rã rời,\r\nai hay tình Ngài! đã chịu chết đớn đau. :( ..\r\n\r\n3. Thân con mỏi mòn, chẳng còn đâu hơi sức,\r\ncho con nghị lực, để chịu những thương đau,\r\nxin tha tội đời ,vi ngày bao lỗi lầm ,\r\nxin vâng lời Ngài, trọn lời hứa hôm nao.\r\n\r\n4. Cô đơn tủi sầu, một mình Con gánh vác,\r\ntâm can nặng buồn, Vì đời đã vong an,\r\nlê thân miệt mài, mở đường ơn cứu độ,\r\ncho nhân loại được, hưởng nguồn sống vô bờ.', 'Canve chiều buồn, một trời hoang xơ xác, Canve chiều buồn, nịnh giận bóng nhân gian, Canve chiều buồn, Một Mình Con Chúa trời, gánh lấy tội đời, để giải thoái con người.', 1, 'publish'),
(583, 'Xin mãi ngân vang tiếng ca', 0, '1818/03/16', '[Am]Xin cho con đắm say, lời [A7]hát chúc khen danh [Dm]Ngài,\r\n[G]Như chim mê cánh bay, đời [G7]sẽ hát ca đêm [C]ngày\r\nCho tim con ngất [F]ngây, tình Chúa mến không nhạt [Dm]phai,\r\n[E]xin tiếng ca mãi luôn thiết tha thiết [E7]tha.\r\n\r\n1. [Am]Xin cho con hát lên, Tình [A7]Chúa trong cả cuộc [Dm]đời,\r\n[G]Như thu yêu lá rơi, Ngài [G7]mãi yêu thương con [C]người,\r\nCho môi con cất [Fm]lên, và sống như trong lời [Dm]ca,\r\n[E7]để tin mừng loan [Am]xa.\r\n\r\nĐK : [Am]Tiếng hát sẽ đốt cháy, cháy [G]tan bao nhiêu u sầu,\r\n[F]Tiếng hát sẽ chấp cánh, ước [C]mơ bay lên nhiệm màu,\r\n[Dm]Cho không gian muôn màu, [G]Cho hoa thơm ngạt ngào,\r\n[E]Đời dạt dào tươi thắm, với...\r\n[Am]Tiếng hát sẽ dẫn lối, lối [G]cho con tim lạc loài,\r\n[F]Tiếng hát sẽ thắp sáng, sáng [C]lên con tim u hoài,\r\n[Dm]Cho vơi bao nỗi buồn, [g]cho tin yêu về nguồn,\r\n[E]Đời nguyện là nhân chứng Chúa [Am]luôn.\r\n\r\n2. Xin cho con hát lên, về những nỗi đau con người,\r\nXin cho con hát lên, về những sướng vui cuộc đời,\r\nNgân vang xa tiếng ca, lời hát chúc khen tình Cha,\r\nÔi ân tình bao la.', 'Xin cho con đắm say, lời hát chúc khen danh Ngài, ,hư chim mê cánh bay, đời sẽ hát ca đêm ngày, Cho tim con ngất ngây, tình Chúa mến không nhạt phai, xin tiếng ca mãi luôn thiết tha thiết tha.', 1, 'publish'),
(584, 'Hạt giống tình yêu', 0, '1818/03/17', '1.[Am]Nếu hạt lúa mì rơi xuống [C]đất, không chết [Am]đi ,\r\nkhông thối đi thì [F]nó chỉ trơ [C]trọi một mình [E7]thôi.\r\n[Am]Nếu hạt lúa mì rơi xuống [C]đất, mà chết đi mà thối [Am]đi\r\nthì [E7]nó sẽ sinh ra nhiều bông [Am]hạt.\r\n\r\nĐK: Con biết thế, con biết thế, và con [C]muốn con chết [G]đi như hạt lúa [Am]mì. [A7]\r\nCon sẽ [Dm]chết, con sẽ chết, con sẽ chết [F]sẽ chết [C]đi cho anh em [E]con.\r\nVì con bước vào dương thế để làm theo [C]ý Cha đã [G]trao khi dựng vũ [Am]hoàn. [A7]\r\nLà con [Dm]chết, là con chết, là con [F]chết con chết [C]đi cho anh [E]em [Am]con.\r\n\r\n2- Nếu mạnh sống nào nơi dương thế, không chết đi,\r\nkhông thối đi thì nó chỉ trơ trọi một mình thôi.\r\nNếu mạnh sống nào nơi dương thế, mà chết đi mà thối đi\r\nthì nó sẽ sinh ra nhiều bông hạt.\r\n\r\n3- Nếu tình yêu nào nơi dương thế, không chết đi,\r\nkhông thối đi thì nó chỉ trơ trọi một mình thôi.\r\nNếu tình yêu nào nơi dương thế, mà chết đi mà thối đi\r\nthì nó sẽ sinh ra nhiều bông hạt.', 'Nếu hạt lúa mì rơi xuống đất, không chết đi , không thối đi thì nó chỉ trơ trọi một mình thôi. Nếu hạt lúa mì rơi xuống đất', 1, 'publish'),
(585, 'Kinh tin kính', 0, '1818/03/19', '<strong>Tôi tin [D]kính Đức Chúa Trời</strong> :  là Cha phép [G]tắc vô [F#m]cùng dựng [Em]nên [A]trời [D]đất.\r\nTôi tin kính Đức Chúa Giê[Em]su Ki[A]tô là Con [D]Một [G]Đức Chúa [F#m]Cha cùng là [Bm]Chúa chúng [A]tôi;\r\nbởi [D]phép Đức Chúa Thánh [Bm]Thần mà Người [Em]xuống thai [A],\r\nsinh bởi [Bm]Bà Maria đồng [A]trinh: [D]chịu nạn đời quan Phong-xi-[F#m]ô Philatô,\r\nchịu đóng [D7]đinh trên cây Thánh [G]giá, chết và [Bm] táng [D]xác;\r\nxuống ngục tổ [Em]tông, ngày thứ [Am]ba bởi trong kẻ [D]chết [G]và sống [F#m]lại;\r\nlên [D]trời ngự bên [G]hữu Đức Chúa [F#m]Cha phép tắc vô [Bm]cùng;\r\nngày [Em]sau bởi trời lại [D]xuống phán xét kẻ [Bm]sống và [G]kẻ [D]chết.\r\nTôi tin kính Đức Chúa Thánh [F#m]Thần.\r\n[Bm]Tôi tin [A]có Hội Thánh hằng [D]có ở khắp thế [G]này, các [Bm]thánh thông [A]công.\r\n[D]Tôi tin phép tha [F#m]tội. [Bm]Tôi tin xác loài [G]người ngày sau sống [F#m]lại.\r\n[Bm]Tôi tin hằng sống [A]vậy. A[D]men.', 'Tôi tin kính Đức Chúa Trời là Cha phép tắc vô cùng dựng nên trời đất. Tôi tin kính Đức Chúa Giêsu Kitô là Con Một Đức Chúa Cha cùng là Chúa chúng tôi', 1, 'publish'),
(586, 'Xin lỗi Chúa', 0, '1818/03/19', '1. Con [Bm] thường nói yêu [A] thương. Trên [D] trót lưỡi đầu [Bm] môi\r\nCon từng sống phục [G] vụ. Mà [A] tính toán so [D] đo\r\nMiệng [Bm] nói lời [F#m] bao dung. Mà [A] lòng vẫn còn [D] chấp nhất\r\n[G] Dạ muốn sống [A] khiêm nhu. Nhưng môi vẫn gieo rắc [D] kể công\r\n\r\nCon [Bm] chỉ sống yêu [A] thương. Theo [F#m] sở thích riêng con [Bm] mà thôi\r\nKhi vừa ý [G] đạt lòng. Thì [A] con mới [D] cho đi\r\nKhi [F#m] nhàn rỗi thuận [A] lợi. Thì mới phục vụ [D] hy sinh\r\n[G] Khi được đề cao trọng [A] vọng. Con [F#m] mới xả thân [Bm] vì ngài [Bm]\r\n\r\nĐK1: Chúa [A] ơi!.....Sao con còn trần [Bm] gian thế [Bm]\r\nSao [E] con cứ mãi theo Chúa [A] nửa vời [A]\r\nChúa ơi! Nay con thật lòng [D] xin lỗi [D]\r\nXin [E] lỗi Chúa và xin lỗi [F#] anh em. [F#]\r\n\r\n2. Xin dạy cách yêu thương. Luôn khiêm tốn đơn sơ nhiệt tâm\r\nXin dạy cách phục vụ. Bằng tất cả con tim\r\nLời nói và đôi tay. Đều phát xuất từ yêu mến\r\nChẳng tính toán hơn thua. Chẳng kể công, chẳng lo thiệt hơn\r\n\r\nXin đừng để gian nan. Làm chùn bước dấn thân phục vụ\r\nXin đừng để thất bại. Làmnhục chí thoái lui\r\nXin gửi đến cho con. Người khốn cùng cần cứu giúp\r\nXin cũng gửi đến những người. Cùng con đồng tâm phục vụ.\r\n\r\nĐK2: Chúa ơi!....Bên con từng ngày Chúa nhé\r\nCho con thấy Chúa trong mỗi việc làm\r\nGiúp con luôn mở rộng lòng bác ái\r\nGóp tay dựng xây nước Chúa giữa đời\r\nGiúp con luôn mở rộng lòng bác ái\r\nGóp [F#m7] tay dựng [E] xây nước [F#] Chúa... giữa [Bm] đời', 'Con thường nói yêu  thương. Trên trót lưỡi đầu môi. Con từng sống phục vụ. Mà tính toán so đo. Miệng nói lời bao dung. Mà lòng vẫn còn chấp nhất', 1, 'publish'),
(587, 'Kinh đầu lễ', 0, '1818/03/21', '1. Ngày [Gm]xưa trên [D7]đồi Golgo[Gm]tha. Mẹ [Eb]đứng gần bên Thánh [Bb]giá.\r\nMẹ nhìn [Gm]Chúa trút hơi thở cuối đời [Eb]. Mẹ đồng [Gm]công dâng lễ đền [D7]bồi.\r\nGiờ [Gm]đây trên [D7]bàn thờ bao vui [Gm]say. Ðoàn [Eb]con hợp dâng Thánh [Bb]lễ.\r\nNhờ Mẹ [Gm]giúp xác hồn con trắng trong, để xứng [D7]đáng tham dự lễ [Gm]này.\r\n\r\nÐK. Con dâng [Gm]lên Nữ Vương tấm [Eb]lòng nhỏ [Bb]bé, được thật [Eb]tình mến Chúa yêu [D]người.\r\nCho đời [Gm]con trở nên trót [Eb]đời của [Bb]lễ chờ ngày [Gm]về hưởng [D7]phúc trên [Gm]trời.\r\n\r\n2. Nhìn lên bàn thờ ôi thương đau. Thập giá còn lênh láng máu.\r\nMà vì Chúa vẫn chưa thoả mối tình. Còn đòi nơi rượu bánh ẩn mình.\r\nÐoàn con suy về tình yêu bao la. Ðồng dâng lòng tin sắt đá.\r\nNguyện Mẹ giúp con được luôn thiết tha, lòng mến Chúa không hề phai nhoà.', 'Ngày xưa trên đồi Golgotha. Mẹ đứng gần bên Thánh giá. Mẹ nhìn Chúa trút hơi thở cuối đời. Mẹ đồng công dâng lễ đền bồi. Giờ đây trên bàn thờ bao vui say. Ðoàn con hợp dâng Thánh lễ.', 1, 'publish'),
(590, 'Hoan ca phục sinh (Ca tiếp liên)', 0, '1818/03/28', 'ÐK1: Bà Maria [D]ơi, trên đường bà thấy những [Bm]gì,\r\ntrên [G]đường bà thấy những [F#m]gì ? Xin [A]kể cho chúng tôi [D]nghe.\r\nTính [Bm]tang tang tình tình [G]tang [A]tang ố [D]tang.\r\n\r\n1. [G]Tôi là tôi đã [Bm]thấy nấm [D]mồ của Ðức [F#m]Kitô.\r\n[D]Người đã sống lại, và đã ra khỏi [F#m]mồ.\r\nNgười [D]đang là đang [Bm]sống vinh [A]quang, sống vinh [D]quang.\r\n\r\n2. [G]Tôi là tôi đã [Bm]thấy Chiên [D]Con cứu chuộc đàn [F#m]chiên.\r\n[D]Ðức Kitô vô [F#m]tội, đã [A]hòa giải tội [D]nhân,\r\nhòa giải tội nhân với [F#m]Chúa, với [Bm]Chúa là [A]Chúa [D]Cha.\r\n\r\n3. [G]Tôi là tôi đã [Bm]thấy Sống-[G]Chết giao tranh cùng [F#m]nhau\r\ntrong [D]một cuộc đấu diệu kỳ, và tướng lãnh Sự [F#m]Sống đã [G]chết,tuy đã chết [D]đi,\r\nnhưng [Bm]Người đã sống [D]lại, sống [A]lại và trị [D]vì.\r\n\r\nÐK2: Ngợi khen Vua Kitô, sống lại và ra khỏi mồ.\r\nTin Mừng Vượt Qua đây rồi. Phúc trường sinh đến ai ơi.\r\nTính tang tang tình tình tang tang ố tang.\r\n\r\n4. [G]Tôi là tôi đã [Bm]thấy thiên [D]thần làm chứng tỏ [F#m]tường,\r\nkhăn [D]liệm và y phục [G]Người còn [D]nguyên trong mồ [F#m]đá,\r\nnhưng [D]Người đã sống [F#m]lại, và [A]đi trước chư [Bm]vị đến [D]Galilêa, đến [A]Gali[G]lê[D]a.', 'Bà Maria ơi, trên đường bà thấy những gì, trên đường bà thấy những gì ? Xin kể cho chúng tôi nghe. Tính tang tang tình tình tang tang ố tang.', 1, 'publish'),
(593, 'Ca vang lòng thương xót Chúa', 0, '1818/04/06', '1. Con xin ngợi [dm]ca , tôn [f]sùng Lòng Thương Xót [a]Chúa. [d7]\r\nÔi Chúa Giê[gm]su lòng [a7]con tín thác nơi [dm]Ngài.\r\nTôn vinh chẳng [bb]ngơi ân [f]tình Ngài rất nhiệm [c]mầu.\r\nLòng Thương Xót [gm]Chúa trải [a7]dài qua muôn đời [dm]sau.\r\n\r\nĐK: [c]Ôi ! Máu và [bb]Nước đã tuôn trào [a7]ra từ [dm]trái tim Chúa Giê[gm]su.\r\n[dm]Ôi! Tình [c]yêu Ngài luôn thẳm [f]âu, con [am]luôn tin cậy vào [dm]Chúa.\r\n\r\n2. Đây muôn tội con thắm đỏ tựa như giọt máu.\r\nChúa đã yêu thương rửa nên trắng xóa vô ngần.\r\nNay con nhận ra nơi Ngài là suối yêu thương.\r\nNgài luôn thương xót cứu đời con qua trầm luân.\r\n\r\n3. Bao la tình yêu chảy từ Lòng Thương Xót Chúa.\r\nCho đến thiên thu Lòng Thương Xót Chúa vô bờ.\r\nAi đang khổ đau gánh nặng chồng chất trên vai.\r\nHãy mau chạy đến với lòng yêu thương từ nhân.\r\n\r\n4. Ca vang lòng nhân của Ngài : Đại Dương Thương Xót.\r\nXin chiếu ánh quang Lòng Thương Xót Chúa cho đời.\r\nCho con từ đây kết hiệp mật thiết với Ngài.\r\nLòng luôn quy hướng tới nguồn yêu thương thẳm sâu.', 'Con xin ngợi ca , tôn sùng Lòng Thương Xót Chúa. Ôi Chúa Giêsu lòng con tín thác nơi Ngài. Tôn vinh chẳng ngơi ân tình Ngài rất nhiệm mầu. Lòng Thương Xót Chúa trải dài qua muôn đời sau.', 1, 'publish'),
(595, 'Gặp gỡ Đức Kitô', 0, '1818/04/11', 'ĐK : Gặp [f]gỡ đức Kitô biến [dm]đổi cuộc đời [bb]mình\r\ngặp [gm]gỡ đức Ki[c]tô đón [c7]nhận ơn tái [f]sinh\r\nGặp gỡ đức Kitô chân [dm]thành mình gặp [bb]mình\r\ngặp [gm]gỡ đức Ki[c]tô nảy [c7]sinh tình đệ [f]huynh\r\n\r\n1. nguồn [bb]suối nếu bế [gm]tắc thì dòng [am]sông mau cạn [d7]khô,\r\nTình [gm]yêu không Ki[em]tô ôi tình [c7]yêu sao cằn [f]cổi.\r\nVì [bb]chúa chính nguồn [gm]suối nguồn [am]yêu thương vô [d7]biên,\r\nBiển [gm]yêu thương nối [em]liền các hoang [c7]đảo với đại [F]dương.\r\n\r\n2. Cuộc sống kiếp lữ hành, lộ trình xa xôi ôi thật xa,\r\nĐường nguy nan phong ba đơn độc sức hơi kiệt ngã.\r\nKìa bỗng Chúa hiện đến, nhẹ tay nâng đỡ con lên,\r\nỦi an như mẹ hiền chính Ngài chúa bình an.', 'Gặp gỡ đức Kitô biến đổi cuộc đời mình, gặp gỡ đức Kitô đón nhận ơn tái sinh. Gặp gỡ đức Kitô chân thành mình gặp mình, gặp gỡ đức Kitô nảy sinh tình đệ huynh.', 1, 'publish'),
(598, 'lời ca bay cao', 0, '1818/08/06', 'ĐK. [Am](Lời ca bay cao) Lời ca bay [F]cao như hương [G]trầm nghi [Am]ngút [Em]bay lên toà cao [Am]Sang.\r\nTrọn tâm tư dâng [Dm]lên, [C]xác [Am]hồn với [em7]đời ước [Am]mơ.\r\n\r\n1. [F]Trầm, trầm tiếng [Am]ca tình yêu sốt [E7]mến.\r\n[Am]Vương, vương [F]câu hát ngất ngây hương [Am]lòng.\r\n[Dm]Trọn một đời ước [C]mơ [F]thành bài ca tuyệt [Em]vời, kính [F]dâng [E7]lên [Am]Ngài.\r\n\r\n2. Bừng, bừng lửa mến ngày đêm thiêu đốt.\r\nSay men khúc hát thánh ca tuyệt vời.\r\nLòng này bao ước mơ cuồn cuộn như suối nguồn, tiến dâng lên Ngài', 'Lời ca bay cao như hương trầm nghi ngút bay lên toà cao sang. Trọn tâm tư dâng lên, xác hồn với đời ước mơ.', 1, 'publish'),
(601, 'Kinh kính mừng', 0, '1818/08/31', 'Kính [C]mừng Mari[G]a đầy ơn phúc Đức Chúa [C]Trời,\r\n[A7] Đức Chúa [Dm]Trời hằng [G7]ở cùng [C]bà,\r\nbà có phúc [Bb]lạ, ơn phúc [F]lạ, bà [Fm]có ơn phúc [G]lạ,\r\nhồng [D7]ân hơn mọi người [G]nữ.\r\nVà Đức Giê[F]su con lòng [G]bà gồm muôn phúc [Em]lạ Thánh Mari[Am]a, mẹ Đức Chúa [Dm]Trời,\r\nxin [G]nguyện cầu cho chúng con.\r\nLạy Đức Nữ [F]Trinh Mari[G]a, cầu cho chúng [Em]con là kẻ có [Am]tội,\r\ntừ phút giây [Dm]này, đến [G]trong giờ lâm [C]tử.\r\n[F]A-a-[G]-a-[C]men', 'Kính mừng Maria đầy ơn phúc Đức Chúa Trời, Đức Chúa Trời hằng ở cùng bà.', 1, 'publish'),
(602, 'Tâm tình con dâng 5', 0, '1818/08/31', '1. [F]Trong khói hương [C]bay, [Dm]con đến quỳ [C7]đây,\r\n[F]dâng hết cõi [C]lòng và nỗi sướng [Bb]vui trong tâm [C]hồn con [c7].\r\n[Am7]Đường đời muôn lối[Dm], [Gm]có Chúa bên lòng[C],\r\n[Bb]Dù nặng gánh trĩu [C]vai mang chân con [C7]bước trong tiếng cười. [F]\r\n\r\n2. Trong khói bay bay, ccây lá rờn xanh,\r\nmuôn chim ríu rít chào ngày mới cánh tung bay trong trời mây.\r\nMùa màng tươi tốt, cây trái sai cành,\r\nnày nhành lúa trĩu bông, con xin cung kính dâng tiến Ngài.\r\n\r\n3.Trong trái tim con, Thiên Chúa tình thương,\r\nkhông gian với khắp trời và đất tấu vang lên câu ngợi ca.\r\nTình Ngài sâu thẳm, con biết dâng gì,\r\nmột ngày mới nắng lung linh, con cung kính dâng tiến Ngài.\r\n\r\n[Bb]Và cuộc sống [C]mới hôm nay con cung [C7]kính dâng tiến [F]Ngài.\r\nVà cuộc sống ở tương lai con cung kính dâng tiến Ngài', 'Trong khói hương bay, con đến quỳ đây, dâng hết cõi lòng và nỗi sướng vui trong tâm hồn con.', 1, 'publish'),
(603, 'Tâm tình con dâng 4', 0, '1818/08/31', 'Này đây tấm [F]bánh trắng, cùng rượu nho thơm [Dm7]nồng\r\nBữa tiệc ly ngày [Gm]xưa ấy, Chúa dâng lời tạ [C7]ơn.\r\nNào ai được [F]thấu đáo ? [Bb] Ý cao siêu nhiệm [Dm7]mầu.\r\nMà lòng Cha đầy [Gm]thương yêu[C], truyền lại cho muôn đời [F]sau.\r\nGiờ đây hiệp [Bb]dâng lên, bánh rượu nên tinh [Am7]tuyền, [D7]\r\nnên thần lương cao [Gm]vời, Chúa ngự trị trong [C7]tôi.\r\nNgàn muôn triệu [Bb]con tim,[Gm] hướng vể nơi thánh [Am]điện [D7]\r\nnâng hồn lên coi [Gm]vô biên, phút giây đượm thần [C]thiêng.', 'Này đây tấm bánh trắng, cùng rượu nho thơm nồng. Bữa tiệc ly ngày xưa ấy', 1, 'publish'),
(604, 'Tâm tình con dâng 3', 0, '1818/08/31', '[D]Dâng lên, này con dâng lên [F#m]. Lời kinh câu [Em]ớc nguyện. [Em7]\r\nCủa lễ rất [A]vẹn tuyền Cùng bao mơ [D]ước, rất dễ [A]thương\r\n[D]Hương thơm, quyện lời ca bay[F#m] Toả lan trong [Em]đất trời [Em7]\r\nÔi Chúa trên [A]cao vời Nguyện thương nhận [D]lấy,\r\nChớ chấp [A]chi, ...[D]con đây.[D7]\r\n[G]Cha khoan nhân đầy vị tha, [Gm]yêu thương ta đành hiến [D]thân\r\n[F#m]rửa tội đời bao xót [G]xa để [Em]ta nên con Ngài mãi [A]mãi\r\nThì [G]nay con dâng hết lên [F#m]Chúa, trọn tuổi xuân và cuộc sống đi [Bm]tới.\r\nMọi công [G]lao, kết nên bao [F#m]đoá hồng, mọi hy [G]sinh, kết nên sâu [Bm7]chuỗi ngọc [A]Dâng...... [G]Ngài..... [Gm].........[D]', 'Dâng lên, này con dâng lên, lời kinh câu ước nguyện. Của lễ rất vẹn tuyền cùng bao mơ ước, rất dễ thương', 1, 'publish'),
(605, 'Tâm tình con dâng 2', 0, '1818/08/31', '1. [Dm]Chúa vẫn biết thân [Gm]phận của con, được [C]khai sinh nên trong [F]đất tro bụi,\r\nvì [Gm]yêu nên Cha thương [Dm]nắn hình hài, thổi [Em]hơi đột biến đời [A]con.\r\n[Dm]Gió cuốn gió xoay [Gm]vần thời gian, Và [C]con nên khôn nên [F]lớn từng ngày,\r\nđược [Gm]Cha thương yêu nuôi [Dm]dưỡng xác hồn, tình [A7]yêu ôi rất diệu [Dm]kỳ.\r\n\r\nĐK1 : [A]Nay con đây dâng [Dm]gì lên Chúa, này [C7]bánh trắng trong sạch [F]tinh,\r\nLà [D7]bao lao công trên ruộng [Gm]đồng, Tháng [Em]ngày thành lúa thành [A7]bông.\r\nLiên kết với [Em]Ngài (Hm....)[A7] dâng hết sác [Dm]hồn (Hm....)[Bb]\r\nMột tiềm cậy [Gm]tin, tháng [A7]năm son sắc còn [Dm]hoài.\r\n\r\n2. Sức sống vẫn dâng đầy trong con, dù qua bao nhiêu năm tháng lao nhọc,\r\nđược Cha thương yêu lo lắng quan phòng, tình Cha ôi thật cao quý.\r\nNước mắt với bao giọt mồ hôi, là hoa tươi hương thơm lúa đơm bông,\r\nbàn tay con đây mưa nắng bao ngày, Ngài thương chớ chấp phận hèn.\r\n\r\nĐK2 : Nay con đây dâng gì lên Chúa, giọt nước biến trong rượu nho,\r\nHồn lâng lâng say trong tình Ngài, đong đầy bằng suối tình yêu.\r\nLiên kết với Ngài (Hm....) dâng hết sác hồn (Hm....)\r\nMột tiềm cậy tin, tháng năm son sắc còn hoài.', 'Chúa vẫn biết thân phận của con, được khai sinh nên trong đất tro bụi,', 1, 'publish'),
(606, 'Tâm tình con dâng 1', 0, '1818/08/31', '1. Với [D]bao tâm tình này con kính [a]dâng lên Ngài,\r\nđời [Em]con đây tiến [A]dâng lên Ngài tất cả.\r\nChúa [D]luôn ở cùng dù bao khổ [Em]đau trên đời\r\nvụt [Bm]tan đi ánh [A]dương chiếu soi bình [D]an\r\n\r\nĐK. Kỳ [G]công Cha ban cho [F#m]thế giới lãnh phúc [A]ân bao la tuyệt [D]vời,\r\nnày con [G]dâng lên Cha bánh thơm sạch [A]tinh,\r\nlòng [G]Cha bao dung như [F#m]suối nước mát tưới [A]tiêu cho xanh ruộng [D]đồng,\r\nnày rượu [G]thơm con dâng [Em]dám mong Cha nhận [G]cho [D]\r\n\r\n2. Trái thơm ngọt lành này con kính dâng lên Ngài,\r\ncùng bao nhiêu trái tim mang đầy nhiệt huyết,\r\ntiếng ca tiếng cười cùng bao nỗi vui nỗi buồn.\r\nNgài khoan dung dám mong xin Ngài nhận cho', 'Với bao tâm tình này con kính dâng lên Ngài, đời con đây tiến dâng lên Ngài tất cả.', 1, 'publish'),
(608, 'lên đền thánh 2', 0, '1818/09/29', '1. Nhịp nhàng vui [Am]bước đi lên [G]đền Thánh [C]Ngài.\r\n[F]Dâng câu ca [Dm]ngợi tình thương [G]Chúa chan [C]hòa.\r\n[F]Đây con dâng [Em]Ngài lòng thành tin [Am]mến thiết [G]tha.\r\nThu qua đông [Em]tàn lòng thành quyết không phai [A]nhòa.\r\n\r\nĐK: Về nhà [A]Chúa ôi lòng đầy rộn rã, Cất câu [F#m]ca con thấy lòng an hòa.\r\n[A]Trong tình yêu của Thiên Chúa là [E7]Cha. [D]Con cảm [E]tạ ôi tình Cha muôn [A]vàn.\r\n\r\n2. Này tình yêu Chúa qua sông dài biển rộng.\r\ntheo con miệt mài từ muôn khắp nẻo đường\r\nYêu thương Chúa hằng gìn giữ con sớm hôm.\r\nCho con mỗi ngày được gần Chúa trong nhà Ngài.\r\n\r\n3. lòng đầy vui sướng bước vào nhà Chúa Trời.\r\nvui thay cuộc đời được bên Chúa rạng ngời.\r\nĐây muôn tâm hồn vọng về Chúa , Chúa ơi !\r\ntin yêu suốt đời phụng thờ Chúa mãi không rời.', 'Nhịp nhàng vui bước đi lên đền Thánh Ngài. Dâng câu ca ngợi tình thương Chúa chan hòa.', 1, 'publish'),
(609, 'cùng dâng', 0, '1818/09/29', '1. Cùng [D]dâng này bánh [Bm]miến rượu [E7]nho lao công con [A7]người.\r\nMồ [D]hôi và nước [Bm]mắt cùng [E7]những lắng lo buồn [A]vui.\r\nLạy [D]Chúa ! Thân xác con [F#m]đây yếu đuối bao [E7]phen ôi thật mỏng [A]manh.\r\nĐời [G]con chỉ có đôi [F#m]tay nhỏ bé dâng [A7]lên lễ dâng đời [D]con. [A7]\r\n\r\nÐK: Nguyện Ngài nhận [D]cho, của [Bm]lễ thành kính con [G]dâng. [Em]\r\nTựa làn trầm hương tỏa lan tòa Chúa cao [A]quang. [A7]\r\nNguyện ngài nhận [D]cho lời [Bm]hát hòa tiếng du [G]dương. [E]\r\nCùng triều thần thánh, ngợi [A7]khen Thiên Chúa chí [D]tôn.\r\n\r\n2. Cùng dâng cả thế giới chìm trong thê lương hận thù,\r\nKhổ đau và tan tác cuộc chiến diễn ra ngày đêm.\r\nLạy Chúa ! Thế giới hôm nay thiếu vắng yêu vui ôi thật thẩm thương.\r\nGiờ đây sám hối ăn năn tha thiết dâng lên lễ dâng trần gian.', 'Cùng dâng này bánh miến rượu nho lao công con người. Mồ hôi và nước mắt cùng những lắng lo buồn vui', 1, 'publish'),
(610, 'chia sẻ', 0, '1818/09/29', '<p style=\"text-align: right;\">Nhạc : nước ngoài\r\nLời Đức Dũng</p>\r\n1. Lạy [Dm]Cha khi con bao [C]lần gặp gỡ [Dm]mọi người. [Dm]__[C]__[Bb] Anh em [C]cùng nhìn [F]nhau bấy [A]lâu.\r\nXin [Dm]Cha soi [D7]sáng cho [Gm]con biết xét [F]suy giống như [C]Người,\r\n[F]bằng [Dm]ánh măt [C]Cha đầy từ [Dm]nhân, cho [C]con nhìn [Em]với mắt [Em]Cha đầy từ nhân. [Dm]\r\n[Bb]Ôi [C]con muốn [F]được như [Dm]Cha hiền. [Bb]Biết [C]suy biết [F]nhìn giống [C]như Người nhìn con, [Dm]\r\nmắt [C]Cha đầy từ [Dm]nhân, mắt [C]Cha đầy từ [Dm]nhân. [A7]\r\n\r\n2. Lạy Cha khi con bao lần gặp gỡ mọi người. Thương cho đời khổ đau bấy lâu.\r\nXin cho con lấy yêu thương sớt chia với mối u sầu,\r\nnguyện ước với đôi bàn tay Cha, cho con nhìn với mắt Cha đầy từ nhân.\r\nÔi con muốn được như Cha hiền. Đau buồn xoa dịu với đôi bàn tay Cha,\r\nChúa ban bàn tay Cha, có đôi bàn tay Cha.\r\n\r\n3. Lạy Cha khi con bao lần tìm đến mọi người, khi muôn hận thù ngăn lối đi,\r\nXin Cha cho trái tim con thắng vươn lên trên u sầu,\r\nmặc lấy chính tâm hồn của Cha, cho con nhìn với mắt Cha đầy từ nhân.\r\nÔi con muốn được như Cha hiền. Khấn xin Chúa Trời trái tim hiền của Cha,\r\nTrái tim đầy yêu thương, trái tim đầy yêu thương.\r\n\r\n4. Lạy Cha khi con âm thầm cuộc sống một mình, chung quanh toàn người thân với con.\r\nXin Cha soi sáng trong con ánh vinh quang phúc an bình,\r\nNguyện Chúa đoái ban tình yêu Cha, cho con nhìn với mắt Cha đầy từ nhân.\r\nÔi con muốn được như Cha hiền. Biết tha thứ hoài, biết yêu tựa như Cha,\r\ntrái tim đầy yêu thương, giống như tình yêu Cha.\r\n\r\nEnd : biết yêu tựa như Cha, biết yêu người không yêu.', 'Lạy Cha khi con bao lần gặp gỡ mọi người. Anh em cùng nhìn nhau bấy lâu', 1, 'publish'),
(611, 'cung chúc trinh vương', 0, '1818/09/29', '1. [Dm]Cung chúc trinh [F]vương không [Bb]hề [A7]nhiễm tội [Dm]truyền.\r\nThật [F]mẹ là mẹ Thiên [Bb]Chúa . Mẹ khiết [Gm]trinh trọn [A]đời\r\n[Dm]Cung chúc trinh vương là [Bb]kho tích ơn [Am]thiên.\r\nMẹ [Dm]đã hy sinh lập [F]công, để cứu [Bb]chuộc [A]nhân [Dm]loại.\r\n\r\nĐK : Mẹ mari[F]a ai là [A7]không được mẹ thương [Dm]đến. Khốn thay nhân [Bb]loại mê đắm [C]nên lãng quên\r\n[Dm]Mẹ Fati[F]ma con nguyện [A7]xin đền tạ yêu [Dm]mến. Muốn hy sinh [Bb]nhiều yên ủi mẹ [A]khỏi ưu [Dm]phiền.\r\n\r\n2. Cung chúc Trinh Vương, Mẹ quyền phép khôn lường.\r\nVì Mẹ đầy ơn Thiên Chúa, Mẹ Nữ Vương muôn loài.\r\nCung chúc Trinh Vương Mẹ nhân ái yêu thương,\r\nMẹ cứu giúp ai lạc bước, ai khốn khổ trên đời.\r\n3. Con muốn van cung với Thần Thánh trên Trời\r\nVà bao người lành dưới thế ngợi chúc Mẹ Thiên Đình.\r\nCung chúc Trinh Vương chiều hôm với ban mai\r\nCon muốn mến yêu Mẹ mãi, con mến yêu thật tình.', 'Cung chúc trinh vương không hề nhiễm tội truyền. Thật mẹ là mẹ Thiên Chúa . Mẹ khiết trinh trọn đời', 1, 'publish'),
(612, 'Chạm lòng con', 0, '1818/10/03', 'Chạm lòng [C]con Chúa [A7]ơi, ngay giờ [Dm]này\r\nChạm lòng [F]con để con không xa [C]Ngài\r\nChạm lòng [C]con Chúa [A7]ơi, ngay giờ [Dm]này\r\nChạm lòng [F]con để con say mê [C]Ngài.\r\n\r\nĐK: Vực con vươn [Am]lên khỏi chốn tối tăm tuyệt [Em]vọng\r\nVực con vươn [F]lên khỏi [G]nghi sợ và sầu [G7]não\r\nThì con sẽ [F]hát chúc tán ngợi khen Danh [Em7]Chúa [Am7]\r\nXin Thần Linh [Dm7]đến chạm [G7]vào con ngay Chúa [C]ơi!\r\n\r\nChạm lòng con Chúa ơi, ngay giờ này\r\nChạm lòng con để con luôn tin Ngài\r\nChạm lòng con Chúa ơi, ngay giờ này\r\nChạm lòng con để con luôn yêu Ngài.', 'Chạm lòng con Chúa ơi, ngay giờ này, chạm lòng con để con không xa Ngài', 1, 'publish'),
(614, 'Mừng chào mùa xuân', 0, '1919/02/04', '1. Hòa lời tụng [A]ca mừng [E7]tân niên Chúa [A]ban. [Bm]\r\nMột mùa xuân mới tràn [E7]thắm muôn hồng [A]ân.\r\nNgười hân hoan vì [C#m]Ngài ban năm [F#m]tháng. [Bm]\r\nHát khen danh [E7]Ngài là Chúa của thời [A]gian.\r\n\r\nĐK: Hãy đến cảm mến Chúa Trời.[F#m] ban cho xuân [Bm]tươi rạng ngời. [E7]\r\nĐẹp màu hồng ân đầy dư muôn sức [A]sống.\r\nHãy cất tiếng hát vang lừng. [F#m] Như muôn chim [Bm]non trên đồng. [F]\r\nMừng chào mùa xuân về dâng hương ngát [A]thơm.\r\n\r\n2. Nguyện tình Ngài ban tràn lan như sắc xuân.\r\nNhuần gội hồn thơ sạch nhớp nhơ tội khiên.\r\nCuộc đời ngày mai ngời lên bao tươi sáng.\r\nSống vui bên Ngài là Chúa Xuân bình an.\r\n\r\n3. Lòng người chờ mong một mùa xuân ấm êm.\r\nTrường tồn vinh phúc bền vững theo thời gian.\r\nThầm lời nguyện xin một mùa xuân tươi mới.\r\nSắc hương muôn đời còn chẳng khi nào phai.', 'Hòa lời tụng ca mừng tân niên Chúa ban. Một mùa xuân mới tràn thắm muôn hồng ân.', 1, 'publish'),
(616, 'từ trong đám mây', 0, '1919/03/16', '1. Từ [Dm]trong đám mây sáng chói, có [Bb]tiếng Chúa [C]Cha phán [F]rằng: Đây [Dm]là con Ta yêu dấu, các [Gm]ngươi hãy [Am]nghe lời [Dm]Người.\r\n\r\nĐK : Lời [D]Người là chân lý, là ánh sáng dẫn đưa con [G]người. Cất bước theo [A]Người ta không lầm đường lạc [D]lối. Lời [Em]Người là chân lý, là ánh [A]sáng dẫn đưa con [D]người. Cất bước theo [A]người ta đi về quê phúc [D]vinh.\r\n\r\n2. Đời ta tư bề sóng gió, có Chúa đỡ nâng suốt đời lo gì gian nan nguy khó, vững tin ở nơi danh Ngài.', 'Từ trong đám mây sáng chói, có tiếng Chúa Cha phán rằng: Đây là', 1, 'publish'),
(617, 'Maria mẹ của con', 0, '1919/03/23', '<p style=\"background: white; margin: 4.5pt 0in 4.5pt 0in;\"><span style=\"font-family: \'Open Sans\',sans-serif;\">1. Mari[Dm]a ngày xưa [F]ấy quỳ bên [F]Con xác thân hao [Dm]gầy. [D7]\r\n</span><span style=\"font-family: \'Open Sans\',sans-serif;\">Mari[Gm]a ngày hôm [Bb]nay, mời gọi [Am]con quyết tâm đổi [Dm]thay.</span></p>\r\n<p style=\"background: white; margin: 4.5pt 0in 4.5pt 0in;\"><span style=\"font-family: \'Open Sans\',sans-serif;\">ĐK: Mẹ của [Bb]con Mari[F]a phút cuối [Am7]cùng tiễn Con chiều [Dm]xưa, [D7]</span><span style=\"font-family: \'Open Sans\',sans-serif;\">\r\nlòng đau [Gm]xót thấy [Bb]Con trên thập giá [A7]buồn nhục [Dm]thân</span></p>\r\n<p style=\"background: white; margin: 4.5pt 0in 4.5pt 0in;\"><span style=\"font-family: \'Open Sans\',sans-serif;\">2. Năm xưa trên đồi Can-vê, lệ rưng rưng khóe mi tràn trề,\r\nbao đau thương hằn in sâu, Mẹ lặng yên đón những khổ đau.</span></p>\r\n<p style=\"background: white; margin: 4.5pt 0in 4.5pt 0in;\"><span style=\"font-family: \'Open Sans\',sans-serif;\">3. Ma - ri - a đầy nhân ái, Mẹ cao sang trước nhan thánh Ngài.\r\nUy danh vang tận trời cao, Mẹ hiển vinh đến muôn ngàn sau.</span></p>\r\n<p style=\"background: white; margin: 4.5pt 0in 4.5pt 0in;\"><span style=\"font-family: \'Open Sans\',sans-serif;\">4. Ma - ri - a Mẹ của con, đầy yêu thương cánh tay giang rộng.\r\nLuôn bên con đầy khoan dung, Mẹ ở bên đến giây tận cùng.</span></p>', 'Maria ngày xưa ấy quỳ bên Con xác thân hao gầy. Maria ngày hôm nay,', 1, 'publish'),
(625, 'trở về với cha', 0, '1919/03/30', '1. Đi hoang ngày [Bm]qua, phung [B7]phá ăn [Em]chơi nơi miền xa, vui men rượu [A]cay. [A7] Quên hết trong [D]đam mê tình say [F#m], đốt trọn tháng [Bm]ngày. [B7] Hết rồi những [Em]đêm tìm vui,[A] bạn bè gian [D]dối. [F#m]\r\nMưa trong chiều [Bm]rơi, tê [B7]tái mưa [Em]rơi trong lòng lôi, lang thang đường [A]đêm. [A7] Lê gót tha [D]phương nghe buồn thêm[F#m], ai hiểu nỗi [Bm]niềm. [B7] Mái nhà ấm [Em]êm, có [F#m]mong người con trở [Bm]về.\r\n\r\n2. Bao nhiêu ngày qua, Cha vẫn trông con nơi miền xa, nay con về đây , quên hết trong bao la vòng tay ôm trọn thân gầy. tim nhịp tiếng vui lệ rơi, nghẹn ngào không nói.\r\nÔi trong chiều nay, êm ấm vui sao trong nhà ai, vang cung đàn ca. Con mất nhưng nay Cha tìm ra, chết đã sống lại. Hỡi người đứa con hoang đàng, cùng tôi trở về\r\n\r\nĐK: [D]Phạm [E]tội [F#]cùng [Bm]Cha từ nhân, năm tháng đi [A]hoang lầm than. Cay đắng ăn [G]năn nài van, Cha đoái thương [F#7]nhận. Người [E]con [F#]không [Bm]đáng là con, tha cho tội [G]lỗi ngày qua. Quên đi [F#]lầm lỡ ngày qua ! con về với [Bm]Cha.', 'Đi hoang ngày qua, phung phá ăn chơi nơi miền xa, vui men rượu cay. Quên hết trong', 1, 'publish'),
(628, 'bánh miến tinh tuyền', 0, '1919/05/18', '1. Xin dâng [Dm]lên, đây rượu nho bánh miến thơm [F]nồng xin dâng [Gm]lên đây tuổi [C]thơ ước mơ thắm [A7]hồng [Dm]. Bao tinh hoa nơi đồng xa lúa chín nương [F]đồng. Dâng lên [Gm]Cha bao mồ [Am]hôi chất chứa tình [Dm]thương.\r\nĐK : Nguyện dâng Thiên Chúa chí [Bb]nhân, con nay [C]đâu có gì xứng [F]cân. Đây hương [Gm]hoa, bánh thơm rượu [C]ngon, xin dâng [A7]lên với bao tâm [Dm]hôn.\r\n2. Con xin dâng bao khổ đau với những u sầu, trong đêm thâu bao lệ dâng ướt mi tuôn trào. Xin Cha thương đón nhận cho hiến lễ chân thành. Bao đau thương bao buồn vui hiến dâng trọn tình.\r\n3. Đây câu ca, đây trầm hương kính tiến lên Ngài. theo hương hoa đưa hồn con vút lên thánh đài. Dâng lên Cha bao ngày qua những phút an hòa. Dâng tân toan, dâng sầu vương tháng năm lệ sa.', 'Xin dâng lên, đây rượu nho bánh miến thơm nồng xin dâng lên đây tuổi thơ ước mơ thắm hồng. Bao tinh hoa nơi đồng xa lúa chín nương đồng.', 1, 'publish'),
(630, 'Đâu có tình yêu thương', 0, '1919/05/18', 'ĐK. [G]Đâu có tình yêu thương ở [Em]đấy có Đức Chúa [Bm]Trời. [Am]Đâu có lòng từ bi là [Dm]đấy có ân sủng [G]Người. [Em]Đâu có tình bác ái thì [Am]Chúa chúc lành không [D]ngơi. [Am]Đâu ý hợp tâm [Bm]đầu ở [D]đấy chứa chan nguồn [G]vui.\r\n\r\n1. [Gm]Nài xin tha thiết Thượng [Bb]Đế muôn tình lân ái. [D7] Xin hãy đổ [Gm]tràn linh [Bb]hồn tình [Eb]yêu thiết [D]tha. [Gm] Yêu Chúa hết [Bb]lòng hết sức, hết cả trí [D]khôn. [D7] Cùng yêu anh [Gm]em như [D7]Chúa mến yêu chúng [Gm]con.\r\n\r\n2. Nguyện xin Thiên Chúa đoàn kết muôn người một ý. Xin hãy duy trì trí lòng hòa hợp mến yêu. Diệt tan căm thù, chia rẽ, oán hờn, ghét ghen. Gìn giữ đức ái yêu Chúa mến thương anh em.', 'Đâu có tình yêu thương ở đấy có Đức Chúa Trời. Đâu có lòng từ bi là đấy có ân sủng Người. Đâu có tình bác ái thì Chúa', 1, 'publish'),
(632, 'hòa khúc tạ ơn', 0, '1919/06/01', '[Bm]Này ! là bánh [G]thơm, rượu nho [Em7]lành khấn nguyện [A]xin, [F#7]Chúa hãy nhận [Bm]cho.\r\n1. Kính dâng [D]Ngài này bánh [Em]thơm rượu nho [A]lành bàn [D]tay giọt [Em]mồ hôi thành của [D]lễ. [B7] Dâng Chúa tình [Em]yêu đây tâm [A7]hồn sự sống của [D]con. Chính tay [Bm]người hiệp với lòng [Em]Cha dâng lên [A]Ngài Chúa tình [D]yêu, [C] của lễ ngàn [D]dâng, [C] cùng bánh rượu [F#]nho.\r\n2. Nỗi u hoài ngày tháng qua, xin dâng Ngài từ lâu thấm nguyện xin Ngài thương đến. Dâng Chúa lời ca, tương lai này hạnh phúc đời con trong tay Ngài hòa khúc tạ ơn Cha nhân từ Chúa tình yêu, thành kính nguyện dâng, cùng bánh rượu nho.\r\nĐK : Này của [Bm]lễ, xin tiến [F#m]dâng. Nguyện dâng [Bm]lên, Cha chí [F#m]nhân, Chúa tình [Bm]yêu.', 'Này ! là bánh thơm, rượu nho lành khấn nguyện xin, Chúa hãy nhận cho. Kính dâng Ngài này bánh thơm', 1, 'publish'),
(633, 'chúa về trời', 0, '1919/06/01', 'ĐK: Muôn cung [C]đàn tấu lên ca [Am]mừng, mừng [F]Chúa từ nơi dương [C]thế, ngự [Am]lên chốn thiên [G]cung. khắp cõi [G]trần bừng [C]vui [D]vang lên [G]lời ca [F]ngợi, mừng [G]Chúa từ nơi dương [Am]thế, ngự [Em]lên chốn thiên [C]cung.\r\n1. Chúa đã về cõi trời cao [Em]sang, xin [F]ban bình an [G]cho khắp nhân [C]trần. Để ngày sau chúng con cùng [Em]nhau, được [C]vui trên nước [Am]Chúa [G7]muôn [C]đời.\r\n2. Chúa đã về cõi trời cao sang, xin cho đoàn con luôn biết tín thờ. Lòng hỷ hoan sướng vui cùng nhau, ngợi ca Danh Thánh Chúa muôn đời.', 'Muôn cung đàn tấu lên ca mừng, mừng Chúa từ nơi dương thế, ngự lên chốn thiên cung. khắp cõi trần bừng vui vang lên lời ca ngợ', 1, 'publish'),
(634, 'chúa ngự lên (tv 46)', 0, '1919/06/01', 'ĐK. [Bm]Chúa ngự [A]lên, [Em]Chúa ngự [F#]lên, [A]giữa tiếng hát tiếng [F#7]reo mừng [Bm]vui. [G]Hát lên [Em]nào, [F#]hát lên [Bm]nào. [D]Hát kính Chúa khúc hát tân [Bm]ca.\r\n1. Vỗ tay [Em]đi nào [G]muôn dân [A]hỡi. [Bm]Mừng Thiên Chúa [E7]hãy cất tiếng hò [A]reo. [Bm]Vì Đức Chúa [G]là Đấng Tối [F#]Cao, [Em]là Vua thống [G]trị [F#]địa [Bm]cầu.\r\n2. [B7]Thiên Chúa ngự lên [Em]rộn rã tiếng hò [F#]reo. [A7]Thiên Chúa [D]ngự lên [F#]vang dội tiếng tù [Bm]và. [E7]Hãy hát [A]lên, [A7]hãy đàn [D]lên. [F#]Mừng kính Chúa đất [Bm]trời.\r\n3. [B7]Thiên Chúa là vua [Em]toàn cõi địa cầu. [F#7]Hãy dâng [Bm]Ngài khúc [Em]ca tuyệt [A]mỹ. [D]Ngài là vua thống [G]trị chư [Em]dân, [F#m]là Thiên Chúa ngự [Bm]chốn uy linh.', 'Chúa ngự lên, Chúa ngự lên, giữa tiếng hát tiếng reo mừng mui. Hát lên nào, hát lên nào. Hát kính Chúa khúc hát tân ca.', 1, 'publish'),
(636, 'về bên Chúa', 0, '1919/07/07', 'ĐK: Tôi vui [G]mừng tiến bước về nhà [Am]Cha. Gieo cung [Em]đàn thắm thiết [Am]lời ngợi [G]ca. Ôi bao lần lòng này luôn mơ [C]ước. Xin nương [D]mình vào lòng Chúa bao [G]la. Cho ân [Em]tình còn đẹp [E7]mãi màu [Am]hoa. Như cung [D7]nhạc tìm được những vần [G]thơ.\r\n\r\n1/ Chúa kêu [Em]mời con [D]bước lên đường. Về với [D7]Chúa suối nguồn tình [G]thương.\r\n\r\n2/ Cúi xin Ngài hợp nhất muôn người. Một lòng trí mến yêu tràn vui.', 'Tôi vui mừng tiến bước về nhà Cha. Gieo cung đàn thắm thiết lời ngợi ca. Ôi bao lần lòng này luôn mơ ước', 1, 'publish'),
(637, 'Tựa làn trầm hương', 0, '1919/07/07', '<b>1. </b>Tựa làn trầm [G]hương thơm [Em]bay về thiên [D7]đường. [G]Nguyện tình yêu [B7]Chúa thánh [Em]hóa cho lễ [D7]dâng. [G]Đây bánh thơm [C]nồng, [D7]đây chén rượu [G]hồng, làm thành lễ [Bm]vật dâng [D]về Cha chí [G]nhân.\r\n\r\n<b>ĐK.</b> Chúc tụng [Em]Ngài là [Am]Chúa tể càn [Bm]khôn, [Am]Đã rộng [D]tình nuôi [D7]sống con từng [G]ngày. Chúc tụng [Em]Ngài là [Am]Chúa khắp mọi [Bm]nơi, [Am]Chúc tụng [D]Ngài mãi [D7]đến muôn muôn [G]đời.\r\n\r\n<b>2.</b> Một niềm thành tâm xin dâng trọn xác hồn, Nguyện từng ngày tháng Chúa thắp lên niềm tin. Cho ước mơ hồng, đẹp lứa tuổi xuân, cuộc đời mai ngày xin Ngài thương đỡ nâng.\r\n\r\n<b>3. </b>Hòa lời trầm ca cao bay về chín tầng. Ngợi mừng danh Chúa đã khứng ban hồng ân. Muôn tiếng tơ đàn, giọng hát nhịp nhàng, làm thành lễ vật dâng về Cha chí nhân.', 'Tựa làn trầm hương thơm bay về thiên đường. Nguyện tình yêu Chúa thánh hóa cho lễ dâng.', 1, 'publish'),
(640, 'hãy sẵn sàng', 0, '1919/08/10', '1. Nếu một [A]mai ta xuôi [F#m]tay nhắm mắt lìa [Bm]trần, ta mang [E]theo, mang được những [A]gì? Hay chỉ [Bm]là trần trụi trước thiên [E]nhan.\r\nNếu giờ [A]đây ta xuôi [Bm]tay giã từ cuộc [F#m]sống, bao nhiêu công lao hay tội [C#m]lỗi sẽ [E7]được Thiên Chúa phân [A]minh.\r\n\r\nĐK: [A]Hãy sẵn [D]sàng, [E7]Hãy sẵn [A]sàng, vì [Dm]giờ Thiên Chúa [Bm]đến là [E7]lúc không ai [A]ngờ.\r\n[A7]Hãy ăn [D]năn, [E7]hãy tỉnh [D]thức, vì [D]giờ Thiên Chúa [Bm]đến, như kẻ [E7]trộm đến giữa đêm [A]khuya.\r\n\r\n2. Kiếp phù sinh mây đam mê giăng lối đường về, ta quên đi bao lời ước thề, năm tháng dài miệt mài với u mê.\r\nNếu ngày mai, khi thân ta trở về bụi đất, bao nhiêu vinh hoa ta cũng mất, hai bàn tay trắng bơ vơ.\r\n\r\n3. Tháng ngày qua, như mây trôi theo gió chiều về, nghe không gian u buồn não nề, ôi kiếp người là một thoáng mây bay.\r\nHỡi người ơi, ham mê chi thế trần phù phiếm, bao năm công lao ta tìm kiếm có được chi trước thiên nhan.', 'Nếu một mai ta xuôi tay nhắm mắt lìa trần, ta mang theo, mang được những gì? Hay chỉ là trần trụi trước thiên nhan.', 1, 'publish'),
(641, 'Giai khúc dâng tiến 3', 0, '1919/08/16', '[Có thể sử dụng <strong>surf</strong> trong bài hát này * gợi ý từ tác giả <strong>Giang Tâm</strong>]\r\n\r\n1. [C]Xin dâng Chúa tấm bánh [Am]này, là [Dm7]công lao bao tháng ngày. [G] Từ [Em]bao bông lúa khắp bốn [F]phương, kết [D/F#]thành tấm bánh trắng khiết [G7]tinh dâng lên.\r\n[C]Xin Dâng Chúa chèn rượu [Am]nồng, là [Dm7]tinh hoa của nương đồng. [G] Từ [Em]bao nho chín mới ngát [F]hương , dâng [D/F#]về Nhan [G7]Thánh Chúa chí [F]nhân yêu [C]thương.\r\n\r\nĐK : [C]Dâng lên [C7]Chúa rượu nồng bánh [F]thơm. [Bm]Dâng lên Chúa [G7] trọn cuộc sống [C]con [C7]\r\nVới bao niềm [F]vui cùng những nỗi khổ [C]sầu dâng [Am]lên xác tín [F]rằng đời con luôn thuộc về [G7]Chúa.\r\n[C]Dâng lên [C7]Chúa rượu nồng bánh [F]thơm. [Bm]Dâng lên Chúa [G7] trọn cuộc sống [C]con [C7]\r\nVới bao niềm [F]vui cùng những nỗi khổ [C]sầu dâng [Am]lên xác tín [F]rằng Chúa mãi [G7] yêu thương [C]con.\r\n\r\n2. Đây mơ ước Chúa khát vọng, hiệp nhất muôn người một lòng , sẻ chia một tấm bánh mến yêu, uống cùng một chén thánh phúc ân cao siêu.\r\nXin liên kết chúng con đây, lạy Chúa trong tình yêu Ngài. Được Chúa nuôi dưỡng bởi sức thiêng, bánh rượu nên Thánh Thể Chúa Con uy linh.\r\n\r\n3. Dâng lên Chúa khúc cảm tạ, vì bao ơn lành chan hòa, Ngài ban trên kiếp sống chúng con, dạt dảo năm tháng mãi chứa chan hân hoan.\r\nXin dâng Chúa lễ dâng này, nguyện mong sao đẹp ý Ngài. Đời con như khúc hát chúc khen, công trình tay Chúa quá lớn lao vô biên.', 'Xin dâng Chúa tấm bánh này, là công lao bao tháng ngày. Từ bao bông lúa khắp bốn phương, kết thành tấm bánh trắng khiết tinh dâng lên.', 1, 'publish'),
(644, 'Lễ xong rồi', 0, '1919/09/07', 'ĐK. Lễ xong [D]rồi bạn ơi ta hãy [G]đi. Bước theo [F#m]Ngài về loan cho thế [D]giới. Biết Tin [Bm]Mừng hồng ân Thiên Chúa [A]ban. [Bm]Đấng đã [F#m]yêu thương [A7]nhân gian trong con [D]Ngài.\r\n\r\n1. Này thần [G]Khí trên anh đã ngự [F#m]xuống. và ngài [A7]phái anh đi mang niềm [D]tin. Đến cho [Bm]người lầm than chưa biết [E]đến: Đấng Cứu [A]Tinh trần [A]gian.\r\n\r\n2. Người nghèo đói mong anh thương nhìn tới. Người buồn chán mong anh đem bình an. Kẻ lạc loài già nua hay đau yếu. Hãy viếng thăm này anh.', 'Lễ xong rồi bạn ơi ta hãy đi. Bước theo Ngài về loan cho thế giới. Biết Tin Mừng hồng ân Thiên Chúa ban.', 1, 'publish'),
(646, 'Tiến vào thánh cung', 0, '1919/09/27', 'ĐK. Tiến [Dm]vào thánh [F]cung tâm tư [Bb] con [C]nhảy [F]mừng. Dâng [Am]Chúa (í a) nhân [Dm]từ tiếng [F]hát ngợi [Gm]khen.\r\nMuôn [C]lòng chung nhịp vang [D7]tiếng chúc [Gm]vinh suy [C]tôn Ngài muôn [F]đời. [Gm]\r\nĐi [Bb]lên! Đi [F]lên! Nào [Dm]muôn ngàn dân [F]nước, chung [Am]cám tạ ơn [Dm]Chúa.\r\n\r\n1. [Bb]Chúa đã [C]làm phép [F]lạ [Gm]cho tuổi [Am7]xuân con reo [Dm]mừng.\r\n[D7]Tay Chúa [Gm]mở trao [C]ban, [F]suối dạt [Am]dào muôn thánh [Dm]ân.\r\n\r\n2. Chính đây tòa Chúa ngự, đây thành đô con nương nhờ.\r\nTrong hy vọng tin yêu, chung lòng thành chung lễ dâng.\r\n\r\n3. Chúa nghe lời khấn nguyện, nghe trần gian đang kêu cầu.\r\nXin muôn thưở an vui, xin ngàn đời luôn thắm tươi.', 'Tiến vào thánh cung tâm tư con nhảy mừng. Dâng Chúa (í a) nhân từ tiếng hát ngợi khen.', 1, 'publish'),
(647, 'Ladarô và người phú hộ', 0, '1919/09/27', '<p style=\"background: white; margin: 0in 0in 11.25pt 0in;\"><span style=\"font-family: \'Open Sans\',sans-serif;\">1. Người phú [Am]hộ sống trong giàu [A7]có gấm vóc lụa [Dm]là yến tiệc linh [Am]đình.\r\nCòn La-da-[G]rô một đời khốn [F]khổ mình đầy ghẻ [Dm]chốc mơ được tấm [F]bánh. [A7]\r\nNhưng ai [Dm]hay giữa bao con [F]người luôn phân [G]chia giữa giàu với [E]nghèo [Am]\r\nmột ngày sẽ [C]đến chẳng kịp hối [Dm]tiếc vì vô [E7]tâm sống không tình [Am]thương.</span></p>\r\n<span style=\"font-family: \'Open Sans\',sans-serif;\">ĐK : Hỡi [Am]người chớ luôn hững [Dm]hờ mở vòng [F]tay chia sẻ tình [G]thương cho người cùng [C]khốn. [A7]\r\nVì [Dm]khi đóng cửa tâm [Am]hồn bởi những ích [G]kỷ là ta [C]chết [E7]trong cõi hư [Am]vô.</span>\r\n<p style=\"background: white; margin: 0in 0in 11.25pt 0in;\"><span style=\"font-family: \'Open Sans\',sans-serif;\">2. Cuộc sống này chóng qua người hỡi tích lũy đời này sẽ chẳng được gì.\r\nVì khi cho đi là được giàu có mở cửa lòng ra ta sẽ được sống.\r\nLuôn quan tâm giúp ai khốn cùng dâng đôi tay với người bất hạnh\r\nmở lòng bác ái dủ tình thương xót đón người nghèo khó với cả tình thương.</span></p>\r\n<p style=\"background: white; margin: 0in 0in 11.25pt 0in;\"><span style=\"font-family: \'Open Sans\',sans-serif;\">3. Dù có giàu chắc chi hạnh phúc dẫu có nghèo hèn chắc gì đau khổ.\r\nBởi ai cao sang mà lòng khép kín thì chằng thấy Chúa nơi người đói khát.\r\nYêu anh em với tim quảng đại trao cho nhau hết cả tấm lòng\r\nTừng ngày cuộc sống, mở lòng tiếp đón người nghèo khó với cả tình yêu.</span></p>\r\n<p style=\"background: white; margin: 0in 0in 11.25pt 0in;\"></p>', 'Người phú hộ sống trong giàu có gấm vóc lụa là yến tiệc linh đình.', 1, 'publish'),
(648, 'Fatima lời Mẹ khuyên', 0, '1919/10/04', '1. [Dm]Ngày xưa nơi [C]làng Fati[F]ma Mạ [C]đã hiện [Dm]ra, [C]Mẹ hiện ra trong [E7]ánh vinh [Am]quang để bảo [C]ban con cái dương [F]trần.\r\n[Dm]Muôn người bốn [Gm]phương đến [C]đây bên Mẹ kêu [F]cầu. [Dm]Nguyện MẸ dủ [Gm]thương đoái [A7]trông ai người khổ [Dm]sầu.\r\n\r\nDK : Lời Mẹ năm [Bb]xưa thiết [Am7]tha mời gọi đoàn [Dm]con. Về nguồn yêu [F]thương nương [Bb]bóng bên Mẹ yêu [A7]dấu.\r\nMẹ là suối [Gm]thiêng tình yêu [C] ai người khát [F]khao về đây. [Bb] Tình Mẹ nhân [A]ái là bến [A7]đợi của đoàn hành [Dm]hương.\r\n\r\n2. Ngày xưa nơi làng Fatima Mạ đã hiện ra, Dạy đoàn con hãy biết ăn năn và thành tâm thống hối lỗi lầm.\r\nTôn sùng mẫu tâm Nữ Vương Thiên Đàng cao trọng. Lần hạt Mân côi sống luôn kết hiệp với Mẹ.\r\n\r\n3. Quỳ đây khấn nguyện cho quê hương được thấy bình mình. Trời Việt Nam mây phủ che mờ hằng đợi mong ánh sáng huy hoàng.\r\nXin Mẹ dủ thương sớm cho dân Việt thái bình. Người người yên vui hát vang khúc nhạc chúc tụng.', 'Ngày xưa nơi làng Fatima Mạ đã hiện ra, Mẹ hiện ra trong ánh vinh quang để bảo ban con cái dương trần.', 1, 'publish'),
(649, 'lời Mẹ dạy con', 0, '1919/10/04', '1. Lời Mẹ dạy [Em]con: hãy ăn [Bm]năn lần hạt Mân [Em]Côi. Lời Mẹ dạy [G]con: hãy tôn [C]sùng mẫu [B7]tâm dịu [Em]hiền. [E7]\r\nMẹ chờ đợi [Am]con đã bao [D]ngày nắng mưa dãi [G]dầu. [Em] Mẹ mời gọi [Am]con hãy [B7m]bước mau quay trở [Em]về.\r\n\r\nDK: Mẹ Fati[G]ma Lời Mẹ [Bm]khuyên vẫn luôn vọng [Em]ngân. [E7] Mẹ Fati[Am]ma ! nguyện thương [C]giúp con dân Việt [B7]Nam.\r\nLời khuyên năm [G]xưa, Mẹ Mẹ [Bm]ơi giúp con thực [Em]thi. [E7] Tràng hoa Mân [Am]Côi đượm sắc [Bm7]thắm muôn màu muôn [Em]ý.\r\n\r\n2. Ngọn đôì tịch liêu gió vi vu dịu dàng đưa tin: Nào cùng về đây nép bên Mẹ trút bao nỗi niềm.\r\nMẹ nhìn đoàn con sống mê lầm giữa nơi phàm trần. Chạnh lòng lệ rơi Mẹ âu yếm ôm con vào lòng.\r\n\r\n3. Hòa lời ngợi ca mãi thiên thu tình Mẹ bao la. Mẹ là vầng trăng xóa tan dần bóng đêm mịt mờ.\r\nMẹ dìu đoàn con đến bên dòng thánh ân ngọt ngào. Hưởng nguồn bình an là cõi phúc cho con đời sau.', 'Lời Mẹ dạy con: hãy ăn năn lần hạt Mân Côi. Lời Mẹ dạy con: hãy tôn sùng mẫu tâm dịu hiền. Mẹ chờ đợi con đã bao ngày nắng mưa dãi dầu.', 1, 'publish'),
(651, 'lạy Mẹ mân côi', 0, '1919/10/04', '1. Lạy Mẹ Mân [C]Côi đoàn [G]con đến trước nhan [C]Mẹ. Hòa câu [Am]ca thành [Dm]tâm kính tin danh [G]Mẹ. [C7] Đây muôn tâm [F]hồn cùng nguyện dâng [G] bao nhiêu vui [Am]buồn của trần gian. [Dm] Cúi xin Mẹ [G]hiền dủ [G7]thương đỡ nâng xác [C]hồn.\r\n\r\nĐK. Mẹ Mân Côi chúng [Dm]con hiệp dâng một [F]lòng, hòa bài [G7]ca chúc tụng Mẹ [C]yêu chẳng hề [G]ngơi. [C] Lòng phó [Am]thác và tin [Dm]yêu danh Mẹ suốt [G]đời, dù gian [Am]nan vẫn [Dm]hằng vững [G]tâm nơi Mẹ Mân [C]Côi.\r\n\r\n2. Nào cùng cao rao tình yêu Trinh Nữ vẹn tuyền. Hằng yêu thương chở che chúng con một niềm. Chia sẻ vui buồn cùng đoàn con qua bao thăng trầm Mẹ ủi an. Cúi xin Mẹ hiền dìu đưa chúng con an toàn.\r\n\r\n3. Dù ngàn phong ba Mẹ luôn che chở giữ gìn. Mẹ yêu ơi ! Đoàn con quyết luôn trọn tình.Tin yêu nơi Mẹ chẳng hề vơi con luôn an bình lòng thảnh thơi. Cúi xin Mẹ hiền dìu con tiến lên quê trời.', 'Lạy Mẹ Mân Côi đoàn con đến trước nhan Mẹ. Hòa câu ca thành tâm kính tin danh Mẹ. Đây tâm hồn cùng nguyện dâng bao nhiêu vui buồn của trần gian.', 1, 'publish'),
(655, 'lễ dâng', 0, '1919/10/04', '1. Bánh [Bm]trắng với rượu [Em]lành, con [A]dâng về nhan [Bm]Chúa\r\ndo công lao bao [Em]người xin [A]Cha nhận lễ [D]con [F#]dâng.\r\n[Em]Đây niềm yêu [D]mến cùng sức [G]sống của chúng [F#]con,\r\n[Em]Dâng về nhan [D]Chúa làm của [E]lễ để kính [F#]tiến.\r\nVà [Bm]xin dâng lên Cha niềm [G]mê say [A]của đoàn [Bm]con,\r\nVà [Bm]xin Cha thương ban tình [G]yêu thương [A]trên toàn [F#m]thế [Bm]giới.\r\n\r\n2. Con xin dâng về Ngài tương lai và mơ ước.\r\nthân con bao lỗi lầm xin cha hãy khứng ban cho,\r\nƠn lành chan chứa để thánh hóa đời chúng con.\r\nDâng về nhan Chúa làm của lễ để kính tiến.\r\nVà xin dâng lên Cha niềm say mê của đoàn con,\r\nVà xin Cha thương ban tình yêu thương trên toàn thế giới.', 'Bánh trắng với rượu lành, con dâng về nhan Chúa, do công lao bao người xin Cha nhận lễ con dâng.', 1, 'publish'),
(658, 'cùng đem tin mừng', 0, '1919/10/19', 'ĐK. [F]Chúng ta cùng [Gm]đem Tin Mừng [C7] đi khắp đó [F]đây. Loan tin loan [Gm]tin Chúa Trời [C7] yêu thương loài [F]người. [F7]\r\n\r\n1. Này muôn nước [Bb]hỡi hãy [C7]ca khen [F]Người. Này ngàn dân [Gm]ơi hãy [Am]tung [C]hô [F]Người.\r\n\r\n2. Lòng Người trung tín vẫn luôn vững bền. Tình Người thương ta đến muôn muôn đời.', 'Chúng ta cùng đem Tin Mừng đi khắp đó đây. Loan tin loan tin Chúa Trời yêu thương loài người.', 1, 'publish'),
(659, 'Lệnh truyền giáo', 0, '1919/10/19', 'ĐK: Hãy ra [G]đi rao [Em]giảng [A]Tin [D]Mừng, bước hiên [Am]ngang trên [C]đường [D]truyền [G]giáo.\r\nKìa đồng [C]lúa chín ngát [Am]trời, triệu nhành [Bm]đong đưa vẫy [Em]mời, sóng lúa [D]vàng dạt [Em]dào [A]mơ [D]ước.\r\nHãy xin [G]Cha sai [Em]nhiều [A]Tông [D]Đồ, biết hăng [Am]say đi [C]mở [D]nước [G]Chúa.\r\nNgày toàn [C]thắng Chúa Ki-[Am]Tô hiển trị [Bm]khắp cõi năm [Bm]châu, khúc suy [D]tôn âm [C]vang [D7]ngàn [G]thu.\r\n\r\n1. Đẹp [Gm]quá lớp lớp bước chân người [Bb]chứng tá, hùng [Gm]dũng tiến bước rắc gieo nguồn [F]Tin Vui. Đường [D#]đi dẫu có núi cao và [D#]dốc đá, dẫu có hố sâu hoặc [F]phong ba , một [A7]lòng vì yêu đâu [D7]sá.\r\n\r\n2. Lời Chúa bó đuốc sáng soi cả thế giới.Lời Chúa chiếu sáng phá tan cả đêm đen. Người ơi ! Hãy tiến bước gieo nguồn sống mới, hãy thắp sáng lên cả dương gian, bằng Lời toàn năng tuyệt đối.\r\n\r\n2. Nguyện Chúa ghé mắt đến Giáo Hội dấu ái, nguyện Chúa giáng phúc xuống cho vị Cha chung. Nguyện Chúa thánh hóa các linh mục khắp chốn, dẫn dắt đám chiên lạc muôn phương về một đàn chiên duy nhất.', 'Hãy ra đi rao giảng Tin Mừng, bước hiên ngang trên đường truyền giáo. Kìa đồng lúa chín ngát trời, triệu nhành đong đưa vẫy mời, sóng lúa vàng dạt dào mơ ước.', 1, 'publish'),
(660, 'xin dâng', 0, '1919/10/19', '1. Đời [Am]con như của lễ không[D] hề [Am]ngưng như tấm bánh luôn[D] để [Am]dâng\r\nTình [G]con như ánh nến luôn bừng [Em7]cháy trong tình Chúa sáng như hừng [Am]đông.\r\n\r\nĐK: Xin dâng [Am]Chúa trọn đời [F]con như làn gió [C]nhẹ, quyện làn [Am]hương của tình [F]Chúa để [E7]con chia [Am]sẻ cho nhân [E]thế. [A7]\r\nTrọn đời [Dm]con là lời mang sứ điệp Tin [Am]Mừng, là dòng [G]sông mang đến cho nhân trần phù [Em7]sa chứa chan hồng [Am]ân.\r\n\r\n2. Ngài chọn con tuy con không có chi là công, con luôn không xứng như Ngài mong\r\nTình con quá thiếu thốn để đền đáp như giọt nước sánh với biển đông.\r\n\r\n3. Bằng niềm tin con đi theo Chúa không bận vướng, đây con tim biến nên Lễ dâng\r\nNguyện tẩy xóa những vướng mắc của lầm lỡ xin bù đắp những chi còn nhơ.', 'Đời con như của lễ không hề ngưng như tấm bánh luôn để dâng. Tình con như ánh nến luôn bừng cháy trong tình Chúa sáng như hừng đông.', 1, 'publish');
INSERT INTO `song` (`id`, `title`, `slug`, `date`, `content`, `excerpt`, `author`, `status`) VALUES
(661, 'được sai đi', 0, '1919/10/19', '1. [C]Ngài đã [Dm]sinh xuống gian [Em]trần chỉ [G]mong đem tình [Am]thương cho người [C]thế. [C7] Để [F]nên con của [Dm]Ngài sống [Em]chung vui một [Am]nhà bởi [Dm]Ngài hết mọi [G]người được hưởng phúc [C]trời. [C7]\r\n\r\nĐK: Được Ngài sai [F]đi, sai đi khắp [Fm]nơi lòng mang tin [Em]vui, tin vui đến nơi cùng các [Dm]dân trên thế [D7]gian đang lầm [G]than. [C7] Được Ngai sai [F]đi, sai đi khắp Fm[nơi lòng mang tin [Em]vui, tin vui đến [Am]nơi để các [Dm]dân được nhận [D7]biết Chúa đất [G]trời.\r\n\r\n2. Rồi Ngài chết đi cũng chỉ vì để đem ơi giải thoát cho người thế. Khóc than sẽ không còn bể dâu đã bởi Ngài biến nên trong cuộc đời đường đến quê trời\r\n\r\n3. Vì chúng sinh trên dương trần hiển vinh Ngài toàn thắng trên sự chết. Trở nên cho muôn người bởi tin nơi Lời Ngài phúc vinh trên cõi trời nguồn sống muôn đời.\r\n\r\n4. Nào nắm tay ta lên đường bước theo Đấng đã chết nhưng lại sống. Để tin cho muôn người nỗi vui đang dâng trào cõi lòng của những người được phúc biết Ngài.', 'Ngài đã sinh xuống gian trần chỉ mong đem tình thương cho người thế. Để nên con của Ngài sống chung vui một nhà bởi Ngài hết mọi người được hưởng phúc trời.', 1, 'publish'),
(663, 'anh hùng việt nam', 0, '1919/11/14', 'ĐK. Bao anh hùng Việt [Gm]Nam mang [Cm]danh Đức Ki-[Gm]tô, đi ra ngoài pháp trường đổ máu cho đức [F]tin, không sá gì gươm đao đòn [Cm]roi hay gông [Bb]xiềng, chỉ mong ngày tái [F]sinh vinh quang chốn thiên [Gm]đình\r\n\r\n1. [Gm]Thế giới sẽ ngàn năm lưu [Eb]danh, những tấm [Cm]lòng hùng anh hiên [F]ngang, nhận thập [Bb]giá đi trong trần [D]gian, làm nhân [F]chứng cho danh toàn [Gm]năng.\r\n\r\n2. Vết máu hồng đổ trên quê hương, giữa đất mẹ lừng hương muôn phương, đã thôi thúc giáo dân Việt Nam cùng một chí theo gương hùng anh.', 'Bao anh hùng Việt Nam mang danh Đức Ki-tô, đi ra ngoài pháp trường đổ máu cho đức tin, không sá gì gươm đao đòn roi hay gông xiềng, chỉ mong ngày tái sinh vinh quang chốn thiên đình.', 1, 'publish'),
(664, 'bài ca ngàn trùng', 0, '1919/11/14', 'ĐK. [Dm]Đây bài ca ngàn trùng [C]dâng về Thiên [F]Chúa, bài [Gm]ca thắm [A7]nhuộm máu [Dm]hồng. Từng [Gm]bao người anh [A]dũng tiến [Dm]lên hy sinh [A]vì tình [Dm]yêu.\r\n\r\n1. Không có tình yêu nào trọng [Bb]đại cho [Gm]bằng chết vì [A]yêu. [Dm] Nhìn [Bm]Chúa đãm máu trên [Bb]đồi [F]cao, [Em]từng đoàn người anh [A7]dũng tiến lên pháp [Dm]trường.\r\n\r\n2. Ai chối từ xác phàm trần lụy sẽ được sống hiển vinh. Vì Đấng phán xét trong quyền linh đã tự nhận đau đớn với muôn khổ hình.\r\n\r\n3. Tay Chúa hằng che chở phù hộ quân thù sẽ phải lui. Họ chiến thắng hát ca mừng vui dù người trần chê trách lãng quên suốt đời.', 'Đây bài ca ngàn trùng dâng về Thiên Chúa, bài ca thắm nhuộm máu hồng. Từng bao người anh dũng tiến lên hy sinh vì tình [Dm]yêu.', 1, 'publish'),
(665, 'niềm tin kiêu hùng', 0, '1919/11/14', '1. Xin dâng [C]lên niềm [Am]tin của người dân [C]Việt. Qua bao thăng [G]trầm niềm [Dm]tin kiêu [C]hùng oanh liệt. Đầu rơi máu [Am]đổ là lễ [G]dâng trước [Am]tòa Thiên [G]Chúa nhuộm thắm [Dm]trên muôn ngàn đồng [F]lúa làm trổ [G]sinh bông hạt đầu [C]mùa\r\n\r\nĐK. Xin dâng [C]lên niềm tin kiêu hùng của các [F]Thánh Tử [C]Đạo Việt [F]Nam luôn sáng [F]tươi huy [C]hoàng. Xin dâng [C]lên niềm tin kiêu hùng của các [F]Thánh Tử [C]Đạo Việt [F]Nam luôn sáng [F]ngời [G7]vinh [C]quang.\r\n\r\n2. Như lúa miến nghiền tan trở thành bánh này. Các Thánh Tử Đạo vượt qua muôn nghìn đắng cay. Niềm tin kiên vững lòng vẫn luôn trung thành với Chúa làm sáng lên Tin Mừng đạo Chúa người khắp nơi ca tụng từ xưa.\r\n\r\n3. Hôm nay đây trần gian vẫn đầy gánh nặng. Văn minh nhân loại tự do con người bủa giăng. Vượt bao cám dỗ như that qua muôn ngàn going tố, lòng tín trung ghi tạc đây đó Nhà Chúa Cha chính nơi hẹn hò.', 'Xin dâng lên niềm tin của người dân Việt. Qua bao thăng trầm niềm tin kiêu hùng oanh liệt. Đầu rơi máu đổ là lễ dâng trước tòa Thiên Chúa', 1, 'publish'),
(666, 'chân lý sự sống', 0, '1919/11/14', '<p style=\"background: white; margin: 0in 0in 11.25pt 0in;\">1. Vì [Am]Người dấn thân chịu chết thảm [Am]sầu, [G]__[F]__ mà [Am]đời lắm đâu thờ [Dm]vinh bỏ [Gm]nhục. [F]__[E7]__ Bao [G]nhiêu đắng cay vây [F]phủ đời [Am]ai, [Am]ai [B]buồn [E]ai [F]khóc, [Em]và có ai [Am]thương. [E]__[Am]__ Tù đầy xá chi siếng xích được [Am]gì, [G]__[F]__ để [Am]thành chứng nhân cuộc [Dm]sống mỏi [E]mệt, [F]__[E7]__ hay [G]chăng hóa thân cát [F]bụi mà [Am]thôi, [Am]hay [B]là [E]chân [F]lý, [Em]sự sống muôn [Am]niên.</p>\r\n<p style=\"background: white; margin: 0in 0in 11.25pt 0in;\">ĐK : Hồi [Am]chuông chuông vang lừng khắp [C]chốn, [A7]nhịp [Dm]chân [Em]dẫn ai lên pháp [Am]trường. [G]Ra đi lòng không thở [Em]than, [Dm]phải chăng đấng tử [Em]đạo. Lạy [Am]Chúa chúng con về với [C]Chúa,  [A7]tựa [Dm]nương suối ân ban chan [Am]hòa. [G]Ra đi lòng không vấn [Em]vương, [Dm]nguyện tận hiến xác [E7]hồn.</p>\r\n<p style=\"background: white; margin: 0in 0in 11.25pt 0in;\">2. Này lạy Chúa tôi xin lắng tai nghe, kìa dòng máu tươi bởi Đấng Tử Đạo, rơi trên đất khô cỗi cằn nảy sinh, mong được mơ ước sự sống mai sau. Thầm nguyện khấn xin Thiên Chúa gia ân, để hạt giống kia bởi máu hy sinh, gieo trên đất khôi cỗi cằn trổ hoa mong tìm chân lý cùng Chúa xum vầy.</p>\r\n<p style=\"background: white; margin: 0in 0in 11.25pt 0in;\">ĐK : Hồi chuông chuông vang lừng khắp chốn, nhịp chân dẫn ai lên pháp trường. Ra đi lòng không thở than, phải chăng đấng tử đạo. Lạy Chúa chúng con về với Chúa,tựa nương suối ân ban chan hòa. Ra đi lòng không vấn vương, nguyện tận hiến xác hồn.</p>\r\n<p style=\"background: white; margin: 0in 0in 11.25pt 0in;\">(Kết) [Dm]Chúa ơi trông [F]cậy chúng [G]con mong [Am]chờ, [Em]để thành chứng nhân tình [Am]yêu.</p>', 'Vì Người dấn thân chịu chết thảm sầu, mà đời lắm đâu thờ vinh bỏ nhục. Bao nhiêu đắng cay vây phủ đời ai, ai buồn ai khóc, và có ai thương.', 1, 'publish'),
(668, 'trong hồn con', 0, '1919/12/28', '1. Dâng Chúa [A]đây, một bài [E]ca hiền hòa, một bài [B7]ca đẫm lệ [A]nhòa, khi con nhìn [B7]thấy, khi con nhận [E]lấy, tình thương Chúa ban cho [B7]con. Dâng Chúa [A]đây, một niềm [E]tin nồng nàn, một lời [B7]xin trong chiều [A]tàn, cho con đổi [B7]mới, đem con gần [E]tới, nẻo [B7]đường Chúa muốn con [E]đi.\r\n\r\n2. Trong nắng mai, của bình minh dịu dàng, đọc lời kinh con nhủ rằng, Chúa đang gọi đó, êm như làn gió, gọi con bước đi theo Ngài. Ôi chúa thương, cho con biết tìm Ngài, cho con biết sống lời Ngài, để con nhận lấy, để con tìm thấy, nẻo đường Chúa dẫn con đi.\r\n\r\nĐK : Chúa sinh [E]ra hôm nay trong hồn con. Tiếng Chúa [C#m]kêu ghi sâu vào lòng con, như ánh [A]sao lung linh trong màn đêm, sáng bừng [F#m]lên trái tim [B]con.[B7] Chúa sinh [E]ra hôm nay trong hồn con. Đến cho [C#m]con đêm nay muôn hồng ân, che chở [A]con qua những lỗi lầm nguy, bao hiểm [F#m]nguy con vấn [B]vương.\r\n\r\n(Giang tấu) [F#m]Ôi, Trần gian ơi, Ngài đã [A]sinh xuống thế, làm của [C#m]lễ hiến tế, vì Ngài [A]yêu ngươi, mà sao [F#7]ngươi không vững [B]tin.\r\n\r\nĐK Kết : Chúa sinh [E]ra hôm nay trong hồn con. Tiếng Chúa [C#m]kêu ghi sâu vào lòng con, như ánh [A]sao lung linh trong màn đêm, sáng bừng [F#m]lên trái tim [B]con.[B7] Chúa sinh [E]ra hôm nay trong hồn con. Đến cho [C#m]con đêm nay muôn hồng ân, xin giúp [A]con giữ mãi trong hồn con, ơn bình [B7]an đã đến với [A]con.', 'Dâng Chúa đây, một bài ca hiền hòa, một bài ca đẫm lệ nhòa, khi con nhìn thấy, khi con nhận lấy, tình thương Chúa ban cho con. Dâng Chúa đây, một niềm tin nồng nàn, một lời xin trong chiều tàn, cho con đổi mới, đem con gần tới, nẻo dường Chúa muốn con đi.', 1, 'publish'),
(670, 'trên trời cao', 0, '2020/01/04', '<p style=\"background: white; margin: 0in 0in 11.25pt 0in;\">1 [Em]Trên [B7]trời [Em]cao, tinh [C]tú đâu chiếu rực [G]sáng, từ [Am]trong [Bm]đêm [C]tối phá tan mây [B7]mờ hết [Am]tối [B7]tăm. [Em]Trên [B7]trời [Em]cao, tinh [C]tú đâu chiếu rực [G]sáng, vầng [Am]sao [Bm]Minh [C]Chúa mới giáng sinh [G]ra [B7]trên [Em]đời. Ba [B7]vua phương Đông nhờ [D]sao [E7]soi [Am]chiếu, vượt qua núi [C]đồi tìm cho [Am]tới Belem nơi [C]sinh [B7]Ngài. Ba Vua phương Đông nhờ [D]sao [Em7]soi [Am]chiếu, tìm ra Minh [C]Chúa mới sinh ra [G]để [B7]cứu [Em]đời.</p>\r\n<p style=\"background: white; margin: 0in 0in 11.25pt 0in;\">2. Ba nhà vua, chiêm bái dâng lễ thờ kính, này Đấng Cứu Thế mới sinh tươi đẹp rất uy nghi. Ba nhà vua, chiêm bái dâng lễ thờ kính, này Đấng Cứu Thế muôn dân trông mong lâu ngày. Ba Vua hân hoan tìm ra Minh Chúa, ngự nơi khó nghèo dù thiếu thốn nhưng vẫn đầy huy hoàng. Ba Vua hân hoan tìm ra Minh Chúa, Ngài đem sức sống cứu muôn dân hết điêu tàn.</p>\r\n<p style=\"background: white; margin: 0in 0in 11.25pt 0in;\">3. Cho đoàn con, nhờ ánh sao sáng bừng chiếu, tìm ra Minh Chúa chúng con tôn thờ đến muôn đời. Cho đoàn con nhờ ánh sang sáng bừng chiếu, được Vua vinh hiển cứu cho khỏi chết muôn đời. Ôi Vua khoan nhân, này con dâng tiến. Chỉ một tấm lòng dù nhỏ bé đơn sơ nhưng chân thành. Ôi Vua khoan nhân, này con dâng tiến, một niềm tin với trái tim mến yêu hết mình.</p>', 'Trên trời cao, tinh tú đâu chiếu rực sáng, từ trong đêm tối phá tan mây mờ hết tối tăm. Trên trời cao, tinh tú đâu chiếu rực sáng, vầng sao Minh Chúa mới giáng sinh ra trên đời. Ba vua phương Đông nhờ sao soi chiếu,', 1, 'publish'),
(673, 'dâng và xin', 0, '2020/02/16', '<p style=\"background: white; margin: 0in 0in 11.25pt 0in;\">1/ [A]Nguyện dâng [D]Chúa con [A]tim [Bm]nguyện dâng [G]Chúa tâm [Asus]tư. [A] Chúa hãy [Bm]nhận đời[G] con với [Em]những ước [Asus]mơ. [A] Và cho [D]con yêu [A]thương [Bm]và cho [G]con [F#7]ơn [Bm]Chúa. [A]Bấy nhiêu [G]thôi Chúa [D]ơi [G]bấy nhiêu [Asus]thôi [A] là đủ [D]rồi</p>\r\n2/ Này nước mắt đau thương này câu hát say sưa Chúa hãy nhận đời con lúc nắng khi mưa. Và cho con yêu thương và cho con ơn Chúa. Bấy nhiêu thôi Chúa ơi bấy nhiêu thôi là đủ rồi\r\n\r\n3/ Từ tay Chúa lo toan tràn nhịp sống hân hoan Chúa hãy nhận đời con Chúa đã thương ban. Và cho con yêu thương và cho con ơn Chúa. Bấy nhiêu thôi Chúa ơi bấy nhiêu thôi là đủ rồi\r\n\r\n4/ Rồi mai đây con đi và tay sẽ buông xuôi Chúa hãy nhận hồn con tới bến an vui. Và cho con yêu thương và cho con ơn Chúa. Bấy nhiêu thôi Chúa ơi bấy nhiêu thôi là đủ rồi', 'Nguyện dâng Chúa con tim nguyện dâng Chúa tâm tư. Chúa hãy nhận đời con với những ước mơ. Và cho con yêu thương và cho con ơn Chúa. Bấy nhiêu thôi Chúa ơi bấy nhiêu thôi là đủ rồi', 1, 'publish'),
(674, 'hạnh phúc thay', 0, '2020/02/16', '<p style=\"background: white; margin: 0in 0in 11.25pt 0in;\">1. Như [A]cây trồng bên bờ suối. Đúng [E]mùa sinh trái đơm [A]hoa, lo [D]chi mùa đi mùa [C#m]tới, suốt [E]năm cành lá la [A]đà.</p>\r\n<p style=\"background: white; margin: 0in 0in 11.25pt 0in;\">ĐK. Hạnh phúc [E]thay ! Hạnh phúc [A]thay ! ai yêu lề luật [E]Chúa và suy [F#m]gẫm yêu mến hết [A]lòng, thì [E]Chúa sẽ ngự trong [C#m]hồn, làm việc [E]gì cũng sẽ thành [A]công.</p>\r\n<p style=\"background: white; margin: 0in 0in 11.25pt 0in;\">2. Ai ơi đừng như vỏ trấu, gió lùa tan tác trên sân, ai đi vào con đường xấu, sẽ sa lầy chốn điêu tàn.</p>\r\n3. Thương nhau đừng nên độc ác, ích mình hại đến tha nhân. ai quên mình giúp người khác Chúa thương lại gấp trăm lần.\r\n\r\n4. Vui thay đường lên nhà Chúa. Đắp bằng hoa mến tin thôi. Vinh quang Ngài đã từng hứa, chính nhân nhận lãnh muôn đời.', 'Như cây trồng bên bờ suối. Đúng mùa sinh trái đơm hoa, lo chi mùa đi mùa tới, suốt năm cành lá la đà. Hạnh phúc thay ! Hạnh phúc thay ! ai yêu lề luật Chúa và suy gẫm yêu mến hết lòng, thì Chúa sẽ ngự trong lòng, làm việc gì cũng sẽ thành công.', 1, 'publish'),
(675, 'kiện toàn luật xưa', 0, '2020/02/16', '<p style=\"background: white; margin: 0in 0in 11.25pt 0in;\">ÐK: Ta không [G]đến để hủy bỏ lề [Bm]luật, nhưng nay ta [C]đến để kiện [D]toàn luật [G]xưa.</p>\r\n<p style=\"background: white; margin: 0in 0in 11.25pt 0in;\">1. Tinh [C]thần thánh hóa hành vi bên [Bm]ngoài, chân [D]tình xóa [A]hết những gì giả [D]dối.</p>\r\n<p style=\"background: white; margin: 0in 0in 11.25pt 0in;\">2. Mỗi việc nhỏ bé là thánh ý Người, giữ trọn nên công như là việc lớn.</p>', 'Ta không đến để hủy bỏ lề luật, nhưng nay ta đến để kiện toàn luật xưa. Tinh thần thánh hóa hành vi bên ngoài, chân tình xóa hết những gì giả dối.', 1, 'publish'),
(676, 'kinh hòa bình', 0, '2020/02/22', '<p style=\"background: white; margin: 0in 0in 11.25pt 0in;\">Lạy [Am]Chúa [E]từ [Am]nhân! Xin cho [C]con biết mến [Am]yêu, và phụng sự [C]Chúa [E7]trong mọi [Am]người.\r\nLạy Chúa xin [F]hãy dùng [C]con, như khí [Am]cụ bình [Dm]an của [C]Chúa,\r\nÐể [Am]con đem yêu [F]thương vào nơi oán [C]thù, đem thứ [F]tha vào nơi lăng [E]nhục, đem an [F]hòa vào nơi tranh [C]chấp, đem chân [Am]lý vào [E]chốn lỗi [Am]lầm.\r\nÐể con đem tin kính vào nơi nghi [G]nan, chiếu trông [F]cậy vào nơi thất [C]vọng. [E7]\r\nÐể [Am]con dọi ánh sáng vào nơi tối [C]tăm, đem niềm [Dm]vui đến [E]chốn u [Am]sầu.\r\nLạy Chúa xin [F]hãy dạy [C]con: [E7] Tìm an ủi [Am]người hơn [F]được người ủi [E7]an, tìm hiểu biết [Am]người hơn [F]được người hiểu [C]biết, tìm yêu mến [Am]người hơn [F]được người mến [E]yêu.\r\nVì [Am]chính khi hiến [G]thân là [C]khi được nhận [Am]lãnh, [E7] chính lúc quên [Am]mình là [F]lúc gặp lại bản [E]thân.\r\nVì [Am]chính khi thứ [G]tha là [C]khi được tha [Am]thứ, [Dm] chính lúc chết [Am]đi là [G]khi vui sống muôn [Am]đời.\r\nÔi Thần Linh thánh [F]ái xin [E7]mở rộng lòng [Am]con,\r\nxin thương [C]ban xuống, những [Am]ai lòng đầy thiện [C]chí [F]ơn [E7]an [Am]bình. (có thể về [A]bình)</p>', 'Lạy Chúa từ nhân! Xin cho con biết mến yêu, và phụng sự Chúa trong mọi người. Lạy Chúa xin hãy dùng con, như khí cụ bình an của Chúa. Ðể con đem yêu thương vào nơi oán thù, đem thứ tha vào nơi lăng nhục', 1, 'publish'),
(679, 'lạy Chúa con quỳ trước nhan Chúa', 0, '2020/03/08', '<p style=\"background: white; margin: 0in 0in 11.25pt 0in;\">1. [Dm]Ngài hằng chở che con [F]suốt những tháng [Gm]năm vất vả, [C]con dâng lời cảm tạ [Am]Chúa [Dm]ơi. Trong tay yêu [F]thương của [Bb]Chúa ấp [F]ủ [C]Sóng gió không làm con thấy lo [A]âu [Dm]Vì [Bb]Chúa [Bb]luôn che chở con [C]và lòng Ngài xót [Am]thương quan [Dm]phòng.</p>\r\n<p style=\"background: white; margin: 0in 0in 11.25pt 0in;\">ĐK: [Dm]Nguyện cầu [F]tới Chúa, [C]ban xuống ơn an [Dm]bình, [C]con luôn mong [Am]Ngài xót [Dm]thương. [Dm]Chỉ cần tình [Bb]yêu của [Dm]Chúa ở [Bb]đây, [C]bao phong ba hãi [F]hùng cũng không [Dm]sợ. [Dm]Chỉ cần tình [Gm]yêu [C]luôn ở nơi [F]Chúa, [C]con không lo sợ [Gm]chi bão [A7]tố. [Dm]Tình [Bb]yêu [Dm]Chúa ở khắp mọi [Bb]nơi, [C]bao phong ba hãi hùng cũng không [F]sợ. [Dm]Tình [Gm]yêu [C]Chúa luôn ở đây, [Am7]cho con luôn kiên vững an [Dm]lòng.</p>\r\n<p style=\"background: white; margin: 0in 0in 11.25pt 0in;\">2. Giờ này đoàn con đau đớn với biết bao nỗi khổ, trong cơn đại dịch này Chúa ơi. Bao nhiêu tha nhân đang ngày đêm hãi hùng, sống chết với bệnh sao quá đau thương. Lạy Chúa, xin chữa lành con, cuộc đời này phó dâng nơi Ngài.</p>', 'Ngài hằng chở che con suốt những tháng năm vất vả, con dâng lời cảm tạ Chúa ơi. Trong tay yêu thương của Chúa ấp ủ Sóng gió không làm con thấy lo âu Vì Chúa luôn che chở con', 1, 'publish'),
(680, 'hát về thánh Giuse', 0, '2020/03/12', '<p style=\"margin: 0in 0in 11.25pt 0in;\">1. Giu[Am]se cuộc [A7]đời tựa bông huệ [Dm]trắng. Hương thơm [G]nồng lên [G7]tận tòa câu ngời [C]sáng. Trọn một đời [Am]sống mãi luôn khiêm [G]nhường, dù rằng nhiều [Em]nỗi khó khăn trên [Am]đường. Vẫn [G]luôn hoàn toàn tín [C]trung đến [E]cùng.[E7] Giu[Am]se Ngài [A7]là cha nuôi con [Dm]Chúa. Suốt một [G]đời âm [G7]thầm nhọc lao dạy [C]dỗ. Chẳng nề nại [Am]chi vất vả tư [G]bề, cùng vị hiền [Em]thê chở che bảo [Am]vệ, gia [G]đình hạnh phúc bình [E]an dư [Am]tràn.</p>\r\n<p style=\"margin: 0in 0in 11.25pt 0in;\">ĐK : Ôi lạy [F]thánh Giuse quyền [Dm]cao sang. [C]Xin phù [Em]giúp những ai đời [Am]lầm than. [Dm]Đang gặp [G7]những sóng gió nguy [C]nan giữa biển đời trần [E]gian. Con chạy [F]đến với cha hiền [Dm]Giuse. [C]Luôn thành [Em]tâm khấn xin Ngài [Am]chở che. [Dm]Xin ngài [G7]như đuốc sáng rạng [C]ngời, dẫn [E7]con trên đường [Am]đời.</p>\r\n<p style=\"margin: 0in 0in 11.25pt 0in;\">2. Giuse nguyện cầu Ngài thương trông đến. Khắp muôn nơi đang gặp đầy bao thử thách cuộc sống nổi trôi biết bao thăng trầm, thuyền cuộc đời con đắm trong mê lầm. Khấn xin Ngài thương đỡ nâng đưa đường. Dâng cha này là câu kinh tiếng hát. Chúc khen Ngài, nay được vinh quang ngời sáng. Nguyện ngài dủ thương khấn xin muôn ân, cầu bầu cùng Chúa xuống cho gian trần. Khắp nơi cảm mến hồng ân nơi Ngài.</p>\r\n<p style=\"margin: 0in 0in 11.25pt 0in;\">3. Giuse, người làng Na-da-ret đó. Gương lao động với đời cần lao nghèo khó, Ngài vẫn hằng luôn gánh bao hy sinh, trọn một tình mến đắp xây gia đình. Thánh Gia ngài luôn nở hoa ân tình. Giuse ngài hằng vâng nghe thiên ý. Luôn miệt mài đêm ngày niệm suy lời Chúa. Ngài đã trở nê mẫu gương giữa đời, tỏa ngào ngạt hương trước ngai Chúa Trời. Chiếu soi lửa mến tình yêu tuyệt vời.</p>', 'Giuse cuộc đời tựa bông huệ trắng. Hương thơm nồng lên tận tòa câu ngời sáng. Trọn một đời sống mãi luôn khiêm nhường, dù rằng nhiều nỗi khó khăn trên đường. Vẫn luôn hoàn toàn tín trung đến cùng. Giuse Ngài là cha nuôi con Chúa.', 1, 'publish'),
(682, 'tâm tình tri ân', 0, '2020/03/12', '<p style=\"margin: 0in 0in 11.25pt 0in;\">ĐK: Khúc [Gm]ca cảm [C7]tạ xin dâng [F]lên Cha Thánh Giu-se, xin dâng [Dm]lên Cha [C7]Thánh Quan [F]Thầy. Biết bao hồng ân, biết bao hồng [C]ân, bao hồng [F]ân chan chứa trong đời là đời [F]con. Tháng [C]ngày giữ gìn đường [F]con đi lo [Dm]gì những nẻo đường [C]gian nguy, một [F]đời con phó thác trong [C]tay Cha nhân [F]hiền.</p>\r\n<p style=\"margin: 0in 0in 11.25pt 0in;\">PK: Xin dâng [C]lời cảm tạ tình [F]Cha luôn [Gm]hằng ban ơn [C]lành, luôn [F]dủ thương cứu [C]giúp. [Gm]Qua dòng thời [Am]gian ơn[Dm]Cha vẫn dư [F]tràn một [Am]đời là đời [Gm]con tháng [C]ngày là bình [F]an.</p>', 'Khúc ca cảm tạ xin dâng lên Cha Thánh Giu-se, xin dâng lên Cha Thánh Quan Thầy. Biết bao hồng ân, biết bao hồng ân, bao hồng ân chan chứa trong đời là đời con.', 1, 'publish'),
(684, 'đường con đi', 0, '2020/03/23', '<p style=\"margin: 0 0 2rem 0;\">1. Đường con [Am]đi bao nhiêu năm [C]qua ở giữa [F]đời. Chan [E7]hòa những hồng [Am]ân, êm [F]đềm những mùa [F]xuân. Trong Chúa [E]yêu con như trẻ [Am]thơ, Người dẫn [Dm]đưa qua mọi bến [E7]bờ. Đất [Am]rộng trời cao sá [C]gì, nắng [E7]soi nắng đẹp đường [Am]đi</p>\r\n<p style=\"margin: 0 0 2rem 0;\">ĐK. Tri ân Ngài suốt đời [E7]nhớ ơn cao [Am]vời mà [Dm] chẳng nói nên [C]lời. Mây bay [Am]về cuối trời [E7]tháng năm bên [Am]Người lòng [Dm] êm [E7]đềm thảnh [Am]thơi</p>\r\n<p style=\"margin: 0 0 2rem 0;\">2. Đời con như sương rơi mây tan chẳng có gì. Hoa huệ giữa đồng xa, Chúa dệt áo lụa hoa. Con bước lên nơi cao hoàng cung, chẳng dám quên thân phận khốn cùng. Xin nhặt lời quê ý hèn, nói lên phúc lộc đời con</p>\r\n<p style=\"margin: 0 0 2rem 0;\">3. Là bụi gai trong nơi hoang vu nở đóa hồng. Con nhìn thấy tình yêu, trong cảnh giới huyền siêu. Con hiến dâng con tim nhỏ nhoi, Người khấng ban cho cả đất trời. Lấy gì để mong đáp đền, suối ơn thắm gội triền miên</p>', 'Đường con đi bao nhiêu năm qua ở giữa đời. Chan hòa những hồng ân, êm đềm những mùa xuân. Trong Chúa yêu con như trẻ thơ, Người dẫn đưa qua mọi bến bờ', 1, 'publish'),
(685, 'dẫn đưa con đi', 0, '2020/03/23', '<p style=\"margin: 0 0 2rem 0;\">ĐK. [G]Ánh sáng và chân lý Chúa [Em]xin dẫn bước con [D]đi. [Am]Tiến mãi về trên [F]núi Thánh, [G]về chốn [D7]quang minh [G]Ngài.</p>\r\n<p style=\"margin: 0 0 2rem 0;\">1. [C]Con sẽ [Am7]tiến tới bàn thờ [D]Chúa, gần [D7]Ngài lòng con sướng [G]vui. Con sẽ [C]gảy đàn tuyên xưng [Bm]Chúa, rằng [D]Ngài là Thượng đế [G]con.</p>\r\n<p style=\"margin: 0 0 2rem 0;\">2. Sao Chúa nỡ chối từ ruồng rẫy, vì Ngài là nơi náu thân. Sao Chúa để con điêu linh mãi, bị địch thù uy hiếp luôn.</p>\r\n<p style=\"margin: 0 0 2rem 0;\">3. Sao bối rối than sầu hồn hỡi? Một niềm cậy trông Chúa đi. Tôi sẽ còn ngợi ca Danh Chúa, vì Người là Thiên Chúa tôi.</p>', 'Ánh sáng và chân lý Chúa xin dẫn bước con đi. Tiến mãi về trên núi Thánh, về chốn quang minh Ngài.', 1, 'publish'),
(690, 'xin giữ con', 0, '2020/03/30', '1. Xin giữ [C]con để [Am]con phụng sự [G]Chúa. [C7] Con phụng sự [F]Chúa trong [Am]suốt đời [Dm]con. [F]\r\nDù khi mỏi [D7]mệt, dù khi chán [G]trường, xin giữ [C]con luôn [Am]luôn phụng sự [C]Ngài.\r\n\r\nĐK: Nguyện xin [C7]Chúa giúp con bắt [F]đầu và lại bắt [C]đầu.\r\nDù khi thất [Am]vọng, dù khi mỏi [Dm]mòn con vẫn cậy [G]trông. [G7]\r\nNguyện xin [C7]Chúa giúp con bắt [F]đầu và lại bắt [C]đầu. [A7]\r\nNày con chiến [Dm]thắng, này con chiến [G7]thắng tươi sáng hy [C]vọng.\r\n\r\n2. Xin giữ con để con được đổi mới. Đây đời của con sẽ mãi đẹp tươi.\r\nDù khi phản bội, dù khi lỗi tội. Xin giữ con khiêm cung về với Ngài.\r\n\r\n3. Xin giữ con để con vì người thế. Lao truyền danh Chúa cho khắp mọi nơi.\r\nDù chết với Người, dù chết giữa đời. Xin giữ con hiên ngang vì Nước Trời.', 'Xin giữ con để con phụng sự Chúa. Con phụng sự Chúa trong suốt đời con. Dù khi mỏi mệt, dù khi chán trường, xin giữ con luôn luôn phụng sự Ngài.', 1, 'publish'),
(692, 'ca khúc hồng ân 1', 0, '2020/04/06', '<p style=\"text-align: left;\">1. [Am]Hân hoan lời tụng [C]ca dâng Chúa [Dm]khúc nhạc huyền [C]mơ. [Am]Một bài thơ trìu [Dm7]mến ân [E]tình đượm nét đơn [Am]sơ.</p>\r\nÐK: Hân hoan lời tụng [F]ca [Em]đoàn [Dm]con dâng [Em7]Chúa đêm [Am]ngày [G7]. [C]Hát cho muôn thế [Am]hệ hãy ngợi [C]ca hồng ân Thiên [Am]Chúa. Muôn [C]đời Chúa thương con [Am]người ôi tình [F]Chúa chẳng nhạt [E]phai. [Am]Trái tim thơ trả [C]lại tình [E7]ca mến yêu muôn [Am]đời.\r\n\r\n2. Cho con mùa hồng ân yêu mến những ngày và đêm. Tình Ngài như trời sáng soi đường nhịp bước êm đềm.\r\n\r\n3. Con dâng Ngài tình yêu năm tháng đã dần nhạt phai. Tình Ngài như hè nắng hong nồng lại trái tim này.\r\n\r\n4. Tâm tư một chiều xưa đoan hứa đến Ngài ngàn thu. Thề nguyền yêu một Chúa cho vẹn một khúc tri âm.\r\n\r\n5. Cho con lại mùa xuân khi đã lãnh nhận hồng ân. Nhiều lần trôi dạt mất trên dòng đời sóng xa đưa.', 'Hân hoan lời tụng ca dâng Chúa khúc nhạc huyền mơ. Một bài thơ trìu mến ân tình đượm nét đơn sơ. Hân hoan lời tụng ca đoàn con dâng Chúa đêm ngày. Hát cho muôn thế hệ hãy ngợi ca hồng ân Thiên Chúa.', 1, 'publish'),
(693, 'tâm tình với Chúa', 0, '2020/04/07', 'ĐK <strong>(dành cho chầu Thánh Thể)</strong>: Lặng quỳ bên [C]Chúa, ôi [Em]Chúa Giêsu thánh [Am]thể, [Am7] hồn tràn niềm [F]vui chẳng [D7]biết nói sao nên [G]lời. [A7] Vì mến thương [Dm]con Chúa [G7]đã hiện hữu nơi [C]đây,[Am7] nguồn suối ơn [Dm]thiêng, nuôi [G7]dưỡng tháng ngày đời chúng [C]con.\r\n\r\n1. Tình yêu Chúa lớn [Am]lao con [F]sao đền đáp [Em]được ? [A7]Hồn con nhỏ bé [Dm]đây, xin [G7]luôn mãi yêu [C]Ngài. Tình yêu Chúa lớn [Am]lao, [Fm]tình yêu con sánh [C]sao, [F] dù nhỏ bé vẫn [D7]luôn cậy trông mến [G7]yêu.\r\n\r\n2. Ngài ở đây với con hân hoan tràn tâm hồn, Ngài đang sống với con trong nhịp tim hơi thở. Đời con sẽ sáng tươi vì được Chúa dẫn đưa. Ngài ở trong con và con ở trong Chúa luôn.\r\n\r\n3. Lòng tràn đầy sướng vui, hân hoan trong tâm hồn. Vì được Chúa ở bên con an chí vững lòng. Nguồn hạnh phúc của con, nguồn gia sản của con, nguyện lòng con được kết hiệp với Chúa luôn.\r\n\r\n4. Ngài hãy hướng dẫn con biết sống theo gương Ngài, trở nên tấm bánh thơm cho nhân thế hưởng dùng. Đời con sẽ hiến thân, vì hạnh phúc thế nhân, Ngài ơi xin dạy con tình yêu hiến thân.\r\n\r\nĐK2 <strong>(dành cho rước lễ lần đầu)</strong> : Lần đầu rước Chúa, ôi Chúa Giêsu Thánh Thể, hồn tràn niềm vui chẳng  biết nói sao nên lời. Vì mến thương con, Chúa đã tự hiến thân mình, nguồn suối ơn thiêng, nuôi dưỡng tháng ngày đời chúng con.', 'Lặng quỳ bên Chúa, ôi Chúa Giêsu thánh thể, hồn tràn niềm vui chẳng biết nói sao nên lời. Vì mến thương con Chúa đã hiện hữu nơi đây, nguồn suối ơn thiêng, nuôi dưỡng tháng ngày đời chúng con.', 1, 'publish'),
(694, 'con mến yêu', 0, '2020/04/07', '<p style=\"text-align: left;\">1. [G]Con mến [Em]yêu tin [Bm]thờ trong [D7]lòng. [G]Cùng chút [Em]tình ngây [Bm]thơ ngắm [D]trông, [E7]trong Thánh [Am]Thể Chúa [D7]cả càn [G]khôn, [Em]hằng náu [Am]thân tù [D7]hãm vì [G]con.</p>\r\n<p style=\"text-align: left;\">ĐK: Giờ đây hạnh [C]phúc độc [Am]nhất đời [Bm]con. [G]Êm đềm Chúa [D]nhìn hạnh [D7]phúc nào [G]hơn. Lòng con ngây [C]ngất, tin Chúa yêu [Am]Chúa. [G]Trong tình Chúa [Em]yêu, con [C]phó dâng [D7]tâm [G]hồn.</p>\r\n<p style=\"text-align: left;\">2. Con phó dâng tâm hồn thật thà, cùng với lòng đội ơn thiết tha,nơi Thánh Thể Chúa Cả là Cha, hằng xót thương phù giúp người ta.</p>\r\n<p style=\"text-align: left;\">3. Con khấn xin cho bậc tu trì, hằng dõi đường chông gai Chúa đi, luôn tiến thẳng tới đinh tuyệt cao. Miệng hát ca lòng thỏa dường bao.</p>\r\n<p style=\"text-align: left;\">4. Con khấn xin cho đoàn chiên lành. Hằng quyết lòng nêu gương ái nhân. Yêu Chúa Cả lánh bỏ lợi danh. Vì Chúa không hề chút từ nan.</p>\r\n<p style=\"text-align: left;\">5. Con khấn xin cho đoàn chiên lầm,   tìm thấy đường quang minh Phúc âm. Yêu Chúa Cả dứt bỏ từ tâm. Cùng với chiên lành nối từ tâm.</p>\r\n<p style=\"text-align: left;\">6. Xin Chúa thương ban nhiều ơn lành. Phù giúp đoàn con trên thế gian. Qua kiếp khổ trí tỉnh lòng thanh. Về tới quê đầy phúc bình an.</p>', 'Con mến yêu tin thờ trong lòng. Cùng chút tình ngây thơ ngắm trông, trong Thánh Thể Chúa cả càn khôn, hằng náu thân tù hãm vì con.', 1, 'publish'),
(697, 'dâng', 0, '2020/04/08', '<p style=\"text-align: left;\">1. [F]Nguyện dâng [Am]Chúa lễ [Dm]tình yêu chân [C]thành, [Gm]này tấm [Em]bánh đây [C7]rượu nho thơm [F]ngát. Nguyện dâng [Am]Chúa đôi [Dm]bàn tay con [Gm]hiến, [Em]Chúa thương chấp [C]nhận ban [C7]phước lành tháng [F]năm.</p>\r\nĐK. Nguyện dâng [Am]Chúa tâm [Dm]tình con thiết [F]tha, [Gm]xin Cha [C7]thương ủ ấp trái tim [F]hồng. Nguyện dâng [Am]Chúa bánh [Dm]rượu thơm trắng [F]trong, [Gm]xin trung [Em]kiên mến [C]yêu Ngài hết [F]lòng.\r\n\r\n2. Đoàn con cái đã về đây chung lời, hợp dâng Chúa tâm hồn và thân xác. Nguyện mãi mãi suốt đời yêu nhau hơn, Chúa thương kết hiệp muôn tấm lòng chúng con.\r\n\r\n3. Nguyện xin Chúa cho ngưởi xin lễ này, mọi ơn thánh dư đầy muôn vinh phúc. Ngài thương đoái linh hồn người đã mất, chóng về Thiên Đàng hưởng phúc lành Chúa ban.', 'Nguyện dâng Chúa lễ tình yêu chân thành, này tấm bánh đây rượu nho thơm ngát. Nguyện dâng Chúa đôi bàn tay con hiến, Chúa thương chấp nhận ban phước lành tháng năm.', 1, 'publish'),
(698, 'Giêsu ở cùng con', 0, '2020/04/08', '<p style=\"text-align: left;\">ÐK: Giêsu [C]ơi ở cùng con luôn [Am]mãi. Chúa lìa [Dm]con, con biết đâu nương [G]nhờ? Nơi dương [F]gian con giá lạnh hôm [Bb]mai. Hãy ở [F]lại trong cõi [G]lòng con [C]thơ.</p>\r\n1. Lạy Chúa, giờ đây bao xiết [G]mừng. Con rước Người, và được Cha đoái [Dm]thương. Chúa [Am]ơi, lắng nghe tiếng tơ [Dm]lòng, Chúa hãy [G]ngự nơi đây giữa hồn [D]con.\r\n\r\n2. Lạy Chúa, rồi đây vạn nẻo đường. Con khó nhọc một thân trong gió sương. Chúa ơi, ở lại với con cùng. Chúa là nguồn yên vui suối tình thương.\r\n\r\n3. Trần thế lòng con chê chán rồi. Con chỉ gặp buồn đau cay đắng thôi. Chúa ơi ở lại với con cùng. Chúa là nguồn yêu thương con cậy trông.\r\n\r\n<b>4. </b>Lữ khách trầm ngâm khi đổ chiều. Trong quán trọ lòng mơ quê dấu yêu. Chúa ơi, ở lại với con hèn. Nắng phai rồi không gian sẽ mù đen.', 'Giêsu ơi ở cùng con luôn mãi. Chúa lìa con, con biết đâu nương nhờ? Nơi dương gian con giá lạnh hôm mai. Hãy ở lại trong cõi lòng con thơ.', 1, 'publish'),
(699, 'thờ lạy Chúa', 0, '2020/04/08', '<p style=\"text-align: left;\">ÐK: Thờ lạy [F]Chúa ! Thờ lạy [Dm]Chúa ! Uy quyền khả [Am]ái trong hình [F]bánh náu [C]thân. Thờ lạy [F]Chúa ! Thờ lạy [Dm]Chúa ! Uy quyền khả [Am]ái nương mình [F]dưới [C7]thế [F]trần.</p>\r\n1. Hồi tưởng xưa [Am]kia Cha [Dm]đã hy sinh nằm [F]Thánh Giá. Lòng nhân ái [C]bao la, còn chưa thỏa tâm [F]Cha, mà nay Cha [F]đến dưỡng [Am]nuôi bao linh hồn [C]bơ vơ. này của nuôi [Bb]quý giá: Mình Cha đây [F]sẵn chờ. Chúng [A7]con xin thành tâm [Dm]mến Cha. Chúng [Am]con xin thành tâm kính [F]thờ.\r\n\r\n2. Rồi trải bao lâu Cha vẫn không quên lời đã phán: Rằng ai mắc gian nan, tìm yên ủi Cha ban, thì nay con đến với phép Thánh Thể đầy khoan nhân mà kể cơn túng bấn, cầu mong Cha đỡ đần. Chúa Thánh Thể ngự nơi thế gian, xót thương nhân loại không có ngần.\r\n\r\n3. Rôi trải bao lâu, Thiên Chúa không quên lời đã phán. Rằng ai mắc gian nan, tìm yên ủi ân ban. Thi nay con đến với phép Thánh Thể đầy khoan nhân. Mà kể cơn túng bấn, cầu mong chúa đỡ đần. Chúa Thánh Thể ngự nơi thế gian. Xót thương nhân loại không có ngần.', 'Thờ lạy Chúa ! Thờ lạy Chúa ! Uy quyền khả ái trong hình bánh náu thân. Thờ lạy Chúa ! Thờ lạy Chúa ! Uy quyền khả ái nương mình dưới thế trần.', 1, 'publish'),
(700, 'phút linh thiêng', 0, '2020/04/08', '<p style=\"text-align: left;\">ĐK: Người [C]ơi nào mau [Em]tới thờ lạy [G]Chúa, quỳ [C]dâng lòng tôn [Am]kính Chúa trên [Dm]cao. [G7] Linh [C]thiêng, ôi phút [G]giây giờ [F]đây khi đoàn [C]con được chiêm [Em]ngắm nhan thánh [G]Chúa chí nhân quyền [G7]uy.</p>\r\n<p style=\"text-align: left;\">Người [C]ơi nào mau [Em]tới thờ lạy [G]Chúa. Đồng [C]thanh hợp chung [Am]tiếng hát ca [Dm]khen. [G7] Cảm [\'C]mến ơn Chúa [G]ban tràn [F]lan cho trần [C]gian Mình Máu Thánh nên [Eb]nguồn sống tuôn ngày [C]đêm.</p>\r\n1. Này [F]đây Ta ban cho thân xác [C]Ta làm của [C7]ăn. Máu [Em]Ta, Ta ban cho làm của [C]uống. Này [F]ai, ai ăn Ta, uống máu [C]Ta trong tin [Em7]yêu thì sẽ [Cm]sống, sẽ sống [Ab]mãi muôn đời [G]liên. [C]', 'Người ơi nào mau tới thờ lạy Chúa, quỳ dâng lòng tôn kính Chúa trên cao. Linh thiêng, ôi phút giây giờ đây khi đoàn con được chiêm ngắm nhan thánh Chúa chí nhân quyền uy.', 1, 'publish'),
(701, 'lòng Chúa ái tuất', 0, '2020/04/08', '1. [G]Đây lòng Chúa ái [B7]tuất không bến [Em]bờ, [G]Thương loài nhân [E7]thế đang [Am]vướng tội [D]nhơ. [G]Đem trót Máu [Em]Thịt nuôi [Bm]dưỡng xác [D]hồn. [G]Ngày đêm ban [Bm]xuống cho [D]muôn ngàn [G]ơn.\r\n\r\nĐK: Con xin kính [Bm]tin sắp [Em]mình thờ lạy [G]Chúa [D7]và dâng tiến [G]lên niềm [D7]yêu mến trung [G]thành. Từ nay con [Bm]quyết sống [Em]tình yêu Chúa. [D7]Ở nơi thế [G]gian và [D7]trên chốn Thiên [G]Đình.\r\n\r\n2. Trong hình bánh Chúa náu thân khó hèn.Con dù không thấy luôn vững niềm tin. Đây chính Máu Thịt con Đức Chúa Trời. Là Vua trên hết các Vua trần ai.\r\n\r\n3. Con thờ kính Máu Thánh trong chén này. Rữa sạch hồn con mọi vết bợn nhơ. Ủ ấp con tựa bên Trái Tim Người. Phù hộ con thoát khỏi tay quỷ ma.', 'Đây lòng Chúa ái tuất không bến bờ, Thương loài nhân thế đang vướng tội nhơ. Đem trót Máu Thịt nuôi dưỡng xác hồn. Ngày đêm ban xuống cho muôn ngàn ơn.', 1, 'publish'),
(702, 'đoàn con đến đây', 0, '2020/04/08', '1. [G]Ðoàn con đến [Am]đây dâng [Am]lời ước [D]nguyện, [G]ngày đêm mến [Bm]Cha cho [Am]trọn khối tình [D]con. [G]Ðược yêu mến [Am]Cha bao [C]là êm [D]đềm. [G]Hồn con sướng [Bm]vui, tháng [D7]năm hết ưu [G]phiền.\r\n\r\nÐK: Kính dâng Cha tình [Bm]yêu chúng [G]con, vững tin [Em]Cha niềm [Bm]tin [Am]sắt [G]son. [D]Ðem hết tâm [C]hồn dẫn [D7]dắt chiên lạc [G]đường [Bm]về cùng [Em]Cha hưởng [D7]bao mối tình [G]thương. Kính dâng Cha tình [Bm]yêu chúng [G]con, vững tin [Em]Cha niềm [Em]tin [Am]sắt [Gm]son. [D]Cho đến khi [C]nào ly [D7]thoát khỏi cõi [G]đời. [Bm]Về cùng [Em]Cha hưởng [D7]vinh phúc trên [G]trời.\r\n\r\n2. Nguyện xin Thánh Tâm thương người thế trần, giờ đây xuống ơn ban lại phúc bình yên, và soi lối cho bao đoàn chiên lầm. Ðồng tâm thiết tha mến yêu Chúa nhân hiền', 'Ðoàn con đến đây dâng lời ước nguyện. Ngày đêm mến cha cho trọn khối tình con. Ðược yêu mến Cha bao là êm đềm. Hồn con sướng vui tháng năm hết ưu phiền.', 1, 'publish'),
(705, 'ca vang tình yêu Chúa 3', 0, '2020/04/26', '1. Dòng suối êm [Dm]đềm êm trôi, êm [F]trôi như [A7]ân tình [Dm]Chúa. [Bb] Mùa xuân tinh [C]khôi tô điểm cho [F]đời thắm tươi rực []A7rỡ. [Dm] Dừng bước gian [D7]trần cho tâm can [Gm6]con nghỉ ngơi trong [A7]Ngài. [Dm] Một phút bình [Gm6]yên tim con lâng [A7]lâng ngất ngây đêm [Dm]ngày.\r\n<p style=\"text-align: left;\">ĐK. Tình Chúa [Bb] ngất cao muôn [C7]trùng lấy chi đáp [F]đền xứng ân tình [A7]Chúa? [D7] Nguyện [Gm]xin [C7] mãi đến muôn [F]đời cất câu ca [A7]ngợi tán dương danh [Dm]Ngài.</p>\r\n<p style=\"text-align: left;\">2. Biển núi sông dài mênh mông, mênh mông do ai tạo tác ? Trời cao mây xanh sao tỏ đêm trường chính là tuyệt tác. Tình Chúa khôn lường yêu thương nhân gian nói sao cho vừa. Hằng ấp ủ con nâng niu không ngơi dẫu con ơ hờ.</p>\r\n<p style=\"text-align: left;\">3. Nguyện suốt một đời con xin ca vang, ca vang tình Chúa. Vì muôn ơn thiêng tuôn đổ không ngừng suốt trong cuộc sống. Đời lắm u buồn môi con không ngơi cất câu ca ngợi. Vì Chúa rộng ban cho con bao nhiêu phúc ân trong đời.</p>', 'Dòng suối êm đềm êm trôi, êm trôi như ân tình Chúa. Mùa xuân tinh khôi tô điểm cho đời thắm tươi rực rỡ. Dừng bước gian trần cho tâm can con nghỉ ngơi trong Ngài. Một phút bình yên tim con lâng lâng ngất ngây đêm ngày.', 1, 'publish'),
(706, 'ca vang tình yêu Chúa 4', 0, '2020/04/26', '1. Ngài [Am]là ánh dương soi [G#]đường dọi [G]vào giữa nơi đêm [Dm]trường. Ngài [F]là bóng cây cao [F]rộng phủ [E7]rợp biết bao tâm [Am]hồn.\r\nTình Chúa như ánh trăng [E]thanh tỏa [D7]lan trên khắp dương [Dm]gian. Ngàn [F]năm theo bước chân [Bm]con và [E7]luôn ôm ấp đỡ [Am]nâng.\r\n\r\nĐK. Con luôn ca [Am]vang ân tình Thiên Chúa luôn yêu thương [C]con như là mẫu [Dm]thân. Cho bao gian [F]nan Ngài vẫn ngay [Bm]bên nâng niu con [E]thơ bằng tình yêu [E]mến. [Am]\r\nVang câu tri ân muôn đời cảm mến qua bao ơn [C]thiêng do Ngài khấng [Dm]ban. Ra đi muôn [F]nơi làm chứng giữa [Bm]đời loan tin yêu [E]thương về Chúa chí [Am]nhân.\r\n\r\n2. Đường trần Chúa ơi bao lần miệt mài cuốn theo danh vọng. Một ngày bước chân rã rời tìm về náu nương bên Ngài.\r\nTình Chúa đưa lối con đi vượt qua bao nỗi gian nguy. Ngài luôn kiên nhẫn bên con dù con năm tháng hoang đàng.\r\n\r\n3. Tìm về suối thiêng dạt dào là nguồn phúc ân ngọt ngào. Một đời sống trong ân tình thỏa lòng sướng vui êm đềm.\r\nTình Chúa nuôi dưỡng tâm linh dạy cho con lớn khôn thêm. Miệng con không ngớt ca khen tình yêu Thiên Chúa vững bền.', 'Ngài là ánh dương soi đường dọi vào giữa nơi đêm trường. Ngài là bóng cây cao rộng phủ rợp biết bao tâm hồn. Tình Chúa như ánh trăng thanh tỏa lan trên khắp dương gian.', 1, 'publish');

-- --------------------------------------------------------

--
-- Cấu trúc bảng cho bảng `songcat`
--

CREATE TABLE `songcat` (
  `id` int(11) NOT NULL,
  `id_song` int(11) NOT NULL,
  `id_cat` int(11) NOT NULL
) ENGINE=InnoDB DEFAULT CHARSET=utf8;

--
-- Đang đổ dữ liệu cho bảng `songcat`
--

INSERT INTO `songcat` (`id`, `id_song`, `id_cat`) VALUES
(1, 106, 130),
(2, 106, 62),
(3, 106, 208),
(4, 106, 155),
(5, 112, 67),
(6, 112, 62),
(7, 112, 208),
(8, 112, 154),
(9, 119, 131),
(10, 119, 61),
(11, 119, 214),
(12, 119, 154),
(13, 123, 65),
(14, 123, 61),
(15, 123, 208),
(16, 123, 171),
(17, 125, 126),
(18, 125, 42),
(19, 125, 220),
(20, 125, 171),
(21, 129, 67),
(22, 129, 62),
(23, 129, 208),
(24, 129, 154),
(25, 131, 95),
(26, 131, 62),
(27, 131, 208),
(28, 131, 163),
(29, 133, 111),
(30, 133, 52),
(31, 133, 219),
(32, 133, 171),
(33, 137, 95),
(34, 137, 62),
(35, 137, 132),
(36, 137, 222),
(37, 137, 162),
(38, 140, 63),
(39, 140, 50),
(40, 140, 222),
(41, 140, 154),
(42, 141, 50),
(43, 141, 208),
(44, 141, 154),
(45, 143, 62),
(46, 143, 222),
(47, 143, 162),
(48, 144, 62),
(49, 144, 209),
(50, 144, 162),
(51, 169, 120),
(52, 169, 62),
(53, 169, 212),
(54, 169, 154),
(55, 170, 62),
(56, 170, 208),
(57, 170, 167),
(58, 172, 95),
(59, 172, 62),
(60, 172, 208),
(61, 172, 155),
(62, 173, 120),
(63, 173, 62),
(64, 173, 132),
(65, 173, 208),
(66, 173, 163),
(67, 174, 67),
(68, 174, 57),
(69, 174, 208),
(70, 174, 163),
(71, 175, 111),
(72, 175, 62),
(73, 175, 132),
(74, 175, 213),
(75, 175, 171),
(76, 176, 111),
(77, 176, 52),
(78, 176, 213),
(79, 176, 152),
(80, 182, 128),
(81, 182, 61),
(82, 182, 208),
(83, 182, 155),
(84, 183, 87),
(85, 183, 62),
(86, 183, 132),
(87, 183, 214),
(88, 183, 162),
(89, 184, 133),
(90, 184, 61),
(91, 184, 210),
(92, 184, 163),
(93, 185, 66),
(94, 185, 62),
(95, 185, 208),
(96, 185, 171),
(97, 187, 95),
(98, 187, 52),
(99, 187, 223),
(100, 187, 162),
(101, 191, 105),
(102, 191, 45),
(103, 191, 220),
(104, 191, 154),
(105, 192, 105),
(106, 192, 45),
(107, 192, 210),
(108, 192, 154),
(109, 193, 105),
(110, 193, 45),
(111, 193, 213),
(112, 193, 154),
(113, 195, 105),
(114, 195, 45),
(115, 195, 208),
(116, 195, 154),
(117, 190, 105),
(118, 190, 45),
(119, 190, 208),
(120, 190, 154),
(121, 197, 105),
(122, 197, 45),
(123, 197, 208),
(124, 197, 154),
(125, 198, 105),
(126, 198, 45),
(127, 198, 208),
(128, 198, 154),
(129, 199, 105),
(130, 199, 45),
(131, 199, 208),
(132, 199, 154),
(133, 200, 105),
(134, 200, 45),
(135, 200, 208),
(136, 200, 154),
(137, 201, 105),
(138, 201, 45),
(139, 201, 208),
(140, 201, 154),
(141, 212, 121),
(142, 212, 50),
(143, 212, 210),
(144, 212, 154),
(145, 213, 67),
(146, 213, 50),
(147, 213, 210),
(148, 213, 164),
(149, 214, 50),
(150, 214, 208),
(151, 214, 170),
(152, 215, 135),
(153, 215, 50),
(154, 215, 208),
(155, 215, 175),
(156, 226, 111),
(157, 226, 50),
(158, 226, 210),
(159, 226, 158),
(160, 227, 132),
(161, 227, 216),
(162, 227, 154),
(163, 228, 116),
(164, 228, 42),
(165, 228, 210),
(166, 228, 171),
(167, 229, 111),
(168, 229, 41),
(169, 229, 216),
(170, 229, 163),
(171, 230, 111),
(172, 230, 41),
(173, 230, 213),
(174, 230, 171),
(175, 231, 92),
(176, 231, 52),
(177, 231, 213),
(178, 231, 154),
(179, 232, 136),
(180, 232, 62),
(181, 232, 208),
(182, 232, 154),
(183, 236, 135),
(184, 236, 50),
(185, 236, 210),
(186, 236, 175),
(187, 237, 100),
(188, 237, 62),
(189, 237, 208),
(190, 237, 154),
(191, 238, 137),
(192, 238, 132),
(193, 238, 213),
(194, 238, 159),
(195, 239, 105),
(196, 239, 132),
(197, 239, 213),
(198, 239, 171),
(199, 240, 70),
(200, 240, 62),
(201, 240, 210),
(202, 240, 153),
(203, 243, 138),
(204, 243, 50),
(205, 243, 208),
(206, 243, 153),
(207, 244, 111),
(208, 244, 52),
(209, 244, 214),
(210, 244, 154),
(211, 245, 95),
(212, 245, 62),
(213, 245, 210),
(214, 245, 154),
(215, 246, 132),
(216, 246, 208),
(217, 246, 154),
(218, 247, 62),
(219, 247, 208),
(220, 247, 171),
(221, 248, 101),
(222, 248, 62),
(223, 248, 213),
(224, 248, 165),
(225, 249, 93),
(226, 249, 62),
(227, 249, 213),
(228, 249, 171),
(229, 250, 91),
(230, 250, 132),
(231, 250, 213),
(232, 250, 175),
(233, 253, 139),
(234, 253, 52),
(235, 253, 209),
(236, 253, 173),
(237, 257, 52),
(238, 257, 208),
(239, 257, 171),
(240, 259, 52),
(241, 259, 220),
(242, 259, 159),
(243, 261, 140),
(244, 261, 52),
(245, 261, 220),
(246, 261, 159),
(247, 263, 79),
(248, 263, 57),
(249, 263, 208),
(250, 263, 154),
(251, 266, 114),
(252, 266, 132),
(253, 266, 214),
(254, 266, 155),
(255, 267, 114),
(256, 267, 45),
(257, 267, 208),
(258, 267, 155),
(259, 268, 141),
(260, 268, 45),
(261, 268, 211),
(262, 268, 159),
(263, 269, 116),
(264, 269, 45),
(265, 269, 208),
(266, 269, 162),
(267, 270, 116),
(268, 270, 45),
(269, 270, 208),
(270, 270, 165),
(271, 271, 112),
(272, 271, 45),
(273, 271, 210),
(274, 271, 171),
(275, 280, 142),
(276, 280, 132),
(277, 280, 220),
(278, 280, 158),
(279, 281, 143),
(280, 281, 62),
(281, 281, 213),
(282, 281, 164),
(283, 286, 144),
(284, 286, 50),
(285, 286, 214),
(286, 286, 163),
(287, 293, 110),
(288, 293, 62),
(289, 293, 210),
(290, 293, 154),
(291, 297, 145),
(292, 297, 62),
(293, 297, 208),
(294, 297, 165),
(295, 300, 146),
(296, 300, 62),
(297, 300, 220),
(298, 300, 165),
(299, 304, 94),
(300, 304, 62),
(301, 304, 210),
(302, 304, 171),
(303, 306, 95),
(304, 306, 105),
(305, 306, 62),
(306, 306, 210),
(307, 306, 171),
(308, 312, 121),
(309, 312, 42),
(310, 312, 214),
(311, 312, 154),
(312, 313, 105),
(313, 313, 42),
(314, 313, 208),
(315, 313, 164),
(316, 315, 82),
(317, 315, 67),
(318, 315, 62),
(319, 315, 219),
(320, 315, 171),
(321, 317, 88),
(322, 317, 42),
(323, 317, 208),
(324, 317, 175),
(325, 319, 111),
(326, 319, 39),
(327, 319, 214),
(328, 319, 154),
(329, 325, 105),
(330, 325, 41),
(331, 325, 208),
(332, 325, 159),
(333, 328, 147),
(334, 328, 62),
(335, 328, 211),
(336, 328, 159),
(337, 331, 105),
(338, 331, 59),
(339, 331, 208),
(340, 331, 170),
(341, 339, 111),
(342, 339, 62),
(343, 339, 219),
(344, 339, 156),
(345, 343, 66),
(346, 343, 62),
(347, 343, 210),
(348, 343, 154),
(349, 347, 105),
(350, 347, 58),
(351, 347, 210),
(352, 347, 165),
(353, 350, 118),
(354, 350, 58),
(355, 350, 222),
(356, 350, 159),
(357, 353, 148),
(358, 353, 42),
(359, 353, 208),
(360, 353, 163),
(361, 356, 76),
(362, 356, 42),
(363, 356, 208),
(364, 356, 155),
(365, 359, 111),
(366, 359, 58),
(367, 359, 222),
(368, 359, 155),
(369, 369, 84),
(370, 369, 59),
(371, 369, 208),
(372, 369, 171),
(373, 372, 95),
(374, 372, 59),
(375, 372, 208),
(376, 372, 163),
(377, 375, 72),
(378, 375, 44),
(379, 375, 220),
(380, 375, 162),
(381, 378, 110),
(382, 378, 40),
(383, 378, 208),
(384, 378, 158),
(385, 381, 95),
(386, 381, 48),
(387, 381, 208),
(388, 381, 155),
(389, 384, 95),
(390, 384, 48),
(391, 384, 211),
(392, 384, 164),
(393, 386, 114),
(394, 386, 49),
(395, 386, 48),
(396, 386, 219),
(397, 386, 164),
(398, 388, 76),
(399, 388, 49),
(400, 388, 208),
(401, 388, 154),
(402, 391, 76),
(403, 391, 49),
(404, 391, 208),
(405, 391, 164),
(406, 393, 110),
(407, 393, 49),
(408, 393, 208),
(409, 393, 154),
(410, 396, 149),
(411, 396, 49),
(412, 396, 208),
(413, 396, 168),
(414, 399, 110),
(415, 399, 42),
(416, 399, 208),
(417, 399, 171),
(418, 402, 67),
(419, 402, 50),
(420, 402, 62),
(421, 402, 208),
(422, 402, 154),
(423, 405, 150),
(424, 405, 62),
(425, 405, 214),
(426, 405, 154),
(427, 408, 127),
(428, 408, 62),
(429, 408, 219),
(430, 408, 154),
(431, 412, 151),
(432, 412, 62),
(433, 412, 208),
(434, 412, 171),
(435, 414, 57),
(436, 414, 208),
(437, 414, 171),
(438, 416, 50),
(439, 416, 222),
(440, 416, 171),
(441, 418, 93),
(442, 418, 50),
(443, 418, 208),
(444, 418, 159),
(445, 420, 105),
(446, 420, 50),
(447, 420, 42),
(448, 420, 208),
(449, 420, 164),
(450, 421, 69),
(451, 421, 50),
(452, 421, 214),
(453, 421, 163),
(454, 422, 105),
(455, 422, 50),
(456, 422, 42),
(457, 422, 208),
(458, 422, 164),
(459, 424, 105),
(460, 424, 112),
(461, 424, 50),
(462, 424, 62),
(463, 424, 222),
(464, 424, 171),
(465, 425, 121),
(466, 425, 50),
(467, 425, 212),
(468, 425, 165),
(469, 433, 135),
(470, 433, 62),
(471, 433, 208),
(472, 433, 175),
(473, 435, 111),
(474, 435, 52),
(475, 435, 215),
(476, 435, 163),
(477, 436, 105),
(478, 436, 52),
(479, 436, 208),
(480, 439, 111),
(481, 439, 62),
(482, 439, 222),
(483, 439, 171),
(484, 443, 69),
(485, 443, 39),
(486, 443, 220),
(487, 443, 173),
(488, 444, 178),
(489, 444, 62),
(490, 444, 210),
(491, 444, 163),
(492, 452, 179),
(493, 452, 62),
(494, 452, 220),
(495, 452, 163),
(496, 454, 70),
(497, 454, 62),
(498, 454, 208),
(499, 454, 163),
(500, 456, 88),
(501, 456, 222),
(502, 456, 165),
(503, 459, 82),
(504, 459, 67),
(505, 459, 42),
(506, 459, 208),
(507, 464, 110),
(508, 464, 48),
(509, 464, 208),
(510, 464, 165),
(511, 465, 180),
(512, 465, 48),
(513, 465, 208),
(514, 465, 171),
(515, 466, 111),
(516, 466, 48),
(517, 466, 208),
(518, 466, 171),
(519, 468, 49),
(520, 468, 208),
(521, 468, 158),
(522, 469, 72),
(523, 469, 181),
(524, 469, 49),
(525, 469, 208),
(526, 469, 159),
(527, 473, 182),
(528, 473, 49),
(529, 473, 210),
(530, 473, 155),
(531, 475, 183),
(532, 475, 184),
(533, 475, 209),
(534, 475, 155),
(535, 478, 84),
(536, 478, 62),
(537, 478, 208),
(538, 478, 154),
(539, 479, 84),
(540, 479, 42),
(541, 479, 220),
(542, 479, 164),
(543, 490, 95),
(544, 490, 62),
(545, 490, 208),
(546, 490, 154),
(547, 491, 128),
(548, 491, 61),
(549, 491, 208),
(550, 491, 155),
(551, 494, 185),
(552, 494, 62),
(553, 494, 208),
(554, 494, 162),
(555, 495, 95),
(556, 495, 50),
(557, 495, 62),
(558, 495, 208),
(559, 495, 171),
(560, 497, 116),
(561, 497, 43),
(562, 497, 220),
(563, 497, 164),
(564, 498, 183),
(565, 498, 62),
(566, 498, 213),
(567, 498, 155),
(568, 499, 130),
(569, 499, 39),
(570, 499, 62),
(571, 499, 208),
(572, 499, 163),
(573, 504, 186),
(574, 504, 62),
(575, 504, 208),
(576, 504, 163),
(577, 505, 111),
(578, 505, 62),
(579, 505, 208),
(580, 505, 165),
(581, 507, 187),
(582, 507, 62),
(583, 507, 208),
(584, 507, 155),
(585, 508, 95),
(586, 508, 62),
(587, 508, 208),
(588, 508, 165),
(589, 509, 188),
(590, 509, 42),
(591, 509, 220),
(592, 509, 164),
(593, 511, 116),
(594, 511, 57),
(595, 511, 208),
(596, 511, 166),
(597, 513, 138),
(598, 513, 220),
(599, 513, 171),
(600, 518, 95),
(601, 518, 49),
(602, 518, 219),
(603, 518, 175),
(604, 519, 189),
(605, 519, 49),
(606, 519, 211),
(607, 519, 163),
(608, 522, 84),
(609, 522, 49),
(610, 522, 220),
(611, 522, 171),
(612, 523, 88),
(613, 523, 49),
(614, 523, 208),
(615, 523, 171),
(616, 524, 189),
(617, 524, 49),
(618, 524, 211),
(619, 524, 154),
(620, 526, 189),
(621, 526, 49),
(622, 526, 210),
(623, 526, 155),
(624, 528, 129),
(625, 528, 49),
(626, 528, 210),
(627, 528, 155),
(628, 529, 190),
(629, 529, 49),
(630, 529, 210),
(631, 529, 171),
(632, 531, 191),
(633, 531, 49),
(634, 531, 223),
(635, 531, 153),
(636, 532, 66),
(637, 532, 49),
(638, 532, 210),
(639, 532, 154),
(640, 533, 95),
(641, 533, 45),
(642, 533, 208),
(643, 533, 171),
(644, 534, 189),
(645, 534, 46),
(646, 534, 220),
(647, 534, 159),
(648, 535, 189),
(649, 535, 58),
(650, 535, 55),
(651, 535, 210),
(652, 535, 173),
(653, 540, 119),
(654, 540, 62),
(655, 540, 208),
(656, 540, 154),
(657, 541, 122),
(658, 541, 62),
(659, 541, 208),
(660, 541, 171),
(661, 545, 95),
(662, 545, 62),
(663, 545, 210),
(664, 545, 175),
(665, 546, 192),
(666, 546, 50),
(667, 546, 62),
(668, 546, 214),
(669, 546, 155),
(670, 549, 193),
(671, 549, 60),
(672, 549, 222),
(673, 549, 165),
(674, 550, 105),
(675, 550, 58),
(676, 550, 208),
(677, 550, 162),
(678, 551, 105),
(679, 551, 58),
(680, 551, 208),
(681, 551, 176),
(682, 552, 105),
(683, 552, 60),
(684, 552, 220),
(685, 552, 155),
(686, 553, 105),
(687, 553, 60),
(688, 553, 208),
(689, 553, 165),
(690, 554, 95),
(691, 554, 60),
(692, 554, 208),
(693, 554, 171),
(694, 555, 189),
(695, 555, 38),
(696, 555, 208),
(697, 555, 153),
(698, 556, 189),
(699, 556, 38),
(700, 556, 219),
(701, 556, 153),
(702, 560, 69),
(703, 560, 50),
(704, 560, 210),
(705, 561, 95),
(706, 561, 50),
(707, 561, 210),
(708, 561, 170),
(709, 564, 194),
(710, 564, 50),
(711, 564, 208),
(712, 564, 153),
(713, 565, 69),
(714, 565, 50),
(715, 565, 208),
(716, 565, 163),
(717, 571, 70),
(718, 571, 50),
(719, 571, 208),
(720, 571, 155),
(721, 572, 121),
(722, 572, 50),
(723, 572, 212),
(724, 572, 158),
(725, 573, 76),
(726, 573, 50),
(727, 573, 211),
(728, 573, 158),
(729, 576, 195),
(730, 576, 50),
(731, 576, 208),
(732, 576, 154),
(733, 582, 67),
(734, 582, 50),
(735, 582, 211),
(736, 582, 154),
(737, 583, 137),
(738, 583, 62),
(739, 583, 132),
(740, 583, 208),
(741, 583, 175),
(742, 584, 106),
(743, 584, 50),
(744, 584, 208),
(745, 584, 159),
(746, 585, 189),
(747, 585, 38),
(748, 585, 208),
(749, 585, 162),
(750, 586, 130),
(751, 586, 50),
(752, 586, 62),
(753, 586, 208),
(754, 586, 175),
(755, 587, 133),
(756, 587, 50),
(757, 587, 208),
(758, 587, 162),
(759, 590, 196),
(760, 590, 52),
(761, 590, 220),
(762, 590, 159),
(763, 593, 67),
(764, 593, 61),
(765, 593, 208),
(766, 593, 154),
(767, 595, 111),
(768, 595, 62),
(769, 595, 184),
(770, 595, 216),
(771, 595, 158),
(772, 598, 95),
(773, 598, 62),
(774, 598, 208),
(775, 598, 163),
(776, 601, 197),
(777, 601, 42),
(778, 601, 208),
(779, 601, 162),
(780, 602, 197),
(781, 602, 62),
(782, 602, 208),
(783, 602, 171),
(784, 603, 197),
(785, 603, 62),
(786, 603, 208),
(787, 603, 171),
(788, 604, 197),
(789, 604, 62),
(790, 604, 208),
(791, 604, 171),
(792, 605, 197),
(793, 605, 62),
(794, 605, 208),
(795, 605, 171),
(796, 606, 197),
(797, 606, 62),
(798, 606, 208),
(799, 606, 171),
(800, 608, 110),
(801, 608, 62),
(802, 608, 220),
(803, 608, 163),
(804, 609, 123),
(805, 609, 62),
(806, 609, 211),
(807, 609, 154),
(808, 610, 62),
(809, 610, 208),
(810, 610, 154),
(811, 611, 76),
(812, 611, 42),
(813, 611, 208),
(814, 611, 154),
(815, 612, 198),
(816, 612, 62),
(817, 612, 208),
(818, 612, 154),
(819, 614, 69),
(820, 614, 60),
(821, 614, 222),
(822, 614, 164),
(823, 616, 88),
(824, 616, 50),
(825, 616, 220),
(826, 616, 171),
(827, 617, 67),
(828, 617, 50),
(829, 617, 42),
(830, 617, 208),
(831, 617, 164),
(832, 625, 189),
(833, 625, 50),
(834, 625, 208),
(835, 625, 171),
(836, 628, 67),
(837, 628, 62),
(838, 628, 208),
(839, 628, 153),
(840, 630, 126),
(841, 630, 62),
(842, 630, 208),
(843, 630, 155),
(844, 632, 135),
(845, 632, 62),
(846, 632, 208),
(847, 632, 159),
(848, 633, 127),
(849, 633, 52),
(850, 633, 220),
(851, 633, 154),
(852, 634, 111),
(853, 634, 52),
(854, 634, 55),
(855, 634, 208),
(856, 634, 154),
(857, 636, 95),
(858, 636, 62),
(859, 636, 220),
(860, 636, 173),
(861, 637, 69),
(862, 637, 62),
(863, 637, 211),
(864, 637, 171),
(865, 640, 76),
(866, 640, 62),
(867, 640, 210),
(868, 640, 159),
(869, 641, 199),
(870, 641, 62),
(871, 641, 208),
(872, 641, 158),
(873, 644, 111),
(874, 644, 62),
(875, 644, 209),
(876, 644, 163),
(877, 646, 105),
(878, 646, 62),
(879, 646, 220),
(880, 646, 171),
(881, 647, 67),
(882, 647, 62),
(883, 647, 210),
(884, 647, 163),
(885, 648, 67),
(886, 648, 42),
(887, 648, 208),
(888, 648, 157),
(889, 649, 67),
(890, 649, 42),
(891, 649, 208),
(892, 649, 163),
(893, 651, 67),
(894, 651, 42),
(895, 651, 208),
(896, 651, 163),
(897, 655, 189),
(898, 655, 62),
(899, 655, 217),
(900, 655, 163),
(901, 658, 201),
(902, 658, 200),
(903, 658, 220),
(904, 658, 154),
(905, 659, 87),
(906, 659, 200),
(907, 659, 223),
(908, 659, 163),
(909, 660, 93),
(910, 660, 200),
(911, 660, 208),
(912, 660, 175),
(913, 661, 111),
(914, 661, 210),
(915, 661, 155),
(916, 664, 84),
(917, 664, 202),
(918, 664, 208),
(919, 664, 153),
(920, 663, 146),
(921, 663, 202),
(922, 663, 223),
(923, 663, 152),
(924, 665, 88),
(925, 665, 202),
(926, 665, 208),
(927, 665, 165),
(928, 666, 135),
(929, 666, 202),
(930, 666, 223),
(931, 666, 154),
(932, 668, 203),
(933, 668, 49),
(934, 668, 210),
(935, 668, 171),
(936, 670, 189),
(937, 670, 49),
(938, 670, 223),
(939, 670, 171),
(940, 673, 189),
(941, 673, 62),
(942, 673, 208),
(943, 673, 155),
(944, 674, 196),
(945, 674, 62),
(946, 674, 220),
(947, 674, 159),
(948, 675, 88),
(949, 675, 62),
(950, 675, 220),
(951, 675, 162),
(952, 676, 84),
(953, 676, 105),
(954, 676, 62),
(955, 676, 208),
(956, 676, 162),
(957, 679, 189),
(958, 679, 184),
(959, 679, 208),
(960, 680, 204),
(961, 680, 44),
(962, 680, 208),
(963, 680, 159),
(964, 682, 205),
(965, 682, 44),
(966, 682, 208),
(967, 682, 171),
(968, 684, 105),
(969, 684, 184),
(970, 684, 208),
(971, 684, 155),
(972, 685, 84),
(973, 685, 50),
(974, 685, 220),
(975, 685, 155),
(976, 690, 88),
(977, 690, 62),
(978, 690, 208),
(979, 690, 164),
(980, 692, 95),
(981, 692, 62),
(982, 692, 208),
(983, 692, 154),
(984, 693, 199),
(985, 693, 54),
(986, 693, 208),
(987, 693, 171),
(988, 694, 189),
(989, 694, 54),
(990, 694, 216),
(991, 694, 154),
(992, 697, 95),
(993, 697, 62),
(994, 697, 211),
(995, 697, 155),
(996, 698, 189),
(997, 698, 54),
(998, 698, 208),
(999, 698, 158),
(1000, 699, 76),
(1001, 699, 54),
(1002, 699, 208),
(1003, 699, 171),
(1004, 700, 111),
(1005, 700, 54),
(1006, 700, 210),
(1007, 700, 167),
(1008, 701, 206),
(1009, 701, 54),
(1010, 701, 216),
(1011, 701, 163),
(1012, 702, 207),
(1013, 702, 216),
(1014, 702, 155),
(1015, 705, 67),
(1016, 705, 62),
(1017, 705, 208),
(1018, 705, 154),
(1019, 706, 67),
(1020, 706, 62),
(1021, 706, 210),
(1022, 706, 154);

-- --------------------------------------------------------

--
-- Cấu trúc bảng cho bảng `songmeta`
--

CREATE TABLE `songmeta` (
  `id` int(11) NOT NULL,
  `id_song` int(11) NOT NULL,
  `key` varchar(10) NOT NULL,
  `value` varchar(15) NOT NULL
) ENGINE=InnoDB DEFAULT CHARSET=utf8;

--
-- Đang đổ dữ liệu cho bảng `songmeta`
--

INSERT INTO `songmeta` (`id`, `id_song`, `key`, `value`) VALUES
(1, 106, 'luotxem', '2109'),
(2, 106, 'lovesong', '0'),
(3, 106, 'hopamchinh', 'Am'),
(4, 112, 'luotxem', '9190'),
(5, 112, 'lovesong', '6'),
(6, 112, 'hopamchinh', 'Dm'),
(7, 119, 'luotxem', '4324'),
(8, 119, 'lovesong', '0'),
(9, 119, 'hopamchinh', 'Am'),
(10, 123, 'luotxem', '1037'),
(11, 123, 'lovesong', '0'),
(12, 123, 'hopamchinh', 'F'),
(13, 125, 'luotxem', '1067'),
(14, 125, 'lovesong', '0'),
(15, 125, 'hopamchinh', 'Am'),
(16, 129, 'luotxem', '6529'),
(17, 129, 'lovesong', '1'),
(18, 129, 'hopamchinh', 'Dm'),
(19, 131, 'luotxem', '1661'),
(20, 131, 'lovesong', '0'),
(21, 131, 'hopamchinh', 'Am'),
(22, 133, 'luotxem', '1071'),
(23, 133, 'lovesong', '0'),
(24, 133, 'hopamchinh', 'A'),
(25, 137, 'luotxem', '1327'),
(26, 137, 'lovesong', '2'),
(27, 137, 'hopamchinh', 'Dm'),
(28, 140, 'luotxem', '1185'),
(29, 140, 'lovesong', '1'),
(30, 140, 'hopamchinh', 'Cm'),
(31, 141, 'luotxem', '688'),
(32, 141, 'lovesong', '0'),
(33, 141, 'hopamchinh', 'Am'),
(34, 143, 'luotxem', '577'),
(35, 143, 'lovesong', '0'),
(36, 143, 'hopamchinh', 'Em'),
(37, 144, 'luotxem', '924'),
(38, 144, 'lovesong', '0'),
(39, 144, 'hopamchinh', 'Am'),
(40, 169, 'luotxem', '1582'),
(41, 169, 'lovesong', '0'),
(42, 169, 'hopamchinh', 'Dm'),
(43, 170, 'luotxem', '1895'),
(44, 170, 'lovesong', '0'),
(45, 170, 'hopamchinh', 'C'),
(46, 172, 'luotxem', '1282'),
(47, 172, 'lovesong', '1'),
(48, 172, 'hopamchinh', 'Am'),
(49, 173, 'luotxem', '1883'),
(50, 173, 'lovesong', '0'),
(51, 173, 'hopamchinh', ''),
(52, 174, 'luotxem', '1169'),
(53, 174, 'lovesong', '0'),
(54, 174, 'hopamchinh', 'Am'),
(55, 175, 'luotxem', '2437'),
(56, 175, 'lovesong', '1'),
(57, 175, 'hopamchinh', 'D'),
(58, 176, 'luotxem', '1265'),
(59, 176, 'lovesong', '0'),
(60, 176, 'hopamchinh', 'A'),
(61, 182, 'luotxem', '1893'),
(62, 182, 'lovesong', '0'),
(63, 182, 'hopamchinh', 'Fm'),
(64, 183, 'luotxem', '2888'),
(65, 183, 'lovesong', '0'),
(66, 183, 'hopamchinh', 'Dm'),
(67, 184, 'luotxem', '2261'),
(68, 184, 'lovesong', '0'),
(69, 184, 'hopamchinh', 'Dm'),
(70, 185, 'luotxem', '1445'),
(71, 185, 'lovesong', '0'),
(72, 185, 'hopamchinh', 'Cm'),
(73, 187, 'luotxem', '3268'),
(74, 187, 'lovesong', '1'),
(75, 187, 'hopamchinh', 'Dm'),
(76, 191, 'luotxem', '731'),
(77, 191, 'lovesong', '0'),
(78, 191, 'hopamchinh', 'F'),
(79, 192, 'luotxem', '871'),
(80, 192, 'lovesong', '0'),
(81, 192, 'hopamchinh', 'Am'),
(82, 193, 'luotxem', '592'),
(83, 193, 'lovesong', '0'),
(84, 193, 'hopamchinh', 'Em'),
(85, 195, 'luotxem', '896'),
(86, 195, 'lovesong', '0'),
(87, 195, 'hopamchinh', 'Gm'),
(88, 190, 'luotxem', '642'),
(89, 190, 'lovesong', '0'),
(90, 190, 'hopamchinh', 'F'),
(91, 197, 'luotxem', '660'),
(92, 197, 'lovesong', '0'),
(93, 197, 'hopamchinh', 'Gm'),
(94, 198, 'luotxem', '1027'),
(95, 198, 'lovesong', '0'),
(96, 198, 'hopamchinh', 'Am'),
(97, 199, 'luotxem', '644'),
(98, 199, 'lovesong', '0'),
(99, 199, 'hopamchinh', 'Am'),
(100, 200, 'luotxem', '707'),
(101, 200, 'lovesong', '0'),
(102, 200, 'hopamchinh', 'Dm'),
(103, 201, 'luotxem', '597'),
(104, 201, 'lovesong', '0'),
(105, 201, 'hopamchinh', 'Dm'),
(106, 212, 'luotxem', '2071'),
(107, 212, 'lovesong', '0'),
(108, 212, 'hopamchinh', 'F'),
(109, 213, 'luotxem', '2648'),
(110, 213, 'lovesong', '1'),
(111, 213, 'hopamchinh', 'Em'),
(112, 214, 'luotxem', '1858'),
(113, 214, 'lovesong', '0'),
(114, 214, 'hopamchinh', 'Bm'),
(115, 215, 'luotxem', '666'),
(116, 215, 'lovesong', '0'),
(117, 215, 'hopamchinh', 'Bm'),
(118, 226, 'luotxem', '1772'),
(119, 226, 'lovesong', '0'),
(120, 226, 'hopamchinh', 'F'),
(121, 227, 'luotxem', '2545'),
(122, 227, 'lovesong', '0'),
(123, 227, 'hopamchinh', 'D'),
(124, 228, 'luotxem', '1803'),
(125, 228, 'lovesong', '0'),
(126, 228, 'hopamchinh', 'Dm'),
(127, 229, 'luotxem', '2550'),
(128, 229, 'lovesong', '0'),
(129, 229, 'hopamchinh', 'D'),
(130, 230, 'luotxem', '1905'),
(131, 230, 'lovesong', '1'),
(132, 230, 'hopamchinh', 'Am'),
(133, 231, 'luotxem', '1235'),
(134, 231, 'lovesong', '1'),
(135, 231, 'hopamchinh', 'G'),
(136, 232, 'luotxem', '1840'),
(137, 232, 'lovesong', '0'),
(138, 232, 'hopamchinh', 'D'),
(139, 236, 'luotxem', '550'),
(140, 236, 'lovesong', '0'),
(141, 236, 'hopamchinh', 'Dm'),
(142, 237, 'luotxem', '1094'),
(143, 237, 'lovesong', '0'),
(144, 237, 'hopamchinh', 'Dm'),
(145, 238, 'luotxem', '2299'),
(146, 238, 'lovesong', '0'),
(147, 238, 'hopamchinh', 'C'),
(148, 239, 'luotxem', '952'),
(149, 239, 'lovesong', '0'),
(150, 239, 'hopamchinh', 'Dm'),
(151, 240, 'luotxem', '1978'),
(152, 240, 'lovesong', '0'),
(153, 240, 'hopamchinh', 'Am'),
(154, 243, 'luotxem', '1363'),
(155, 243, 'lovesong', '0'),
(156, 243, 'hopamchinh', 'Am'),
(157, 244, 'luotxem', '1043'),
(158, 244, 'lovesong', '0'),
(159, 244, 'hopamchinh', 'F'),
(160, 245, 'luotxem', '2149'),
(161, 245, 'lovesong', '0'),
(162, 245, 'hopamchinh', 'Dm'),
(163, 246, 'luotxem', '1029'),
(164, 246, 'lovesong', '0'),
(165, 246, 'hopamchinh', 'em'),
(166, 247, 'luotxem', '2395'),
(167, 247, 'lovesong', '0'),
(168, 247, 'hopamchinh', 'dm'),
(169, 248, 'luotxem', '1885'),
(170, 248, 'lovesong', '0'),
(171, 248, 'hopamchinh', 'am'),
(172, 249, 'luotxem', '1287'),
(173, 249, 'lovesong', '0'),
(174, 249, 'hopamchinh', 'am'),
(175, 250, 'luotxem', '1708'),
(176, 250, 'lovesong', '0'),
(177, 250, 'hopamchinh', 'dm'),
(178, 253, 'luotxem', '2287'),
(179, 253, 'lovesong', '0'),
(180, 253, 'hopamchinh', 'A'),
(181, 257, 'luotxem', '2153'),
(182, 257, 'lovesong', '0'),
(183, 257, 'hopamchinh', 'G'),
(184, 259, 'luotxem', '1156'),
(185, 259, 'lovesong', '0'),
(186, 259, 'hopamchinh', 'G'),
(187, 261, 'luotxem', '1638'),
(188, 261, 'lovesong', '0'),
(189, 261, 'hopamchinh', 'F'),
(190, 263, 'luotxem', '1510'),
(191, 263, 'lovesong', '0'),
(192, 263, 'hopamchinh', 'Am'),
(193, 266, 'luotxem', '792'),
(194, 266, 'lovesong', '0'),
(195, 266, 'hopamchinh', 'dm'),
(196, 267, 'luotxem', '896'),
(197, 267, 'lovesong', '0'),
(198, 267, 'hopamchinh', 'Am'),
(199, 268, 'luotxem', '704'),
(200, 268, 'lovesong', '0'),
(201, 268, 'hopamchinh', 'cm'),
(202, 269, 'luotxem', '986'),
(203, 269, 'lovesong', '0'),
(204, 269, 'hopamchinh', 'Am'),
(205, 270, 'luotxem', '957'),
(206, 270, 'lovesong', '0'),
(207, 270, 'hopamchinh', 'Am'),
(208, 271, 'luotxem', '1357'),
(209, 271, 'lovesong', '0'),
(210, 271, 'hopamchinh', 'Am'),
(211, 280, 'luotxem', '1094'),
(212, 280, 'lovesong', '0'),
(213, 280, 'hopamchinh', 'Am'),
(214, 281, 'luotxem', '950'),
(215, 281, 'lovesong', '0'),
(216, 281, 'hopamchinh', 'A'),
(217, 286, 'luotxem', '735'),
(218, 286, 'lovesong', '0'),
(219, 286, 'hopamchinh', 'Dm'),
(220, 293, 'luotxem', '2388'),
(221, 293, 'lovesong', '0'),
(222, 293, 'hopamchinh', 'Am'),
(223, 297, 'luotxem', '730'),
(224, 297, 'lovesong', '0'),
(225, 297, 'hopamchinh', 'G'),
(226, 300, 'luotxem', '1665'),
(227, 300, 'lovesong', '0'),
(228, 300, 'hopamchinh', 'd'),
(229, 304, 'luotxem', '2365'),
(230, 304, 'lovesong', '0'),
(231, 304, 'hopamchinh', 'F'),
(232, 306, 'luotxem', '2301'),
(233, 306, 'lovesong', '0'),
(234, 306, 'hopamchinh', 'Am'),
(235, 312, 'luotxem', '2194'),
(236, 312, 'lovesong', '0'),
(237, 312, 'hopamchinh', 'G'),
(238, 313, 'luotxem', '931'),
(239, 313, 'lovesong', '0'),
(240, 313, 'hopamchinh', 'dm'),
(241, 315, 'luotxem', '1439'),
(242, 315, 'lovesong', '0'),
(243, 315, 'hopamchinh', 'G'),
(244, 317, 'luotxem', '2402'),
(245, 317, 'lovesong', '0'),
(246, 317, 'hopamchinh', 'G'),
(247, 319, 'luotxem', '1056'),
(248, 319, 'lovesong', '0'),
(249, 319, 'hopamchinh', 'd'),
(250, 325, 'luotxem', '2081'),
(251, 325, 'lovesong', '0'),
(252, 325, 'hopamchinh', 'Am'),
(253, 328, 'luotxem', '1843'),
(254, 328, 'lovesong', '2'),
(255, 328, 'hopamchinh', 'Dm'),
(256, 331, 'luotxem', '1319'),
(257, 331, 'lovesong', '0'),
(258, 331, 'hopamchinh', 'Am'),
(259, 339, 'luotxem', '1373'),
(260, 339, 'lovesong', '0'),
(261, 339, 'hopamchinh', 'F'),
(262, 343, 'luotxem', '1005'),
(263, 343, 'lovesong', '0'),
(264, 343, 'hopamchinh', 'f'),
(265, 347, 'luotxem', '1610'),
(266, 347, 'lovesong', '0'),
(267, 347, 'hopamchinh', 'Dm'),
(268, 350, 'luotxem', '1861'),
(269, 350, 'lovesong', '0'),
(270, 350, 'hopamchinh', 'am'),
(271, 353, 'luotxem', '1373'),
(272, 353, 'lovesong', '0'),
(273, 353, 'hopamchinh', 'am'),
(274, 356, 'luotxem', '1247'),
(275, 356, 'lovesong', '0'),
(276, 356, 'hopamchinh', 'Dm'),
(277, 359, 'luotxem', '1514'),
(278, 359, 'lovesong', '0'),
(279, 359, 'hopamchinh', 'G'),
(280, 369, 'luotxem', '2102'),
(281, 369, 'lovesong', '0'),
(282, 369, 'hopamchinh', 'em'),
(283, 372, 'luotxem', '1539'),
(284, 372, 'lovesong', '0'),
(285, 372, 'hopamchinh', 'em'),
(286, 375, 'luotxem', '1273'),
(287, 375, 'lovesong', '0'),
(288, 375, 'hopamchinh', 'C'),
(289, 378, 'luotxem', '1407'),
(290, 378, 'lovesong', '0'),
(291, 378, 'hopamchinh', 'Am'),
(292, 381, 'luotxem', '2528'),
(293, 381, 'lovesong', '3'),
(294, 381, 'hopamchinh', 'Am'),
(295, 384, 'luotxem', '2405'),
(296, 384, 'lovesong', '0'),
(297, 384, 'hopamchinh', 'Am'),
(298, 386, 'luotxem', '1278'),
(299, 386, 'lovesong', '0'),
(300, 386, 'hopamchinh', 'Dm'),
(301, 388, 'luotxem', '1516'),
(302, 388, 'lovesong', '0'),
(303, 388, 'hopamchinh', 'Am'),
(304, 391, 'luotxem', '1408'),
(305, 391, 'lovesong', '0'),
(306, 391, 'hopamchinh', 'dm'),
(307, 393, 'luotxem', '657'),
(308, 393, 'lovesong', '0'),
(309, 393, 'hopamchinh', 'gm'),
(310, 396, 'luotxem', '584'),
(311, 396, 'lovesong', '0'),
(312, 396, 'hopamchinh', 'F'),
(313, 399, 'luotxem', '2309'),
(314, 399, 'lovesong', '0'),
(315, 399, 'hopamchinh', 'Dm'),
(316, 402, 'luotxem', '2312'),
(317, 402, 'lovesong', '3'),
(318, 402, 'hopamchinh', 'dm'),
(319, 405, 'luotxem', '782'),
(320, 405, 'lovesong', '0'),
(321, 405, 'hopamchinh', 'g'),
(322, 408, 'luotxem', '702'),
(323, 408, 'lovesong', '0'),
(324, 408, 'hopamchinh', 'am'),
(325, 412, 'luotxem', '604'),
(326, 412, 'lovesong', '0'),
(327, 412, 'hopamchinh', 'Dm'),
(328, 414, 'luotxem', '1082'),
(329, 414, 'lovesong', '0'),
(330, 414, 'hopamchinh', 'Gm'),
(331, 416, 'luotxem', '852'),
(332, 416, 'lovesong', '0'),
(333, 416, 'hopamchinh', 'Dm'),
(334, 418, 'luotxem', '2378'),
(335, 418, 'lovesong', '0'),
(336, 418, 'hopamchinh', 'Am'),
(337, 420, 'luotxem', '1288'),
(338, 420, 'lovesong', '1'),
(339, 420, 'hopamchinh', ''),
(340, 421, 'luotxem', '1013'),
(341, 421, 'lovesong', '0'),
(342, 421, 'hopamchinh', 'Am'),
(343, 422, 'luotxem', '940'),
(344, 422, 'lovesong', '0'),
(345, 422, 'hopamchinh', 'Dm'),
(346, 424, 'luotxem', '2087'),
(347, 424, 'lovesong', '0'),
(348, 424, 'hopamchinh', 'Dm'),
(349, 425, 'luotxem', '957'),
(350, 425, 'lovesong', '1'),
(351, 425, 'hopamchinh', 'Am'),
(352, 433, 'luotxem', '1327'),
(353, 433, 'lovesong', '0'),
(354, 433, 'hopamchinh', 'Am'),
(355, 435, 'luotxem', '832'),
(356, 435, 'lovesong', '0'),
(357, 435, 'hopamchinh', 'Em'),
(358, 436, 'luotxem', '1829'),
(359, 436, 'lovesong', '0'),
(360, 436, 'hopamchinh', 'c'),
(361, 439, 'luotxem', '1254'),
(362, 439, 'lovesong', '0'),
(363, 439, 'hopamchinh', 'Em'),
(364, 443, 'luotxem', '1363'),
(365, 443, 'lovesong', '0'),
(366, 443, 'hopamchinh', 'A'),
(367, 444, 'luotxem', '1048'),
(368, 444, 'lovesong', '0'),
(369, 444, 'hopamchinh', 'Dm'),
(370, 452, 'luotxem', '1296'),
(371, 452, 'lovesong', '0'),
(372, 452, 'hopamchinh', 'Am'),
(373, 454, 'luotxem', '950'),
(374, 454, 'lovesong', '0'),
(375, 454, 'hopamchinh', 'bm'),
(376, 456, 'luotxem', '1759'),
(377, 456, 'lovesong', '0'),
(378, 456, 'hopamchinh', 'f'),
(379, 459, 'luotxem', '1322'),
(380, 459, 'lovesong', '0'),
(381, 459, 'hopamchinh', 'Dm'),
(382, 464, 'luotxem', '932'),
(383, 464, 'lovesong', '0'),
(384, 464, 'hopamchinh', 'A'),
(385, 465, 'luotxem', '2287'),
(386, 465, 'lovesong', '1'),
(387, 465, 'hopamchinh', 'F'),
(388, 466, 'luotxem', '929'),
(389, 466, 'lovesong', '1'),
(390, 466, 'hopamchinh', 'a'),
(391, 468, 'luotxem', '553'),
(392, 468, 'lovesong', '0'),
(393, 468, 'hopamchinh', 'am'),
(394, 469, 'luotxem', '1609'),
(395, 469, 'lovesong', '0'),
(396, 469, 'hopamchinh', 'F'),
(397, 473, 'luotxem', '664'),
(398, 473, 'lovesong', '0'),
(399, 473, 'hopamchinh', 'f'),
(400, 475, 'luotxem', '1053'),
(401, 475, 'lovesong', '1'),
(402, 475, 'hopamchinh', 'Em'),
(403, 478, 'luotxem', '1214'),
(404, 478, 'lovesong', '0'),
(405, 478, 'hopamchinh', 'Am'),
(406, 479, 'luotxem', '1107'),
(407, 479, 'lovesong', '0'),
(408, 479, 'hopamchinh', 'Dm'),
(409, 490, 'luotxem', '1215'),
(410, 490, 'lovesong', '0'),
(411, 490, 'hopamchinh', 'Cm'),
(412, 491, 'luotxem', '926'),
(413, 491, 'lovesong', '0'),
(414, 491, 'hopamchinh', 'Fm'),
(415, 494, 'luotxem', '1667'),
(416, 494, 'lovesong', '0'),
(417, 494, 'hopamchinh', 'cm'),
(418, 495, 'luotxem', '751'),
(419, 495, 'lovesong', '0'),
(420, 495, 'hopamchinh', 'Dm'),
(421, 497, 'luotxem', '821'),
(422, 497, 'lovesong', '0'),
(423, 497, 'hopamchinh', 'Dm'),
(424, 498, 'luotxem', '896'),
(425, 498, 'lovesong', '0'),
(426, 498, 'hopamchinh', 'G'),
(427, 499, 'luotxem', '1117'),
(428, 499, 'lovesong', '0'),
(429, 499, 'hopamchinh', 'Bm'),
(430, 504, 'luotxem', '2218'),
(431, 504, 'lovesong', '0'),
(432, 504, 'hopamchinh', 'e'),
(433, 505, 'luotxem', '1270'),
(434, 505, 'lovesong', '0'),
(435, 505, 'hopamchinh', 'A'),
(436, 507, 'luotxem', '1419'),
(437, 507, 'lovesong', '0'),
(438, 507, 'hopamchinh', 'g'),
(439, 508, 'luotxem', '650'),
(440, 508, 'lovesong', '0'),
(441, 508, 'hopamchinh', 'dm'),
(442, 509, 'luotxem', '1170'),
(443, 509, 'lovesong', '0'),
(444, 509, 'hopamchinh', 'f'),
(445, 511, 'luotxem', '757'),
(446, 511, 'lovesong', '0'),
(447, 511, 'hopamchinh', 'dm'),
(448, 513, 'luotxem', '1540'),
(449, 513, 'lovesong', '0'),
(450, 513, 'hopamchinh', 'dm'),
(451, 518, 'luotxem', '692'),
(452, 518, 'lovesong', '0'),
(453, 518, 'hopamchinh', 'A'),
(454, 519, 'luotxem', '555'),
(455, 519, 'lovesong', '0'),
(456, 519, 'hopamchinh', 'Em'),
(457, 522, 'luotxem', '1242'),
(458, 522, 'lovesong', '2'),
(459, 522, 'hopamchinh', 'G'),
(460, 523, 'luotxem', '1157'),
(461, 523, 'lovesong', '0'),
(462, 523, 'hopamchinh', 'C'),
(463, 524, 'luotxem', '398'),
(464, 524, 'lovesong', '0'),
(465, 524, 'hopamchinh', 'Cm'),
(466, 526, 'luotxem', '365'),
(467, 526, 'lovesong', '0'),
(468, 526, 'hopamchinh', 'C'),
(469, 528, 'luotxem', '731'),
(470, 528, 'lovesong', '0'),
(471, 528, 'hopamchinh', 'C'),
(472, 529, 'luotxem', '421'),
(473, 529, 'lovesong', '0'),
(474, 529, 'hopamchinh', 'C'),
(475, 531, 'luotxem', '438'),
(476, 531, 'lovesong', '0'),
(477, 531, 'hopamchinh', 'Dm'),
(478, 532, 'luotxem', '313'),
(479, 532, 'lovesong', '0'),
(480, 532, 'hopamchinh', 'C'),
(481, 533, 'luotxem', '491'),
(482, 533, 'lovesong', '0'),
(483, 533, 'hopamchinh', 'Am'),
(484, 534, 'luotxem', '1398'),
(485, 534, 'lovesong', '0'),
(486, 534, 'hopamchinh', 'F'),
(487, 535, 'luotxem', '2391'),
(488, 535, 'lovesong', '0'),
(489, 535, 'hopamchinh', 'Am'),
(490, 540, 'luotxem', '1064'),
(491, 540, 'lovesong', '1'),
(492, 540, 'hopamchinh', 'C'),
(493, 541, 'luotxem', '521'),
(494, 541, 'lovesong', '0'),
(495, 541, 'hopamchinh', 'C'),
(496, 545, 'luotxem', '586'),
(497, 545, 'lovesong', '0'),
(498, 545, 'hopamchinh', ''),
(499, 546, 'luotxem', '942'),
(500, 546, 'lovesong', '0'),
(501, 546, 'hopamchinh', 'G'),
(502, 549, 'luotxem', '607'),
(503, 549, 'lovesong', '1'),
(504, 549, 'hopamchinh', 'D'),
(505, 550, 'luotxem', '994'),
(506, 550, 'lovesong', '3'),
(507, 550, 'hopamchinh', 'Dm'),
(508, 551, 'luotxem', '570'),
(509, 551, 'lovesong', '0'),
(510, 551, 'hopamchinh', 'Dm'),
(511, 552, 'luotxem', '981'),
(512, 552, 'lovesong', '1'),
(513, 552, 'hopamchinh', 'C'),
(514, 553, 'luotxem', '823'),
(515, 553, 'lovesong', '0'),
(516, 553, 'hopamchinh', 'Dm'),
(517, 554, 'luotxem', '763'),
(518, 554, 'lovesong', '0'),
(519, 554, 'hopamchinh', 'F'),
(520, 555, 'luotxem', '5820'),
(521, 555, 'lovesong', '5'),
(522, 555, 'hopamchinh', 'Dm'),
(523, 556, 'luotxem', '1673'),
(524, 556, 'lovesong', '0'),
(525, 556, 'hopamchinh', 'C'),
(526, 560, 'luotxem', '652'),
(527, 560, 'lovesong', '3'),
(528, 560, 'hopamchinh', 'A'),
(529, 561, 'luotxem', '704'),
(530, 561, 'lovesong', '0'),
(531, 561, 'hopamchinh', 'Am'),
(532, 564, 'luotxem', '738'),
(533, 564, 'lovesong', '2'),
(534, 564, 'hopamchinh', 'Dm'),
(535, 565, 'luotxem', '457'),
(536, 565, 'lovesong', '3'),
(537, 565, 'hopamchinh', 'Am'),
(538, 571, 'luotxem', '1120'),
(539, 571, 'lovesong', '2'),
(540, 571, 'hopamchinh', 'Am'),
(541, 572, 'luotxem', '418'),
(542, 572, 'lovesong', '0'),
(543, 572, 'hopamchinh', 'Gm'),
(544, 573, 'luotxem', '579'),
(545, 573, 'lovesong', '1'),
(546, 573, 'hopamchinh', 'Dm'),
(547, 576, 'luotxem', '667'),
(548, 576, 'lovesong', '0'),
(549, 576, 'hopamchinh', 'Am'),
(550, 582, 'luotxem', '1709'),
(551, 582, 'lovesong', '0'),
(552, 582, 'hopamchinh', 'Dm'),
(553, 583, 'luotxem', '925'),
(554, 583, 'lovesong', '0'),
(555, 583, 'hopamchinh', 'Am'),
(556, 584, 'luotxem', '4644'),
(557, 584, 'lovesong', '1'),
(558, 584, 'hopamchinh', 'Am'),
(559, 585, 'luotxem', '1093'),
(560, 585, 'lovesong', '0'),
(561, 585, 'hopamchinh', 'D'),
(562, 586, 'luotxem', '806'),
(563, 586, 'lovesong', '1'),
(564, 586, 'hopamchinh', 'Bm'),
(565, 587, 'luotxem', '801'),
(566, 587, 'lovesong', '1'),
(567, 587, 'hopamchinh', 'Gm'),
(568, 590, 'luotxem', '1552'),
(569, 590, 'lovesong', '0'),
(570, 590, 'hopamchinh', 'D'),
(571, 593, 'luotxem', '1173'),
(572, 593, 'lovesong', '0'),
(573, 593, 'hopamchinh', 'dm'),
(574, 595, 'luotxem', '1433'),
(575, 595, 'lovesong', '2'),
(576, 595, 'hopamchinh', 'F'),
(577, 598, 'luotxem', '636'),
(578, 598, 'lovesong', '0'),
(579, 598, 'hopamchinh', 'Am'),
(580, 601, 'luotxem', '1034'),
(581, 601, 'lovesong', '0'),
(582, 601, 'hopamchinh', 'C'),
(583, 602, 'luotxem', '153'),
(584, 602, 'lovesong', '0'),
(585, 602, 'hopamchinh', 'F'),
(586, 603, 'luotxem', '808'),
(587, 603, 'lovesong', '0'),
(588, 603, 'hopamchinh', 'F'),
(589, 604, 'luotxem', '311'),
(590, 604, 'lovesong', '0'),
(591, 604, 'hopamchinh', 'D'),
(592, 605, 'luotxem', '783'),
(593, 605, 'lovesong', '0'),
(594, 605, 'hopamchinh', 'Dm'),
(595, 606, 'luotxem', '525'),
(596, 606, 'lovesong', '0'),
(597, 606, 'hopamchinh', 'D'),
(598, 608, 'luotxem', '651'),
(599, 608, 'lovesong', '0'),
(600, 608, 'hopamchinh', 'Dm'),
(601, 609, 'luotxem', '252'),
(602, 609, 'lovesong', '0'),
(603, 609, 'hopamchinh', ''),
(604, 610, 'luotxem', '226'),
(605, 610, 'lovesong', '0'),
(606, 610, 'hopamchinh', 'Dm'),
(607, 611, 'luotxem', '549'),
(608, 611, 'lovesong', '0'),
(609, 611, 'hopamchinh', 'Dm'),
(610, 612, 'luotxem', '983'),
(611, 612, 'lovesong', '0'),
(612, 612, 'hopamchinh', 'C'),
(613, 614, 'luotxem', '363'),
(614, 614, 'lovesong', '0'),
(615, 614, 'hopamchinh', 'A'),
(616, 616, 'luotxem', '448'),
(617, 616, 'lovesong', '0'),
(618, 616, 'hopamchinh', 'Dm'),
(619, 617, 'luotxem', '301'),
(620, 617, 'lovesong', '0'),
(621, 617, 'hopamchinh', 'Dm'),
(622, 625, 'luotxem', '429'),
(623, 625, 'lovesong', '0'),
(624, 625, 'hopamchinh', 'Bm'),
(625, 628, 'luotxem', '201'),
(626, 628, 'lovesong', '1'),
(627, 628, 'hopamchinh', 'Dm'),
(628, 630, 'luotxem', '390'),
(629, 630, 'lovesong', '1'),
(630, 630, 'hopamchinh', 'G'),
(631, 632, 'luotxem', '179'),
(632, 632, 'lovesong', '0'),
(633, 632, 'hopamchinh', 'Bm'),
(634, 633, 'luotxem', '126'),
(635, 633, 'lovesong', '0'),
(636, 633, 'hopamchinh', 'C'),
(637, 634, 'luotxem', '159'),
(638, 634, 'lovesong', '0'),
(639, 634, 'hopamchinh', 'Bm'),
(640, 636, 'luotxem', '141'),
(641, 636, 'lovesong', '0'),
(642, 636, 'hopamchinh', 'G'),
(643, 637, 'luotxem', '840'),
(644, 637, 'lovesong', '0'),
(645, 637, 'hopamchinh', 'G'),
(646, 640, 'luotxem', '146'),
(647, 640, 'lovesong', '0'),
(648, 640, 'hopamchinh', 'A'),
(649, 641, 'luotxem', '379'),
(650, 641, 'lovesong', '0'),
(651, 641, 'hopamchinh', 'C'),
(652, 644, 'luotxem', '126'),
(653, 644, 'lovesong', '0'),
(654, 644, 'hopamchinh', 'G'),
(655, 646, 'luotxem', '103'),
(656, 646, 'lovesong', '0'),
(657, 646, 'hopamchinh', 'Dm'),
(658, 647, 'luotxem', '138'),
(659, 647, 'lovesong', '0'),
(660, 647, 'hopamchinh', 'Am'),
(661, 648, 'luotxem', '60'),
(662, 648, 'lovesong', '0'),
(663, 648, 'hopamchinh', 'Dm'),
(664, 649, 'luotxem', '62'),
(665, 649, 'lovesong', '0'),
(666, 649, 'hopamchinh', 'Em'),
(667, 651, 'luotxem', '79'),
(668, 651, 'lovesong', '0'),
(669, 651, 'hopamchinh', 'Dm'),
(670, 655, 'luotxem', '162'),
(671, 655, 'lovesong', '0'),
(672, 655, 'hopamchinh', 'Bm'),
(673, 658, 'luotxem', '85'),
(674, 658, 'lovesong', '0'),
(675, 658, 'hopamchinh', 'F'),
(676, 659, 'luotxem', '83'),
(677, 659, 'lovesong', '0'),
(678, 659, 'hopamchinh', 'G'),
(679, 660, 'luotxem', '188'),
(680, 660, 'lovesong', '0'),
(681, 660, 'hopamchinh', 'Am'),
(682, 661, 'luotxem', '63'),
(683, 661, 'lovesong', '0'),
(684, 661, 'hopamchinh', 'D'),
(685, 664, 'luotxem', '174'),
(686, 664, 'lovesong', '0'),
(687, 664, 'hopamchinh', 'Dm'),
(688, 663, 'luotxem', '71'),
(689, 663, 'lovesong', '0'),
(690, 663, 'hopamchinh', 'Gm'),
(691, 665, 'luotxem', '156'),
(692, 665, 'lovesong', '0'),
(693, 665, 'hopamchinh', 'C'),
(694, 666, 'luotxem', '55'),
(695, 666, 'lovesong', '0'),
(696, 666, 'hopamchinh', 'Am'),
(697, 668, 'luotxem', '59'),
(698, 668, 'lovesong', '2'),
(699, 668, 'hopamchinh', 'E'),
(700, 670, 'luotxem', '75'),
(701, 670, 'lovesong', '0'),
(702, 670, 'hopamchinh', 'Em'),
(703, 673, 'luotxem', '54'),
(704, 673, 'lovesong', '0'),
(705, 673, 'hopamchinh', 'D'),
(706, 674, 'luotxem', '65'),
(707, 674, 'lovesong', '0'),
(708, 674, 'hopamchinh', 'A'),
(709, 675, 'luotxem', '44'),
(710, 675, 'lovesong', '0'),
(711, 675, 'hopamchinh', 'G'),
(712, 676, 'luotxem', '163'),
(713, 676, 'lovesong', '0'),
(714, 676, 'hopamchinh', 'Am'),
(715, 679, 'luotxem', '275'),
(716, 679, 'lovesong', '1'),
(717, 679, 'hopamchinh', 'Dm'),
(718, 680, 'luotxem', '56'),
(719, 680, 'lovesong', '0'),
(720, 680, 'hopamchinh', 'Am'),
(721, 682, 'luotxem', '122'),
(722, 682, 'lovesong', '0'),
(723, 682, 'hopamchinh', 'F'),
(724, 684, 'luotxem', '40'),
(725, 684, 'lovesong', '0'),
(726, 684, 'hopamchinh', 'Am'),
(727, 685, 'luotxem', '53'),
(728, 685, 'lovesong', '0'),
(729, 685, 'hopamchinh', 'G'),
(730, 690, 'luotxem', '67'),
(731, 690, 'lovesong', '0'),
(732, 690, 'hopamchinh', 'C'),
(733, 692, 'luotxem', '45'),
(734, 692, 'lovesong', '0'),
(735, 692, 'hopamchinh', 'Am'),
(736, 693, 'luotxem', '12'),
(737, 693, 'lovesong', '0'),
(738, 693, 'hopamchinh', 'C'),
(739, 694, 'luotxem', '42'),
(740, 694, 'lovesong', '0'),
(741, 694, 'hopamchinh', 'G'),
(742, 697, 'luotxem', '30'),
(743, 697, 'lovesong', '0'),
(744, 697, 'hopamchinh', 'F'),
(745, 698, 'luotxem', '39'),
(746, 698, 'lovesong', '0'),
(747, 698, 'hopamchinh', 'C'),
(748, 699, 'luotxem', '25'),
(749, 699, 'lovesong', '0'),
(750, 699, 'hopamchinh', 'F'),
(751, 700, 'luotxem', '32'),
(752, 700, 'lovesong', '0'),
(753, 700, 'hopamchinh', 'C'),
(754, 701, 'luotxem', '33'),
(755, 701, 'lovesong', '0'),
(756, 701, 'hopamchinh', 'G'),
(757, 702, 'luotxem', '39'),
(758, 702, 'lovesong', '0'),
(759, 702, 'hopamchinh', 'G'),
(760, 705, 'luotxem', '11'),
(761, 705, 'lovesong', '0'),
(762, 705, 'hopamchinh', 'Dm'),
(763, 706, 'luotxem', '23'),
(764, 706, 'lovesong', '0'),
(765, 706, 'hopamchinh', 'Am');

-- --------------------------------------------------------

--
-- Cấu trúc bảng cho bảng `type`
--

CREATE TABLE `type` (
  `id` int(11) NOT NULL,
  `type_name` varchar(25) CHARACTER SET utf8 COLLATE utf8_general_ci NOT NULL,
  `type_slug` varchar(25) CHARACTER SET utf8 COLLATE utf8_general_ci NOT NULL
) ENGINE=InnoDB DEFAULT CHARSET=utf8;

--
-- Đang đổ dữ liệu cho bảng `type`
--

INSERT INTO `type` (`id`, `type_name`, `type_slug`) VALUES
(1, 'chuyên mục', 'chuyen-muc'),
(2, 'tác giả', 'tac-gia'),
(3, 'bảng chữ cái', 'bang-chu-cai'),
(4, 'điệu bài hát', 'dieu-bai-hat');

-- --------------------------------------------------------

--
-- Cấu trúc bảng cho bảng `user`
--

CREATE TABLE `user` (
  `id` int(11) NOT NULL,
  `username` varchar(55) CHARACTER SET utf8 COLLATE utf8_general_ci NOT NULL,
  `password` varchar(55) NOT NULL,
  `name` varchar(55) NOT NULL,
  `email` varchar(55) NOT NULL,
  `dateregister` varchar(20) NOT NULL,
  `displayname` varchar(55) NOT NULL
) ENGINE=InnoDB DEFAULT CHARSET=utf8;

--
-- Đang đổ dữ liệu cho bảng `user`
--

INSERT INTO `user` (`id`, `username`, `password`, `name`, `email`, `dateregister`, `displayname`) VALUES
(1, 'admin', '92eb5ffee6ae2fec3ad71c777531578f', 'Hoàng Minh Ngọc', 'admin@hopamthanhca.com', '2020/10/5 15:58:00', 'Minhngoc.ith');

--
-- Chỉ mục cho các bảng đã đổ
--

--
-- Chỉ mục cho bảng `cat`
--
ALTER TABLE `cat`
  ADD PRIMARY KEY (`id`);

--
-- Chỉ mục cho bảng `cattype`
--
ALTER TABLE `cattype`
  ADD PRIMARY KEY (`id`);

--
-- Chỉ mục cho bảng `options`
--
ALTER TABLE `options`
  ADD PRIMARY KEY (`id`);

--
-- Chỉ mục cho bảng `song`
--
ALTER TABLE `song`
  ADD PRIMARY KEY (`id`);

--
-- Chỉ mục cho bảng `songcat`
--
ALTER TABLE `songcat`
  ADD PRIMARY KEY (`id`);

--
-- Chỉ mục cho bảng `songmeta`
--
ALTER TABLE `songmeta`
  ADD PRIMARY KEY (`id`);

--
-- Chỉ mục cho bảng `type`
--
ALTER TABLE `type`
  ADD PRIMARY KEY (`id`);

--
-- Chỉ mục cho bảng `user`
--
ALTER TABLE `user`
  ADD PRIMARY KEY (`id`);

--
-- AUTO_INCREMENT cho các bảng đã đổ
--

--
-- AUTO_INCREMENT cho bảng `cat`
--
ALTER TABLE `cat`
  MODIFY `id` int(11) NOT NULL AUTO_INCREMENT, AUTO_INCREMENT=224;

--
-- AUTO_INCREMENT cho bảng `cattype`
--
ALTER TABLE `cattype`
  MODIFY `id` int(11) NOT NULL AUTO_INCREMENT, AUTO_INCREMENT=144;

--
-- AUTO_INCREMENT cho bảng `options`
--
ALTER TABLE `options`
  MODIFY `id` int(11) NOT NULL AUTO_INCREMENT;

--
-- AUTO_INCREMENT cho bảng `song`
--
ALTER TABLE `song`
  MODIFY `id` int(11) NOT NULL AUTO_INCREMENT, AUTO_INCREMENT=707;

--
-- AUTO_INCREMENT cho bảng `songcat`
--
ALTER TABLE `songcat`
  MODIFY `id` int(11) NOT NULL AUTO_INCREMENT, AUTO_INCREMENT=1023;

--
-- AUTO_INCREMENT cho bảng `songmeta`
--
ALTER TABLE `songmeta`
  MODIFY `id` int(11) NOT NULL AUTO_INCREMENT, AUTO_INCREMENT=766;

--
-- AUTO_INCREMENT cho bảng `type`
--
ALTER TABLE `type`
  MODIFY `id` int(11) NOT NULL AUTO_INCREMENT, AUTO_INCREMENT=5;

--
-- AUTO_INCREMENT cho bảng `user`
--
ALTER TABLE `user`
  MODIFY `id` int(11) NOT NULL AUTO_INCREMENT, AUTO_INCREMENT=2;
COMMIT;

/*!40101 SET CHARACTER_SET_CLIENT=@OLD_CHARACTER_SET_CLIENT */;
/*!40101 SET CHARACTER_SET_RESULTS=@OLD_CHARACTER_SET_RESULTS */;
/*!40101 SET COLLATION_CONNECTION=@OLD_COLLATION_CONNECTION */;
